match,playerA,playerB,surface,A_points,B_Points
904,460,1," Hard",1.0000,0.5000
1153,233,1," Hard",0.6667,0.4000
1905,245,1," Clay",0.5000,0.4286
3399,230,2," Clay",0.8333,0.6000
1145,46,3," Hard",0.6667,0.2857
1189,142,3," Hard",0.7500,0.5714
27,428,4," Hard",0.8182,0.5000
142,358,4," Hard",0.0000,0.2000
1339,277,4," Hard",0.6000,0.6250
1889,287,4," Clay",0.6667,0.5714
2333,90,4," Hard",1.0000,0.7000
2634,215,4," Hard",0.8000,0.6364
599,140,5," Hard",0.4000,0.2000
724,435,5," Hard",1.0000,0.7143
1618,118,5," Hard",1.0000,0.3333
2759,173,5," Hard",0.0000,0.0000
2666,8,6," Hard",1.0000,0.5000
17,422,7," Hard",0.8000,0.5556
273,371,7," Clay",0.6667,0.6000
1173,125,7," Hard",0.0000,0.5000
1746,424,7," Hard",0.7143,0.5000
2231,384,7," Clay",NULL,0.2000
2344,462,7," Hard",0.0000,0.5000
2642,4,7," Hard",0.0000,0.7143
3146,410,7," Hard",0.7500,0.7500
3472,456,7," Clay",1.0000,0.6000
3531,80,7," Hard",1.0000,0.5000
1612,174,8," Hard",0.8000,0.7857
1962,244,8," Clay",0.7692,0.5556
2151,260,8," Clay",0.7273,0.5556
2252,163,8," Clay",NULL,0.8333
2361,121,8," Hard",0.0000,0.6364
2660,380,8," Hard",0.5000,0.3333
2846,444,8," Hard",0.3333,0.5714
315,220,9," Clay",0.5000,0.5333
380,241,9," Hard",1.0000,0.2857
656,197,9," Hard",0.8333,0.6667
1604,141,9," Hard",0.6250,0.5833
1940,163,9," Clay",0.6667,0.5714
2360,211,9," Hard",0.6923,0.4000
2628,215,9," Hard",0.0000,0.7273
2843,380,9," Hard",0.7692,0.5000
1252,127,10," Hard",0.5000,0.6364
1974,372,10," Clay",0.8571,0.5000
2548,456,11," Clay",0.8182,0.5455
3487,324,11," Clay",0.8000,0.6250
478,122,12," Hard",0.5714,0.2857
921,205,12," Hard",0.5714,0.0000
1075,327,12," Hard",0.3333,0.5455
2745,385,12," Hard",1.0000,0.3333
3154,456,12," Hard",0.8000,0.7857
3548,71,12," Hard",0.6250,0.4286
1035,197,13," Hard",0.0000,0.2857
75,136,14," Clay",0.7000,0.6667
106,176,14," Clay",0.6000,0.5000
155,379,14," Clay",0.5000,0.5833
233,53,14," Clay",0.0000,0.4286
264,208,14," Clay",0.0000,0.5000
1357,419,14," Clay",0.8750,0.3333
1483,226,14," Clay",0.8000,0.7000
1894,371,14," Clay",0.7143,0.6250
2051,281,14," Clay",NULL,0.0000
2164,275,14," Clay",0.8571,0.3333
3204,1,14," Clay",0.7500,0.2857
3384,174,14," Clay",0.5000,0.4000
81,133,15," Clay",1.0000,0.5556
1204,30,16," Hard",NULL,0.5714
417,199,17," Hard",NULL,0.6667
975,51,17," Hard",0.7143,0.3750
1694,233,17," Hard",0.7500,0.2500
1789,55,17," Hard",0.8000,0.3333
2395,366,17," Clay",1.0000,0.3333
2549,235,17," Clay",0.6667,0.5714
455,36,18," Hard",0.3750,0.5625
778,79,18," Hard",0.7778,0.5556
837,314,19," Hard",1.0000,0.5000
2304,417,19," Hard",NULL,0.0000
2569,265,19," Clay",0.5000,0.6000
3340,302,19," Hard",0.2000,0.5556
89,325,20," Hard",0.6000,0.5455
3182,339,21," Hard",NULL,0.7143
673,70,22," Hard",0.8000,0.8182
951,271,22," Hard",0.5000,0.6364
1210,103,22," Hard",1.0000,0.7143
1331,92,22," Hard",0.5833,0.3750
1946,380,22," Clay",NULL,0.3750
2337,272,22," Hard",1.0000,0.4000
2633,384,22," Hard",0.5000,0.8000
2839,403,22," Hard",0.6667,0.6000
2191,83,23," Clay",0.0000,0.3750
1775,337,24," Hard",0.6667,0.5455
1850,57,24," Hard",NULL,0.1667
3550,307,24," Hard",0.3333,0.7778
53,89,25," Hard",NULL,0.4286
770,265,25," Hard",1.0000,0.4286
2149,147,26," Clay",0.6000,0.5385
2268,147,26," Clay",1.0000,0.4286
2366,163,26," Hard",0.3333,0.5000
19,325,27," Hard",1.0000,0.6667
289,84,27," Clay",0.5556,0.5556
563,241,27," Hard",0.6667,0.0000
687,368,27," Hard",0.7778,0.6667
840,368,27," Hard",0.7500,0.6000
1113,241,27," Hard",NULL,NULL
1551,17,27," Hard",1.0000,0.7273
1695,489,27," Hard",0.0000,0.6000
2070,47,27," Clay",0.0000,0.4286
1038,201,28," Hard",0.3333,0.3333
1253,121,28," Hard",0.8000,0.6667
2251,48,28," Clay",0.0000,0.1667
326,55,29," Hard",NULL,0.7000
589,274,29," Hard",1.0000,0.7000
1155,421,29," Hard",NULL,0.5556
1743,336,29," Hard",NULL,0.4000
2000,276,29," Hard",0.0000,0.5556
2050,379,29," Clay",0.6667,0.2857
2441,55,29," Clay",0.7500,0.7500
2698,169,29," Clay",1.0000,0.5714
2903,71,29," Clay",0.5833,0.5385
3209,393,29," Clay",1.0000,0.2500
3584,326,29," Clay",0.5000,0.4444
1178,157,30," Hard",0.6667,0.4286
2111,64,30," Clay",0.5000,0.6923
2217,384,30," Clay",0.8889,0.5000
3163,11,30," Hard",0.8889,0.6667
3485,85,30," Clay",NULL,0.5000
3611,90,30," Clay",0.7143,0.7143
103,387,31," Clay",0.8000,0.6250
670,9,31," Hard",0.2500,0.0000
805,446,31," Hard",1.0000,0.6000
1365,226,31," Clay",1.0000,0.7000
1955,442,31," Clay",0.5000,0.2500
2104,55,31," Clay",0.0000,0.2857
2578,245,31," Clay",0.6250,0.6923
2772,294,31," Clay",0.5556,0.7500
3056,291,31," Clay",0.0000,0.1667
1915,116,32," Clay",0.6667,0.6667
3219,244,32," Clay",NULL,0.0000
14,325,33," Hard",0.7143,0.6667
122,287,33," Hard",0.8182,0.5556
1824,329,34," Hard",1.0000,0.7500
243,376,35," Clay",0.3750,0.3333
281,282,35," Clay",0.0000,0.2500
1208,438,35," Hard",0.6000,0.7000
1368,168,35," Clay",0.6667,0.5714
1494,168,35," Clay",NULL,0.6364
1897,419,35," Clay",0.7500,0.3750
3217,226,35," Clay",0.5000,0.3333
2371,60,36," Hard",0.4286,0.5455
439,199,37," Hard",0.6667,0.3333
739,484,37," Hard",0.6000,0.4000
960,36,37," Hard",0.6000,0.6923
1268,162,37," Hard",1.0000,0.5000
1426,178,37," Hard",0.6154,0.6667
2540,366,37," Clay",1.0000,0.8000
3404,230,38," Clay",NULL,0.3333
659,172,39," Hard",0.7500,0.1667
820,31,39," Hard",0.7500,1.0000
1021,99,39," Hard",0.4000,0.5000
1217,103,39," Hard",NULL,0.5000
1351,406,39," Hard",0.3333,0.5000
1597,460,39," Hard",0.5000,0.0000
1841,99,39," Hard",NULL,0.4444
2110,229,39," Clay",NULL,0.6000
2249,78,39," Clay",1.0000,0.2500
2336,92,39," Hard",0.7143,0.6667
2631,9,39," Hard",0.0000,0.5000
2831,90,39," Hard",1.0000,0.7143
3545,435,39," Hard",1.0000,0.6000
936,12,40," Hard",0.5000,0.3333
1609,99,40," Hard",0.6000,0.4286
2562,329,40," Clay",1.0000,0.7143
3017,309,40," Clay",0.6250,0.2222
3630,3,40," Clay",0.5000,0.5455
2872,138,41," Hard",1.0000,0.6250
1312,69,42," Hard",0.7500,0.0000
1065,327,43," Hard",NULL,0.6250
836,172,44," Hard",0.6250,0.5385
440,17,45," Hard",0.8000,0.5000
861,465,45," Hard",0.6667,0.4444
900,233,45," Hard",0.3333,0.4286
1384,229,45," Clay",NULL,0.3333
1495,352,45," Clay",0.5000,0.3846
1901,245,45," Clay",0.8182,0.7778
2080,136,45," Clay",0.8462,0.1667
2196,303,45," Clay",0.5714,0.5556
3268,166,45," Clay",0.0000,0.2857
3596,29,45," Clay",0.5625,0.6190
2078,205,46," Clay",0.5455,0.5714
2199,365,46," Clay",0.7143,0.7143
905,289,47," Hard",0.5000,0.3750
2793,31,47," Clay",0.7500,0.4000
3470,281,47," Clay",0.6667,0.5455
661,264,48," Hard",0.7500,0.5000
1233,380,48," Hard",0.7500,0.5000
1664,321,48," Hard",0.5000,0.5000
1936,223,48," Clay",1.0000,0.3750
2243,229,48," Clay",0.7500,0.6364
314,135,49," Clay",0.5000,0.4444
480,143,50," Hard",0.0000,0.5455
2375,258,50," Hard",0.5000,0.7000
2678,147,50," Hard",0.6364,0.5000
2876,260,50," Hard",0.9231,0.8571
524,144,51," Hard",0.5000,0.5455
961,97,51," Hard",0.7273,0.7619
2984,214,52," Clay",NULL,0.6000
131,371,53," Hard",0.7143,0.4444
627,70,53," Hard",1.0000,0.7143
1641,321,53," Hard",0.5000,0.5000
182,161,54," Hard",1.0000,0.6667
1697,458,54," Hard",0.3333,0.5556
1817,235,54," Hard",0.8333,0.4286
318,271,55," Hard",0.0000,0.6154
1787,267,55," Hard",1.0000,0.0000
2102,64,55," Clay",1.0000,0.5455
2917,71,55," Clay",0.5556,0.6364
3374,345,55," Clay",0.8000,0.8889
1244,121,56," Hard",1.0000,0.6667
1983,78,56," Clay",0.3333,0.5455
2861,73,56," Hard",0.4000,0.3333
203,484,57," Clay",NULL,0.3750
1332,204,57," Hard",1.0000,0.6000
1832,112,57," Hard",0.5000,0.8000
2994,439,57," Clay",1.0000,0.5000
3250,168,57," Clay",0.7500,0.4286
447,36,58," Hard",1.0000,0.8889
755,71,58," Hard",1.0000,0.5000
2242,223,58," Clay",0.7500,0.2500
2341,4,58," Hard",0.7500,0.6000
2653,103,58," Hard",0.8000,0.8000
2841,4,58," Hard",0.5000,0.4286
176,99,59," Hard",0.8000,0.3333
411,199,59," Hard",0.3333,0.4444
650,172,59," Hard",0.3333,0.6250
813,197,59," Hard",0.5000,0.5556
1584,99,59," Hard",1.0000,0.5000
1853,127,59," Hard",0.8000,0.7143
2328,272,59," Hard",1.0000,0.3333
2647,9,59," Hard",0.8333,0.2500
2950,460,59," Hard",0.5000,0.5385
3324,266,59," Hard",0.6667,0.7059
42,369,60," Hard",0.4000,0.5833
450,74,60," Hard",0.7778,0.5000
760,37,60," Hard",0.8333,0.7692
965,280,60," Hard",0.5714,0.4000
1266,214,60," Hard",NULL,0.6667
2306,392,60," Hard",NULL,1.0000
2362,193,60," Hard",0.6667,0.4000
2842,138,60," Hard",0.5000,0.3333
2472,124,61," Clay",NULL,0.2000
782,240,62," Hard",1.0000,0.2857
115,252,63," Hard",0.8333,0.5714
132,215,63," Hard",0.6250,0.1667
207,484,63," Clay",0.0000,0.5625
374,241,63," Hard",1.0000,0.8462
638,311,63," Hard",0.7500,0.6923
2996,120,63," Clay",0.6000,0.2000
1223,438,65," Hard",0.5000,0.5714
3137,410,65," Hard",0.4000,0.5455
3480,257,65," Clay",NULL,0.5000
3608,381,65," Clay",0.5833,0.4000
1467,274,66," Clay",0.6000,0.6875
1928,263,66," Clay",0.5000,0.5714
2084,353,66," Clay",0.3750,0.5714
2369,8,66," Hard",0.5000,0.4000
2655,384,66," Hard",1.0000,0.7500
2828,90,66," Hard",NULL,0.5000
3604,255,66," Clay",0.4286,0.4000
506,487,67," Hard",0.7857,0.7143
3131,483,67," Hard",0.0000,0.4286
3349,19,67," Hard",NULL,0.8000
2307,190,68," Hard",0.4286,0.4000
1456,472,69," Hard",0.7143,0.2500
1569,390,69," Hard",0.8889,0.8000
1711,235,69," Hard",0.8000,0.4286
617,57,70," Hard",0.0000,0.6667
1028,311,70," Hard",0.5000,0.5000
1205,103,70," Hard",0.9000,0.4000
1361,168,70," Clay",0.0000,0.3750
1479,453,70," Clay",0.1667,0.6522
1829,112,70," Hard",1.0000,0.5556
2447,181,70," Clay",0.6667,0.1667
2684,342,70," Clay",0.7778,0.6000
3405,453,70," Clay",0.7500,0.6250
390,424,71," Hard",0.7500,0.5333
966,22,71," Hard",1.0000,0.4000
1319,460,71," Hard",0.5000,0.7333
1593,59,71," Hard",0.6667,0.2500
1838,57,71," Hard",0.6667,0.5000
2452,229,71," Clay",0.6667,0.1667
2890,181,71," Clay",0.4000,0.4286
3411,453,71," Clay",0.6667,0.6667
3534,193,71," Hard",1.0000,0.0000
1522,66,72," Clay",0.7000,0.4444
2856,127,73," Hard",0.5000,0.6429
56,336,74," Hard",0.5556,0.6000
444,280,74," Hard",0.7500,0.1667
1713,421,75," Hard",0.5000,0.3750
3132,472,75," Hard",0.8333,0.7000
1579,329,76," Hard",0.8333,0.5833
881,166,77," Hard",0.0000,0.7333
896,460,77," Hard",0.7143,0.6000
1102,306,77," Hard",0.6667,0.4000
1594,149,77," Hard",0.9000,0.6250
1740,447,77," Hard",0.5000,0.2000
1985,375,77," Hard",0.4000,0.6429
2991,214,77," Clay",0.7500,0.1667
1963,380,78," Clay",0.8182,0.1667
2108,31,78," Clay",0.5714,0.5000
2245,229,78," Clay",0.8000,0.5556
2382,253,78," Hard",0.6667,0.4444
3246,381,78," Clay",0.5000,0.6000
3494,47,78," Clay",NULL,0.2500
539,51,79," Hard",0.7500,0.3333
2729,94,80," Hard",0.8000,0.7895
3526,177,80," Hard",0.0000,0.4286
80,136,81," Clay",0.6667,0.7500
200,384,81," Clay",0.5000,0.5000
2855,462,81," Hard",1.0000,0.5000
2747,259,82," Hard",0.5000,0.5714
1512,353,83," Clay",0.4000,0.6842
1909,269,83," Clay",1.0000,0.0000
2053,271,83," Clay",1.0000,0.4000
2473,168,83," Clay",1.0000,0.5000
3252,125,83," Clay",0.7647,0.6667
1193,270,84," Hard",1.0000,0.4000
1764,172,84," Hard",0.5556,0.4000
2020,77,84," Hard",1.0000,0.5000
2201,83,84," Clay",0.0000,0.4286
3236,381,84," Clay",0.5000,0.4167
78,354,85," Clay",0.6000,0.5714
196,353,85," Clay",1.0000,0.6667
1942,272,85," Clay",0.6667,0.7143
2129,374,85," Clay",0.8333,0.6250
2230,30,85," Clay",0.7778,0.4444
3049,355,85," Clay",0.5714,0.3333
3610,405,85," Clay",1.0000,0.4286
1418,424,86," Hard",0.8750,0.4545
1444,177,86," Hard",0.0000,0.3750
2979,206,87," Hard",0.0000,0.7059
3346,265,87," Hard",NULL,0.5455
363,152,88," Hard",0.5000,0.6429
498,487,88," Hard",0.5000,0.5455
426,280,89," Hard",0.8000,0.6667
334,143,90," Hard",0.5000,0.5455
749,155,90," Hard",0.6250,0.5000
967,243,90," Hard",0.8571,0.4286
1059,219,90," Hard",NULL,0.5714
2232,352,90," Clay",0.5556,0.2000
2656,223,90," Hard",0.8000,0.2500
2826,4,90," Hard",0.5000,0.1667
3583,157,90," Clay",0.4000,0.5000
2607,490,91," Clay",0.5000,0.6923
116,4,92," Hard",0.7000,0.4286
210,326,92," Clay",0.7500,0.6875
429,345,92," Hard",0.5455,0.5000
620,70,92," Hard",0.8000,0.0000
1314,287,92," Hard",0.0000,0.1667
1837,112,92," Hard",0.7500,0.0000
2120,39,92," Clay",NULL,0.5000
2330,352,92," Hard",0.5000,0.5455
2637,39,92," Hard",0.6667,0.3333
3386,183,92," Clay",1.0000,0.6250
1402,308,93," Clay",1.0000,0.7500
863,287,94," Hard",0.5556,0.5333
2019,455,94," Hard",NULL,0.0000
2726,262,94," Hard",0.7778,0.6364
3530,259,94," Hard",0.6000,0.5833
889,388,95," Hard",1.0000,0.6000
1920,353,96," Clay",0.6667,0.3333
2085,281,96," Clay",0.5000,0.5714
443,199,97," Hard",1.0000,0.5000
748,271,97," Hard",0.8000,0.7500
2298,162,97," Hard",1.0000,0.7500
3331,488,97," Hard",1.0000,0.0000
3542,80,97," Hard",0.0000,0.5000
125,393,98," Hard",1.0000,0.3333
3479,353,98," Clay",0.8333,0.0000
11,226,99," Hard",0.8000,0.5000
169,63,99," Hard",0.7500,0.3333
794,266,99," Hard",0.6667,0.5714
1828,112,99," Hard",1.0000,0.6667
2688,342,99," Clay",0.8571,0.6667
3512,339,100," Clay",0.3333,0.2500
672,406,101," Hard",0.7778,0.6250
282,113,102," Clay",0.5000,0.7143
1123,77,102," Hard",1.0000,0.6923
1991,375,102," Hard",NULL,1.0000
2494,83,102," Clay",0.6667,0.5000
3431,136,102," Clay",0.5000,0.6250
393,9,103," Hard",0.7500,0.3750
807,239,103," Hard",0.0000,0.6000
1325,71,103," Hard",0.8000,0.7273
1858,153,103," Hard",0.6667,0.7500
2345,352,103," Hard",0.9091,0.7143
3398,84,104," Clay",1.0000,0.6250
1274,214,105," Hard",0.8000,0.2000
1419,162,105," Hard",0.5000,0.7000
1538,267,105," Hard",0.6429,0.4444
1696,433,105," Hard",0.3333,0.4000
1797,199,105," Hard",0.3333,0.7273
2404,459,105," Clay",0.7500,0.6667
2941,433,105," Hard",0.2500,0.3750
3108,141,105," Hard",0.0000,0.6154
3319,489,105," Hard",0.2500,0.5000
2516,125,106," Clay",NULL,0.3333
3612,84,106," Clay",0.6667,0.5000
33,428,107," Hard",1.0000,0.5000
2436,420,108," Clay",0.3333,0.4286
2916,70,108," Clay",0.3333,0.4444
3016,426,109," Clay",0.5000,0.6000
3237,244,110," Clay",0.8333,0.5556
2276,371,111," Hard",0.7500,0.4286
2965,105,111," Hard",0.6000,0.3636
3321,141,111," Hard",0.2500,0.4167
24,7,113," Hard",1.0000,0.5000
232,376,113," Clay",0.7500,0.7857
696,252,113," Hard",0.6667,0.5000
1887,122,113," Clay",1.0000,0.6250
3362,235,113," Clay",1.0000,0.2500
1770,166,114," Hard",0.5000,0.2000
3421,263,115," Clay",0.8182,0.5000
1906,45,116," Clay",0.6667,0.5000
3082,96,116," Clay",0.6364,0.3333
775,399,117," Hard",NULL,0.5556
1001,407,117," Hard",0.8000,0.3750
888,166,118," Hard",0.8571,0.6667
1613,40,118," Hard",0.3333,0.5000
1765,337,118," Hard",0.7778,0.5000
2763,82,118," Hard",1.0000,0.7143
237,387,119," Clay",NULL,0.7273
1996,233,119," Hard",NULL,0.6667
2486,168,119," Clay",0.8333,0.4286
3491,281,119," Clay",0.5714,0.7000
895,340,120," Hard",0.6667,0.7500
1644,289,120," Hard",0.6250,0.6667
1993,299,120," Hard",0.2500,0.5000
2500,119,120," Clay",0.8462,0.5000
2986,52,120," Clay",0.6923,0.8000
1235,243,121," Hard",0.2500,0.4444
1966,354,121," Clay",0.6667,0.3750
2123,223,121," Clay",0.4000,0.6364
2257,138,121," Clay",0.8571,0.1667
2357,193,121," Hard",0.6667,0.5833
2675,6,121," Hard",0.7692,0.5000
222,27,122," Clay",0.5000,0.0000
464,271,122," Hard",0.6000,0.7000
1064,90,122," Hard",0.8750,0.0000
1484,374,122," Clay",0.0000,0.7778
1878,422,122," Clay",0.0000,0.6667
2059,29,122," Clay",1.0000,0.4000
2701,181,122," Clay",0.5000,0.4444
2899,169,122," Clay",0.4286,0.7500
2528,365,123," Clay",0.6667,0.2000
2254,225,124," Clay",0.5000,0.5556
2465,149,124," Clay",1.0000,0.7000
291,287,125," Clay",0.6667,0.7000
1884,168,125," Clay",1.0000,0.4000
214,103,126," Clay",0.4286,0.5385
412,59,126," Hard",0.9091,0.5000
738,424,126," Hard",NULL,0.5714
974,36,126," Hard",0.6000,0.5000
1214,70,126," Hard",0.8889,0.0000
1343,358,126," Hard",NULL,0.5000
1585,460,126," Hard",0.5000,0.6000
1952,9,126," Clay",0.5000,0.7647
2431,169,126," Clay",0.5000,0.6667
2699,70,126," Clay",1.0000,0.5556
2913,237,126," Clay",0.5000,0.5455
3429,326,126," Clay",0.6667,0.2857
1348,277,127," Hard",0.7500,0.6923
1840,393,127," Hard",1.0000,0.6000
2116,31,127," Clay",0.6000,0.5000
2848,384,127," Hard",1.0000,0.8571
3626,84,127," Clay",0.0000,0.2500
2277,162,128," Hard",1.0000,0.6667
321,55,129," Hard",0.5000,0.7692
808,299,129," Hard",0.7143,0.8000
2523,263,129," Clay",0.6000,0.7500
2742,172,129," Hard",0.5000,0.7500
3492,201,129," Clay",0.7500,0.3333
54,459,130," Hard",NULL,0.4286
2147,139,131," Clay",NULL,NULL
3445,195,131," Clay",0.7500,0.3750
1372,136,132," Clay",0.7143,0.4444
1485,442,132," Clay",NULL,0.4286
1945,223,132," Clay",0.0000,0.4286
2131,31,132," Clay",0.8824,0.6667
2215,384,132," Clay",0.0000,0.4444
2453,358,132," Clay",0.5000,0.6000
1477,66,133," Clay",0.5000,0.2500
1937,380,133," Clay",0.8000,0.2857
2114,475,133," Clay",NULL,0.5000
2237,462,133," Clay",0.3333,0.8000
2424,181,133," Clay",0.4444,0.2500
2696,99,133," Clay",0.6667,0.7000
3162,119,134," Hard",NULL,0.7500
3482,456,134," Clay",1.0000,0.5556
307,223,135," Clay",0.3333,0.1667
1950,354,135," Clay",0.6667,0.5000
2121,64,135," Clay",0.5000,0.4000
2248,30,135," Clay",0.7778,0.0000
2449,108,135," Clay",0.7778,0.7273
391,161,136," Hard",0.4000,0.4444
725,275,136," Hard",NULL,0.0000
1359,419,136," Clay",NULL,0.6667
1904,263,136," Clay",0.6667,0.3333
2073,274,136," Clay",NULL,0.5000
2075,83,136," Clay",0.3750,0.6154
2188,275,136," Clay",0.6000,0.4444
2349,272,136," Hard",0.0000,0.4286
2663,193,136," Hard",0.3333,0.6000
3437,115,136," Clay",0.4000,0.5000
3607,157,136," Clay",0.5000,0.6667
1245,260,137," Hard",0.8750,0.3333
1967,164,137," Clay",1.0000,0.2500
2378,26,137," Hard",0.4286,0.5833
2680,448,137," Hard",0.0000,0.6667
1042,13,138," Hard",0.6667,0.0000
1968,8,138," Clay",0.6667,0.0000
2133,229,138," Clay",0.6429,0.5000
2250,229,138," Clay",NULL,0.5000
2367,9,138," Hard",0.3333,0.6667
2668,448,138," Hard",1.0000,0.5000
2833,4,138," Hard",0.6364,0.4545
1256,137,139," Hard",0.0000,0.4444
1862,450,139," Hard",NULL,0.2500
2139,78,139," Clay",0.8000,0.4000
2870,186,139," Hard",0.5000,0.5556
583,327,140," Hard",0.5714,0.6667
1171,458,140," Hard",0.5000,0.4444
3493,329,140," Clay",0.6000,0.5000
9,358,141," Hard",1.0000,0.6364
175,63,141," Hard",0.5000,0.4167
623,299,141," Hard",0.0000,0.3333
812,48,141," Hard",NULL,0.7692
1005,103,141," Hard",0.6667,0.5000
1834,99,141," Hard",1.0000,0.7692
2338,215,141," Hard",0.0000,0.4000
2630,215,141," Hard",0.8000,0.4444
3096,266,141," Hard",0.2500,0.3333
3303,297,141," Hard",1.0000,0.5556
2197,245,142," Clay",1.0000,0.0000
2515,83,142," Clay",0.4000,0.4545
3593,157,142," Clay",NULL,0.4000
325,271,143," Hard",1.0000,0.2000
471,271,143," Hard",0.8333,0.4444
83,125,144," Hard",0.0000,0.5000
516,462,144," Hard",0.7273,0.6667
2209,136,145," Clay",NULL,0.3333
839,394,146," Hard",0.7143,0.4286
3451,228,146," Clay",0.3333,0.3750
1236,406,147," Hard",0.6667,0.5833
1396,165,147," Clay",0.8333,0.2857
1521,181,147," Clay",0.6250,0.4615
1976,121,147," Clay",0.6667,0.3333
2134,78,147," Clay",NULL,0.6429
2255,135,147," Clay",0.7500,0.2000
2380,9,147," Hard",NULL,0.6923
2667,225,147," Hard",0.5000,0.5714
301,342,148," Clay",0.7273,0.7857
1610,222,148," Hard",0.0000,0.7778
295,342,149," Clay",0.6000,0.5000
1587,59,149," Hard",NULL,NULL
2450,174,149," Clay",0.6154,0.5000
2898,311,149," Clay",0.6250,0.5000
3064,102,150," Clay",0.6250,0.4444
3597,459,150," Clay",0.6000,0.5556
257,446,151," Clay",1.0000,0.4000
3424,355,151," Clay",0.0000,0.4444
350,143,152," Hard",0.4000,0.4000
473,129,152," Hard",0.8333,0.4286
2978,483,152," Hard",0.8000,0.3333
3540,94,152," Hard",0.6000,0.0000
95,133,153," Clay",0.8125,0.5789
1474,226,153," Clay",0.5000,0.4000
1842,141,153," Hard",0.6000,0.3333
2169,464,153," Clay",1.0000,0.3333
2483,83,153," Clay",0.3000,0.4286
3041,355,153," Clay",NULL,0.2500
526,36,154," Hard",1.0000,0.5455
765,265,154," Hard",1.0000,0.6429
244,113,155," Clay",0.8889,0.3333
356,143,155," Hard",0.5714,0.5556
740,271,155," Hard",1.0000,0.7143
999,330,155," Hard",0.6364,0.5385
1067,40,155," Hard",1.0000,0.5000
1558,302,155," Hard",0.3333,0.0000
1725,69,155," Hard",0.5455,0.5385
1808,105,155," Hard",0.7778,0.6364
2755,340,155," Hard",0.6667,0.7692
3055,153,156," Clay",0.6250,0.3750
1163,29,157," Hard",0.4000,0.7000
1704,55,157," Hard",1.0000,0.7500
1917,428,157," Clay",0.6923,0.5455
2089,220,157," Clay",0.3000,0.3333
2771,166,157," Clay",0.3333,0.3333
3195,1,157," Clay",0.8333,0.6667
758,426,158," Hard",1.0000,0.6000
970,424,158," Hard",0.5000,0.0000
1849,71,158," Hard",NULL,0.4000
933,205,159," Hard",0.6667,0.7500
1643,325,160," Hard",0.6923,0.6154
70,465,161," Hard",1.0000,0.0000
370,342,161," Hard",0.8333,0.7500
677,375,161," Hard",0.8333,0.6364
867,458,161," Hard",0.0000,0.4444
1179,29,161," Hard",0.5000,0.5000
1608,77,161," Hard",1.0000,0.7500
2786,157,161," Clay",NULL,0.3750
3048,411,161," Clay",0.7500,0.6250
3434,71,161," Clay",0.5000,0.2857
1414,481,162," Hard",0.8889,0.8000
1552,398,162," Hard",0.5000,0.6364
1700,398,162," Hard",0.7143,0.6250
2273,371,162," Hard",1.0000,0.5000
2411,383,162," Clay",0.5000,0.2500
3313,277,162," Hard",0.0000,0.4286
73,379,163," Clay",1.0000,0.6000
2246,48,163," Clay",0.7143,0.9231
2658,384,163," Hard",0.6000,0.5000
2849,90,163," Hard",0.6000,0.6667
1407,165,164," Clay",0.6923,0.6667
1961,354,164," Clay",0.4000,0.5556
1389,228,165," Clay",1.0000,0.5000
1515,223,165," Clay",0.5455,0.2857
864,455,166," Hard",0.5455,0.6471
1998,102,166," Hard",NULL,0.5000
2625,205,167," Clay",0.6667,0.2857
101,274,168," Clay",0.7500,0.6667
427,447,168," Hard",0.5000,0.5455
1473,274,168," Clay",1.0000,0.4286
1870,422,168," Clay",1.0000,0.5000
2048,346,168," Clay",0.5000,0.7273
2172,294,168," Clay",0.7500,0.5000
2985,214,168," Clay",0.6667,0.3000
3248,166,168," Clay",0.7000,0.6154
77,163,169," Clay",0.9167,0.3333
97,387,169," Clay",0.5714,0.6667
160,14,169," Clay",0.6000,0.2857
644,420,169," Hard",0.0000,0.2857
2239,211,169," Clay",0.8333,0.8000
2689,70,169," Clay",0.5000,0.4444
2894,181,169," Clay",0.7143,0.6667
3024,40,170," Clay",1.0000,0.8333
515,33,171," Hard",0.5000,0.6250
823,129,172," Hard",0.7333,0.6250
1036,237,172," Hard",0.0000,0.5000
1731,166,172," Hard",1.0000,0.5000
1926,136,172," Clay",0.6667,0.4000
2099,66,172," Clay",0.3636,0.5000
2728,262,172," Hard",NULL,0.5000
3336,225,172," Hard",0.6667,0.4286
2730,295,173," Hard",0.6667,0.6667
141,148,174," Hard",1.0000,0.0000
430,302,174," Hard",0.8571,0.5556
632,141,174," Hard",0.5000,0.7500
1327,287,174," Hard",0.5714,0.7222
1596,197,174," Hard",0.9091,0.5000
2430,229,174," Clay",NULL,0.4444
2700,326,174," Clay",0.5000,0.6250
2909,122,174," Clay",0.5000,0.1667
3363,207,174," Clay",0.7500,0.1667
665,277,175," Hard",1.0000,0.5714
98,442,176," Clay",0.8889,0.6667
1476,387,176," Clay",0.3333,0.7500
1499,132,176," Clay",0.8333,0.5000
3392,323,176," Clay",0.7143,0.3636
3606,142,176," Clay",0.8000,0.6364
939,46,177," Hard",0.6000,0.4444
1138,212,177," Hard",0.7500,0.4286
1304,331,177," Hard",0.8000,0.4000
1416,433,177," Hard",0.5000,0.2000
1685,398,177," Hard",0.5000,0.5833
2732,262,177," Hard",0.7500,0.7143
3156,234,177," Hard",0.4286,0.2857
3320,198,177," Hard",NULL,0.5833
1297,265,178," Hard",0.8000,0.7143
1417,219,178," Hard",0.6667,0.5455
3350,302,179," Hard",1.0000,0.7143
508,290,180," Hard",0.0000,0.3750
1378,14,181," Clay",0.5714,0.2500
1508,66,181," Clay",1.0000,0.5000
2682,342,181," Clay",0.5000,0.4286
406,9,182," Hard",0.7500,0.6667
1774,84,182," Hard",0.7778,0.5000
2016,77,183," Hard",0.6923,0.5000
2738,383,183," Hard",0.6364,0.3333
3371,207,183," Clay",0.6000,0.4444
234,346,184," Clay",0.0000,0.4444
671,197,184," Hard",0.3333,0.5556
1031,198,184," Hard",NULL,0.5455
1918,283,184," Clay",0.4000,0.6667
2530,83,184," Clay",0.7000,0.6364
3220,374,184," Clay",0.8000,0.6429
185,486,185," Hard",0.8333,0.2857
1970,78,186," Clay",1.0000,0.5714
2264,301,186," Clay",0.2857,0.4545
2862,448,186," Hard",0.0000,0.3333
194,208,187," Clay",1.0000,0.5455
1958,268,187," Clay",NULL,0.2857
2127,133,187," Clay",0.4000,0.5455
360,129,188," Hard",0.0000,0.6471
2141,359,189," Clay",0.3333,0.2000
774,155,190," Hard",0.3846,0.4500
985,51,190," Hard",0.8000,0.5000
1566,155,190," Hard",0.2000,0.4615
2287,198,190," Hard",1.0000,0.6000
2302,392,190," Hard",0.3333,0.5000
3124,484,190," Hard",0.0000,0.7500
2971,190,191," Hard",0.7333,0.6000
3128,265,191," Hard",1.0000,0.4286
3356,172,191," Hard",0.6667,0.5385
791,399,192," Hard",0.0000,0.8235
1000,310,192," Hard",1.0000,0.7000
2346,268,193," Hard",1.0000,0.8333
2635,141,193," Hard",0.6667,0.2000
2736,173,193," Hard",0.9000,0.5714
3522,177,193," Hard",0.3333,0.5455
82,211,194," Clay",NULL,0.0000
3061,208,195," Clay",0.7500,0.3750
3438,222,195," Clay",0.7000,0.4444
3633,115,195," Clay",1.0000,0.5000
1649,321,196," Hard",0.5000,0.5833
649,70,197," Hard",0.7500,0.5556
802,198,197," Hard",0.8000,0.0000
1015,342,197," Hard",0.0000,0.5556
1588,99,197," Hard",NULL,0.6667
1614,392,197," Hard",1.0000,0.2000
2459,359,197," Clay",0.6154,0.4000
2707,311,197," Clay",0.4286,0.3333
2746,80,197," Hard",0.5000,0.2500
327,129,198," Hard",0.5000,0.7000
793,239,198," Hard",0.3333,0.3333
1422,447,198," Hard",0.6667,0.5556
2274,433,198," Hard",0.4286,0.6667
2945,456,198," Hard",1.0000,0.6667
3305,297,198," Hard",1.0000,0.3333
953,36,199," Hard",0.7143,0.6364
1423,433,199," Hard",0.5714,0.5714
1529,345,199," Hard",1.0000,0.2000
1691,464,199," Hard",0.7000,0.0000
1788,267,199," Hard",0.5556,0.6250
2936,219,199," Hard",0.6000,0.0000
3099,460,199," Hard",0.5000,0.6250
149,393,200," Hard",1.0000,0.5833
1376,31,200," Clay",0.7273,0.2857
1504,176,200," Clay",0.4000,0.5000
2064,83,200," Clay",0.5000,0.5000
646,172,201," Hard",0.2000,0.0000
1616,8,201," Hard",NULL,0.4000
2445,442,201," Clay",0.6667,0.3333
2737,295,201," Hard",0.0000,0.4545
3161,435,201," Hard",1.0000,0.4000
3477,281,201," Clay",0.4000,0.5385
3544,177,201," Hard",0.5000,0.5455
1353,334,203," Hard",1.0000,0.2000
1322,92,204," Hard",NULL,NULL
3254,168,204," Clay",0.5000,0.6471
294,263,205," Clay",0.6250,0.6667
871,294,205," Hard",0.8889,0.6250
911,45,205," Hard",0.8000,0.4444
1197,140,205," Hard",0.8000,0.3333
1912,263,205," Clay",1.0000,0.5714
2613,222,205," Clay",0.8000,0.6667
161,274,208," Clay",1.0000,0.7000
1486,387,208," Clay",0.7143,0.7273
1898,226,208," Clay",0.7778,0.3333
2475,168,208," Clay",0.7333,0.7500
2599,142,208," Clay",0.7000,0.4286
3044,355,208," Clay",0.5000,0.5000
3628,381,209," Clay",0.8000,0.4000
1979,138,210," Clay",0.7500,0.6667
2711,358,210," Clay",0.0000,0.2500
2715,135,210," Clay",0.5714,0.3333
28,376,211," Hard",NULL,0.6000
76,133,211," Clay",1.0000,0.0000
100,153,211," Clay",0.8889,0.7143
165,64,211," Clay",0.6000,0.4545
202,187,211," Clay",0.0000,0.4000
1489,66,211," Clay",NULL,0.3333
1498,353,211," Clay",0.7000,0.4286
2226,4,211," Clay",0.6250,0.6250
2355,163,211," Hard",0.5556,0.0000
2997,52,213," Clay",0.0000,0.1667
1424,177,214," Hard",NULL,NULL
3372,229,214," Clay",0.2500,0.5000
87,144,215," Hard",1.0000,1.0000
1606,71,215," Hard",0.6667,0.6667
1831,70,215," Hard",1.0000,0.0000
2331,272,215," Hard",0.6667,0.7778
3105,484,215," Hard",0.7500,0.5455
123,89,216," Hard",NULL,0.2857
1861,127,216," Hard",0.6667,0.5556
3290,337,216," Clay",0.0000,0.7143
3035,40,217," Clay",0.5000,0.5714
2022,251,218," Hard",0.5000,0.1667
2511,263,218," Clay",0.6923,0.5833
1259,214,219," Hard",0.5000,0.5000
1411,481,219," Hard",0.5000,0.5000
1701,177,219," Hard",0.3750,0.5556
2386,368,219," Clay",1.0000,0.6364
2533,327,219," Clay",0.4000,0.4286
2935,266,219," Hard",0.3333,0.7000
3094,484,219," Hard",0.6000,0.2857
1911,136,220," Clay",0.4000,0.3333
2671,73,221," Hard",0.5714,0.5455
2865,260,221," Hard",1.0000,0.5455
305,248,222," Clay",0.6667,0.5000
585,412,222," Hard",0.6667,0.6000
1595,99,222," Hard",0.6667,0.6000
2003,120,222," Hard",0.3333,0.5000
2591,157,222," Clay",1.0000,0.6250
2740,262,222," Hard",1.0000,0.6000
3425,255,222," Clay",0.3750,0.5000
201,208,223," Clay",1.0000,0.5714
1029,342,223," Hard",0.0000,0.3750
1505,132,223," Clay",1.0000,0.4000
1932,380,223," Clay",0.7692,0.5000
2106,64,223," Clay",0.6667,0.2857
2220,229,223," Clay",0.0000,0.5000
2339,59,223," Hard",0.8000,0.7143
2641,22,223," Hard",0.8000,0.8571
2834,380,223," Hard",NULL,0.3333
163,153,224," Clay",1.0000,0.4000
43,262,225," Hard",1.0000,0.7273
398,243,225," Hard",NULL,0.0000
653,277,225," Hard",0.6667,0.7500
1224,126,225," Hard",0.8182,0.5455
1964,301,225," Clay",0.7500,1.0000
2128,475,225," Clay",0.7500,0.6250
2247,223,225," Clay",0.7368,0.6667
2379,163,225," Hard",1.0000,0.5000
2640,384,225," Hard",0.8571,0.6667
2844,223,225," Hard",0.5000,0.4444
3103,162,225," Hard",0.5714,0.5000
3325,162,225," Hard",0.0000,0.6667
229,387,226," Clay",0.0000,0.5000
284,287,226," Clay",1.0000,0.6000
1360,14,226," Clay",0.6250,0.8000
1468,66,226," Clay",0.7500,0.4000
1883,419,226," Clay",0.5714,0.6250
2485,208,226," Clay",0.6667,0.6667
3205,459,226," Clay",0.7273,0.2500
1397,229,227," Clay",0.7500,0.5455
105,442,228," Clay",1.0000,0.3333
1366,14,228," Clay",0.6667,0.4000
1523,229,228," Clay",1.0000,0.5000
3621,490,228," Clay",0.6000,0.4000
79,14,229," Clay",1.0000,0.8000
1501,66,229," Clay",0.6667,0.2000
1975,354,229," Clay",0.7500,0.5000
2103,64,229," Clay",0.7222,0.5000
2426,181,229," Clay",0.6667,0.3333
3202,387,229," Clay",0.7143,0.2500
602,353,230," Hard",NULL,0.3333
1766,40,230," Hard",0.5000,0.5000
2813,228,230," Clay",0.7143,0.5714
3391,84,230," Clay",0.8000,0.4545
3133,190,231," Hard",0.7647,0.6154
286,35,232," Clay",0.6000,0.6364
1896,274,232," Clay",0.6667,0.4000
287,102,233," Clay",0.7500,0.5833
339,198,233," Hard",NULL,0.5000
1676,433,233," Hard",0.7778,0.4444
1987,375,233," Hard",1.0000,0.7273
2484,355,233," Clay",0.7500,0.0000
666,103,234," Hard",0.9333,0.5000
1030,197,234," Hard",0.6364,0.6364
1265,219,234," Hard",0.7500,0.6364
2748,193,234," Hard",0.6667,0.7500
3145,458,234," Hard",1.0000,0.6667
3312,266,234," Hard",0.8333,0.4000
3541,7,234," Hard",1.0000,0.5000
918,77,235," Hard",0.8333,0.5455
1705,177,235," Hard",0.5714,0.5000
1801,17,235," Hard",0.5000,0.5714
2015,375,235," Hard",0.0000,0.5556
2291,299,235," Hard",0.7778,0.4000
2532,366,235," Clay",0.5000,0.1667
2946,266,235," Hard",0.7500,0.4444
3359,207,235," Clay",0.6000,0.2857
184,422,236," Hard",1.0000,0.7500
1071,219,236," Hard",0.4000,0.4545
2901,286,237," Clay",0.5000,0.2000
1049,147,238," Hard",0.5000,0.2500
630,103,239," Hard",0.5714,0.7333
771,154,240," Hard",0.5000,0.7895
983,280,240," Hard",1.0000,0.5000
262,151,241," Clay",0.5455,0.5000
697,343,241," Hard",1.0000,0.0000
1758,368,241," Hard",0.0000,0.7500
2013,102,241," Hard",1.0000,0.0000
3010,63,241," Clay",0.0000,0.7143
3259,83,241," Clay",0.5000,0.3333
365,155,242," Hard",0.8571,0.5833
485,285,242," Hard",0.0000,0.6667
1303,415,242," Hard",0.5000,0.7778
168,375,243," Hard",0.8571,0.2500
952,58,243," Hard",0.8571,0.7500
1211,352,243," Hard",0.2500,0.5833
2353,59,243," Hard",0.7143,0.5714
2650,380,243," Hard",NULL,0.6000
2827,4,243," Hard",0.7000,0.5000
288,113,244," Clay",0.6364,0.5000
893,289,244," Hard",1.0000,0.5000
1146,360,244," Hard",0.5000,0.6000
1957,85,244," Clay",0.5714,0.3750
3196,248,244," Clay",NULL,0.6000
751,199,245," Hard",0.8333,0.2857
955,271,245," Hard",NULL,0.3750
1074,122,245," Hard",1.0000,0.6667
1873,422,245," Clay",0.4286,0.3333
2178,287,245," Clay",0.7500,0.3750
2605,222,245," Clay",0.6250,0.3333
2777,166,245," Clay",0.3333,0.6667
3233,32,245," Clay",0.3846,0.2727
3615,136,245," Clay",1.0000,0.6667
941,449,246," Hard",0.5000,0.8000
1273,219,246," Hard",1.0000,0.3333
1439,177,246," Hard",1.0000,0.1667
2488,84,247," Clay",NULL,0.0000
1371,352,248," Clay",0.7500,0.7143
1900,125,248," Clay",0.5833,0.6667
2086,46,248," Clay",1.0000,0.8333
3194,1,248," Clay",0.6000,0.6667
719,449,249," Hard",1.0000,0.8000
1846,358,250," Hard",1.0000,0.4286
1759,172,251," Hard",1.0000,0.5556
2006,424,251," Hard",0.8571,0.0000
2289,433,251," Hard",1.0000,0.5000
2400,456,251," Clay",0.7647,0.4000
109,4,252," Hard",0.7500,0.2000
137,63,252," Hard",1.0000,0.0000
675,375,252," Hard",1.0000,0.6250
1329,282,252," Hard",0.8000,0.3750
1601,201,252," Hard",0.7143,0.6000
2584,142,252," Clay",0.4000,0.3750
3418,453,252," Clay",0.7500,0.2000
1857,141,253," Hard",1.0000,0.6667
2368,211,253," Hard",0.7143,0.0000
2676,8,253," Hard",1.0000,0.5000
2733,172,253," Hard",0.7143,0.6923
3547,193,253," Hard",NULL,0.4000
394,465,254," Hard",NULL,0.5000
238,226,255," Clay",0.6667,0.5625
1751,251,255," Hard",0.6667,0.5000
2057,274,255," Clay",0.8333,0.5556
2776,157,255," Clay",0.3333,0.2500
3414,355,255," Clay",1.0000,0.3750
3586,157,255," Clay",0.5556,0.6667
1089,43,256," Hard",1.0000,0.5714
1306,430,256," Hard",1.0000,0.0000
1459,178,256," Hard",1.0000,0.4286
1785,166,256," Hard",1.0000,0.4444
2040,455,256," Hard",0.6667,0.3333
94,398,257," Hard",0.8889,0.0000
1116,306,257," Hard",0.8000,0.4286
1158,233,257," Hard",0.6667,0.6667
1181,140,257," Hard",0.0000,0.5000
2580,157,257," Clay",0.8571,0.4000
2725,262,257," Hard",0.5000,0.8571
3590,251,257," Clay",0.6667,0.6667
1953,163,258," Clay",0.5000,0.6250
2137,229,258," Clay",0.8333,0.2000
2235,132,258," Clay",0.5000,0.5000
2364,136,258," Hard",0.5000,0.6154
2673,380,258," Hard",0.3333,0.5000
2859,260,258," Hard",0.6667,0.5000
2735,80,259," Hard",1.0000,0.6364
1238,121,260," Hard",NULL,NULL
1971,380,260," Clay",0.2500,0.7222
2135,359,260," Clay",0.5000,0.6429
2854,66,260," Hard",0.6667,0.0000
178,266,261," Hard",0.5000,0.3333
1226,9,261," Hard",1.0000,0.6875
2241,272,261," Clay",0.8000,0.2000
2352,141,261," Hard",0.2857,0.6250
2648,39,261," Hard",1.0000,0.6250
39,387,262," Hard",0.5000,0.5000
183,125,262," Hard",0.8000,0.4000
1647,425,262," Hard",1.0000,0.6154
2011,7,262," Hard",0.8000,0.3333
1899,168,263," Clay",1.0000,0.6667
2477,83,263," Clay",1.0000,0.5556
2589,374,263," Clay",0.9167,0.2500
3412,432,263," Clay",0.5556,0.7222
651,201,264," Hard",1.0000,0.4000
1349,280,264," Hard",0.5000,0.5000
1619,197,264," Hard",0.7500,0.7857
2262,163,264," Clay",0.5000,0.5000
449,199,265," Hard",0.7500,0.7273
537,462,265," Hard",0.3333,0.5455
746,37,265," Hard",0.6250,0.2000
976,97,265," Hard",0.7500,0.5000
1292,487,265," Hard",0.6667,0.3333
1812,488,265," Hard",0.7778,0.6250
438,458,266," Hard",1.0000,0.6000
792,239,266," Hard",1.0000,0.7000
1016,198,266," Hard",0.4444,0.5556
3306,141,266," Hard",0.5385,0.2857
528,289,267," Hard",1.0000,0.6364
1111,447,267," Hard",0.6667,0.5000
1530,17,267," Hard",1.0000,0.0000
2499,226,267," Clay",0.2000,0.2857
1229,22,268," Hard",NULL,0.6000
2244,439,268," Clay",0.8333,0.5556
2335,352,268," Hard",0.0000,0.2857
2649,92,268," Hard",0.0000,0.6667
2851,39,268," Hard",NULL,0.6250
1903,275,269," Clay",NULL,0.5000
2090,45,269," Clay",0.0000,0.0000
3397,205,269," Clay",0.3333,0.6364
926,12,270," Hard",0.7143,0.2727
1185,476,270," Hard",0.8000,0.5556
736,199,271," Hard",0.5000,0.6000
949,58,271," Hard",0.7500,0.5000
1893,428,271," Clay",0.5714,0.1429
173,375,272," Hard",0.6000,0.3333
635,436,272," Hard",0.8333,0.6250
1024,57,272," Hard",0.8571,0.8000
1228,406,272," Hard",0.2500,0.5000
2227,223,272," Clay",0.8182,0.6667
2654,225,272," Hard",0.0000,0.6667
3427,208,272," Clay",0.5000,0.2857
1184,251,273," Hard",0.0000,0.3333
1969,244,273," Clay",0.3333,0.2857
2142,260,273," Clay",0.3333,0.5000
2266,225,273," Clay",NULL,0.6250
246,233,274," Clay",0.5000,0.3333
1872,168,274," Clay",0.8000,0.5000
2045,346,274," Clay",0.8000,0.5714
2170,340,274," Clay",0.4000,0.4000
337,29,275," Hard",0.5000,0.5714
1874,287,275," Clay",0.0000,0.3750
2081,83,275," Clay",0.6667,0.5000
3221,419,275," Clay",0.0000,0.0000
1986,77,276," Hard",0.8333,0.4286
817,57,277," Hard",0.0000,0.8000
1026,201,277," Hard",0.7000,0.7857
1326,460,277," Hard",0.7692,0.7500
2953,162,277," Hard",0.5000,0.6364
3113,199,277," Hard",0.7143,0.4444
3307,460,277," Hard",0.7273,0.5000
2662,163,278," Hard",0.7500,0.2500
3458,131,279," Clay",0.7500,0.6667
414,59,280," Hard",0.7333,0.6154
780,25,280," Hard",0.0000,0.4286
956,22,280," Hard",0.0000,0.3333
1225,70,280," Hard",0.8571,0.6000
1345,71,280," Hard",0.6667,0.7000
1914,245,281," Clay",0.3333,0.4545
2046,379,281," Clay",0.5000,0.1667
2753,383,281," Hard",1.0000,0.8000
3464,257,281," Clay",1.0000,0.0000
1317,92,282," Hard",0.5000,0.2000
1907,428,283," Clay",0.7647,0.5625
2185,153,284," Clay",0.2500,0.2500
2804,291,284," Clay",1.0000,0.7000
1375,226,286," Clay",NULL,0.6250
1510,211,286," Clay",0.6000,0.7778
2457,149,286," Clay",0.8889,0.5000
2718,356,286," Clay",0.7500,0.0000
3603,452,286," Clay",0.7500,0.4444
851,455,287," Hard",0.5556,0.5000
1871,422,287," Clay",0.0000,0.2857
2166,83,287," Clay",0.8333,0.4286
1709,55,288," Hard",0.6000,0.6667
1809,199,288," Hard",1.0000,0.7000
510,33,289," Hard",0.7000,0.6364
359,487,290," Hard",0.0000,0.5000
503,152,290," Hard",0.5556,0.5833
396,445,291," Hard",0.5000,0.0000
692,375,291," Hard",NULL,0.4000
862,368,291," Hard",0.6667,0.2500
1112,77,291," Hard",0.7500,0.2500
1382,35,291," Clay",0.5000,0.4444
1492,70,291," Clay",0.6667,0.2500
1855,99,291," Hard",0.1667,0.0000
2527,490,291," Clay",0.5455,0.7222
2583,294,291," Clay",0.3333,0.6364
2779,31,291," Clay",0.5714,0.6364
3047,153,291," Clay",0.4545,0.3846
1388,66,292," Clay",1.0000,0.5714
2566,329,293," Clay",0.4000,0.5833
71,241,294," Hard",0.7500,0.5000
870,275,294," Hard",0.5000,0.3333
1435,447,294," Hard",0.6667,0.5455
1910,275,294," Clay",0.7143,0.2000
2769,45,294," Clay",0.6667,0.8182
3218,459,294," Clay",0.5556,0.7059
470,122,295," Hard",0.4286,0.2857
2060,281,295," Clay",0.0000,0.4444
2590,257,295," Clay",0.6000,0.7368
2603,257,295," Clay",0.3333,0.3333
2727,257,295," Hard",0.5000,0.5455
3215,14,295," Clay",0.8333,0.3333
3601,257,295," Clay",0.8000,0.5000
60,375,296," Hard",NULL,0.5714
1659,322,297," Hard",0.8000,0.6667
2278,198,297," Hard",NULL,0.0000
3100,489,297," Hard",0.8000,0.4444
1041,197,298," Hard",1.0000,0.7500
128,375,299," Hard",0.8000,0.5000
151,412,299," Hard",0.2000,0.2857
187,368,299," Hard",0.6667,0.3333
236,232,299," Clay",0.5000,0.2857
799,239,299," Hard",0.8000,0.7000
1738,94,299," Hard",0.0000,0.4444
1988,276,299," Hard",0.0000,0.5000
2280,486,299," Hard",0.6667,0.2000
1977,137,300," Clay",0.7500,0.5000
1405,380,301," Clay",0.6667,0.5833
1960,163,301," Clay",0.6667,0.0000
2152,273,301," Clay",0.6667,0.6667
2253,223,301," Clay",0.3333,0.4545
2679,138,301," Hard",0.8571,0.5000
2860,127,301," Hard",0.5714,0.4444
420,126,302," Hard",0.8000,0.5000
959,199,302," Hard",0.5000,0.3333
1548,199,302," Hard",0.2000,0.3333
1816,17,302," Hard",0.5000,0.7143
2961,482,302," Hard",1.0000,0.3333
3110,111,302," Hard",0.7500,0.4286
3328,460,302," Hard",0.5000,0.7647
2179,83,303," Clay",0.4444,0.5000
2189,245,303," Clay",0.0000,0.5333
2529,142,303," Clay",0.5000,0.1667
877,94,304," Hard",0.0000,0.7500
1777,230,304," Hard",0.0000,0.2000
2042,94,305," Hard",0.7500,0.3750
533,33,306," Hard",0.5000,0.7500
3524,193,307," Hard",NULL,0.5000
1393,66,308," Clay",0.8000,0.6000
664,225,309," Hard",1.0000,0.0000
826,184,309," Hard",0.5000,0.4000
1020,141,309," Hard",0.3333,0.3750
2612,245,309," Clay",0.6250,0.5000
2993,168,309," Clay",1.0000,0.6364
776,234,310," Hard",0.6667,0.6250
117,446,311," Hard",0.8000,0.5556
626,92,311," Hard",0.6364,0.4000
1648,53,311," Hard",0.6000,0.7000
2435,181,311," Clay",0.0000,0.2000
2891,181,311," Clay",0.6250,0.4545
1868,450,312," Hard",0.5000,0.6364
2923,210,313," Clay",0.6667,0.1667
830,197,314," Hard",0.8000,0.5556
45,434,315," Hard",1.0000,1.0000
401,9,315," Hard",0.8000,0.6667
1270,447,315," Hard",1.0000,0.5000
1465,416,315," Hard",0.0000,0.5000
1605,59,315," Hard",0.8000,0.6667
1514,176,316," Clay",0.7143,0.2000
1187,140,317," Hard",0.1667,0.4444
2031,251,317," Hard",0.6667,0.6000
3402,269,318," Clay",0.8000,0.5000
1726,473,319," Hard",NULL,0.5000
3504,329,319," Clay",1.0000,0.6667
3188,417,320," Hard",0.6667,0.4444
681,161,322," Hard",0.8750,0.5000
1341,174,322," Hard",0.0000,0.7143
3388,183,323," Clay",0.7500,0.6000
1380,70,324," Clay",0.7500,0.7778
3469,340,324," Clay",NULL,0.4286
3609,411,324," Clay",0.7500,0.5625
852,27,325," Hard",0.6667,0.0000
1344,420,325," Hard",0.8000,0.7000
135,53,326," Hard",1.0000,1.0000
204,99,326," Clay",0.5714,0.1429
628,57,326," Hard",0.5000,0.1667
819,446,326," Hard",0.6667,0.6154
1012,57,326," Hard",0.7143,0.5556
1321,282,326," Hard",0.5714,0.6364
1947,133,326," Clay",0.5714,0.3333
2112,223,326," Clay",0.6667,0.5455
2448,420,326," Clay",0.6667,0.3750
2690,181,326," Clay",0.5000,0.6364
2907,149,326," Clay",0.6667,0.2000
330,488,327," Hard",1.0000,0.4444
564,412,327," Hard",0.0000,0.0000
2184,464,327," Clay",0.6667,0.7143
2410,368,327," Clay",0.7143,0.6667
2531,366,327," Clay",0.0000,0.4615
3207,419,327," Clay",1.0000,0.5000
3382,235,327," Clay",0.8750,0.6250
20,306,328," Hard",NULL,0.1667
30,439,329," Hard",0.6667,0.0000
593,222,329," Hard",0.6667,0.7000
884,478,329," Hard",0.0000,0.6000
1072,472,329," Hard",0.5714,0.5556
1463,431,329," Hard",0.0000,0.0000
1565,302,329," Hard",NULL,NULL
1803,489,329," Hard",0.6667,0.4286
3478,47,329," Clay",1.0000,1.0000
763,484,330," Hard",0.6667,0.2500
766,158,330," Hard",1.0000,0.5000
989,310,330," Hard",0.0000,0.6000
3169,417,330," Hard",0.7778,0.5455
3120,265,331," Hard",0.9000,0.0000
521,33,332," Hard",0.7500,0.5556
785,158,332," Hard",0.6667,0.4286
1617,40,332," Hard",NULL,0.5000
1980,8,332," Clay",0.3333,0.6000
2154,350,332," Clay",0.0000,0.7500
57,128,333," Hard",NULL,0.6667
1338,103,334," Hard",0.4286,0.5714
1347,22,334," Hard",0.8000,0.8750
1589,460,334," Hard",NULL,0.8889
2845,243,334," Hard",1.0000,0.6000
2263,223,335," Clay",1.0000,0.4000
2373,405,335," Hard",0.0000,0.5000
2670,193,335," Hard",0.5000,0.4286
119,89,336," Hard",1.0000,0.6000
1735,172,336," Hard",0.5000,0.4286
1760,40,337," Hard",0.5556,0.2500
2092,83,337," Clay",0.8182,0.2857
3282,291,337," Clay",0.5000,0.5000
3170,410,338," Hard",0.5000,0.6923
3517,319,338," Clay",0.6667,0.6364
923,244,339," Hard",0.6667,0.6667
1767,94,339," Hard",0.4000,0.6800
2028,84,339," Hard",0.0000,0.7000
3167,455,339," Hard",1.0000,0.3333
892,460,340," Hard",0.2500,0.6923
1686,267,340," Hard",0.1667,0.7368
1750,299,340," Hard",0.6667,0.0000
2739,257,340," Hard",0.5000,0.8462
3466,281,340," Clay",1.0000,0.2500
2479,168,341," Clay",1.0000,0.5556
218,29,342," Clay",0.7000,0.5000
1008,198,342," Hard",0.8000,0.5833
1925,220,342," Clay",0.6667,0.4000
2058,379,342," Clay",0.5000,0.2500
2908,311,342," Clay",0.5455,0.5385
283,84,343," Clay",1.0000,0.7500
415,126,343," Hard",0.0000,0.5714
1124,291,343," Hard",1.0000,0.6667
3375,445,343," Clay",0.6250,0.2000
3459,195,344," Clay",0.8824,0.7778
3618,381,344," Clay",0.3333,0.2857
85,226,345," Hard",0.7500,0.3333
419,59,345," Hard",0.8571,0.3333
578,27,345," Hard",0.5000,0.7000
1526,17,345," Hard",0.7500,0.3333
1681,488,345," Hard",0.7500,0.1667
1754,77,345," Hard",0.7500,0.5000
2012,166,345," Hard",0.5556,0.7143
2183,419,345," Clay",0.5000,0.1667
2186,83,345," Clay",1.0000,0.5000
2987,214,345," Clay",0.5000,0.5000
3360,229,345," Clay",0.7143,0.7000
227,53,346," Clay",0.4444,0.4444
1919,411,346," Clay",0.0000,0.5000
1944,48,347," Clay",0.7500,0.3333
2815,284,348," Clay",0.6667,0.4286
828,172,349," Hard",0.0000,0.3750
1377,228,349," Clay",0.6250,0.5455
3198,1,349," Clay",0.7500,0.6250
3227,32,349," Clay",0.3333,0.7500
1630,152,350," Hard",NULL,NULL
1981,273,350," Clay",1.0000,0.6429
2136,127,350," Clay",0.7143,0.6923
2677,225,350," Hard",0.8000,0.3333
2877,221,350," Hard",0.6250,0.4000
3191,410,351," Hard",1.0000,0.2500
3510,330,351," Clay",1.0000,0.2000
435,235,352," Hard",0.1429,0.5385
908,464,352," Hard",1.0000,0.5000
1207,103,352," Hard",NULL,0.6250
1363,136,352," Clay",0.6667,0.4000
1480,168,352," Clay",0.5000,0.0000
1651,446,352," Hard",1.0000,0.3333
1939,354,352," Clay",0.5833,0.5714
2222,384,352," Clay",0.2000,0.5333
3379,27,352," Clay",0.6000,0.5000
1886,245,353," Clay",0.6667,0.4000
2077,281,353," Clay",0.5556,0.5385
3471,257,353," Clay",0.3333,0.6000
3599,326,353," Clay",0.5000,0.5000
74,35,354," Clay",0.5000,0.5000
192,169,354," Clay",1.0000,0.5455
1520,324,354," Clay",0.8750,0.7692
1930,380,354," Clay",0.6000,0.1667
2122,30,354," Clay",0.7500,0.1667
2270,30,354," Clay",0.6000,0.7500
23,120,355," Hard",1.0000,0.5000
162,374,355," Clay",1.0000,0.4000
1370,122,355," Clay",0.6000,0.2000
1493,453,355," Clay",0.5714,0.3750
1892,275,355," Clay",0.4000,0.4615
2478,208,355," Clay",0.5000,0.8000
3406,70,355," Clay",0.4444,0.5385
2469,210,356," Clay",0.0000,0.8235
2713,484,356," Clay",0.2500,0.5000
916,120,357," Hard",0.0000,0.4286
118,422,358," Hard",0.7143,0.2500
134,148,358," Hard",1.0000,0.2500
1320,287,358," Hard",1.0000,0.3333
1836,215,358," Hard",0.7778,0.6667
2438,229,358," Clay",0.6667,0.5556
2695,229,358," Clay",1.0000,0.5000
2920,442,358," Clay",1.0000,0.5556
3011,213,358," Clay",0.5000,0.5000
3257,166,358," Clay",1.0000,0.4444
601,329,359," Hard",1.0000,0.0000
1978,164,359," Clay",0.8000,0.8571
2113,55,359," Clay",0.0000,0.7333
1654,289,361," Hard",NULL,0.7273
3277,420,362," Clay",0.8333,0.5000
2624,309,363," Clay",0.0000,0.0000
3624,106,363," Clay",0.6667,0.6000
2823,381,364," Clay",0.7143,0.0000
2097,245,365," Clay",0.5455,0.4286
2190,345,365," Clay",0.4000,0.6667
2507,83,365," Clay",0.5000,0.5333
26,439,366," Hard",NULL,0.7143
1271,445,366," Hard",NULL,0.5000
1425,219,366," Hard",0.3333,0.7333
2300,397,366," Hard",0.0000,0.8571
2389,368,366," Clay",0.5000,0.5000
1352,22,367," Hard",0.0000,0.4545
12,311,368," Hard",1.0000,0.6000
147,241,368," Hard",0.0000,0.5714
680,460,368," Hard",1.0000,0.4000
3216,1,368," Clay",0.6000,0.5833
1665,196,369," Hard",0.6000,0.5000
3003,168,369," Clay",0.4444,0.5385
3273,83,369," Clay",0.6000,0.2857
190,161,370," Hard",0.5000,0.3333
174,243,371," Hard",0.7500,0.4444
269,275,371," Clay",0.5000,0.0000
1875,274,371," Clay",1.0000,0.5714
2271,486,371," Hard",0.5000,0.5000
2388,11,371," Clay",NULL,0.6667
2550,37,371," Clay",0.5000,0.6667
1965,163,372," Clay",1.0000,0.3750
2383,211,372," Hard",NULL,0.1667
2875,121,372," Hard",NULL,0.0000
654,103,373," Hard",1.0000,0.5714
7,464,374," Hard",0.0000,0.7500
104,169,374," Clay",0.3333,0.5714
156,274,374," Clay",0.5000,0.4286
1475,442,374," Clay",0.0000,0.5833
2115,78,374," Clay",0.4286,0.5455
3206,244,374," Clay",0.6250,0.7059
121,362,375," Hard",0.7143,0.5000
674,460,375," Hard",1.0000,0.5556
1653,160,375," Hard",0.6667,0.4000
62,343,376," Hard",NULL,0.6364
1324,111,376," Hard",0.4286,0.6429
3433,453,376," Clay",1.0000,0.5000
2751,295,377," Hard",NULL,0.2857
3623,245,378," Clay",0.6667,0.5556
1877,245,379," Clay",1.0000,0.8889
1218,352,380," Hard",0.7778,0.6250
1395,228,380," Clay",0.4286,0.4000
1503,353,380," Clay",0.6923,0.0000
1929,272,380," Clay",0.6667,0.7000
2372,193,380," Hard",0.8000,0.6667
2829,4,380," Hard",0.0000,0.8333
3210,157,381," Clay",0.8571,0.7273
3228,184,381," Clay",0.4286,0.5833
3461,155,381," Clay",0.4444,0.7000
3594,411,381," Clay",0.7500,0.5556
1249,147,382," Hard",0.8333,0.3333
2146,138,382," Clay",1.0000,0.6667
1231,103,383," Hard",0.0000,0.5000
2290,486,383," Hard",0.7143,0.3750
2390,219,383," Clay",0.8333,0.3333
2557,219,383," Clay",1.0000,0.6250
2731,257,383," Hard",NULL,0.2500
3483,458,383," Clay",0.5000,0.4286
193,374,384," Clay",0.0000,0.3750
311,140,384," Clay",0.0000,0.6364
1220,35,384," Hard",0.5000,0.5455
1509,229,384," Clay",1.0000,0.6667
1948,475,384," Clay",0.6364,0.6000
2124,326,384," Clay",0.7143,0.6667
2214,229,384," Clay",NULL,0.2000
2348,92,384," Hard",0.6364,0.5000
2830,243,384," Hard",0.0000,0.5000
2734,94,385," Hard",0.3333,0.6667
2807,349,386," Clay",0.9167,0.2000
3230,244,386," Clay",0.0000,0.2000
1471,66,387," Clay",0.5714,0.5000
2132,127,387," Clay",0.8000,0.6000
3197,157,387," Clay",0.4000,0.5455
3270,125,387," Clay",0.2500,0.3750
3632,440,389," Clay",0.5000,0.2857
1555,17,390," Hard",0.8000,0.5000
1721,288,390," Hard",0.0000,0.5000
1827,319,390," Hard",1.0000,0.5000
2200,23,390," Clay",0.0000,0.6364
1629,392,391," Hard",0.7500,0.2500
608,466,392," Hard",0.8000,0.7143
1240,406,392," Hard",1.0000,0.3333
1602,401,392," Hard",1.0000,0.3333
2299,443,392," Hard",0.8000,0.6667
1830,99,393," Hard",0.8000,0.2500
2586,245,393," Clay",0.6000,0.3333
2782,465,393," Clay",0.3333,0.2222
3201,157,393," Clay",0.5714,0.4000
834,309,394," Hard",0.5714,0.5833
1247,392,394," Hard",NULL,0.0000
1581,155,395," Hard",0.6000,0.2000
1724,235,395," Hard",NULL,0.0000
2420,329,395," Clay",0.7500,0.5000
1301,489,396," Hard",1.0000,0.4286
1076,43,397," Hard",0.7500,0.5000
2285,128,397," Hard",1.0000,0.6667
86,287,398," Hard",0.6667,0.6667
226,29,398," Clay",0.6364,0.4545
1537,17,398," Hard",0.5000,0.6000
1798,55,398," Hard",0.8889,0.0000
2597,294,398," Clay",NULL,0.0000
44,387,399," Hard",0.7143,0.3333
767,155,399," Hard",NULL,NULL
2758,82,399," Hard",0.7500,0.6154
3564,82,399," Hard",1.0000,0.3333
8,475,400," Hard",NULL,0.7500
1591,201,401," Hard",0.5000,0.6667
1863,402,401," Hard",0.8750,0.3750
1852,234,402," Hard",NULL,0.4286
1856,39,403," Hard",0.8000,0.6000
2354,223,403," Hard",0.8125,0.5000
2832,66,403," Hard",0.4167,0.4444
2211,303,404," Clay",0.7500,0.2222
129,33,405," Hard",0.5000,0.7143
1762,166,405," Hard",0.2500,0.7333
2358,136,405," Hard",NULL,NULL
3069,255,405," Clay",0.2500,0.5455
3595,90,405," Clay",0.3333,0.6667
657,70,406," Hard",1.0000,0.7692
762,489,406," Hard",0.6667,0.6154
993,51,406," Hard",0.5000,0.4286
1216,22,406," Hard",0.6000,0.5000
1346,326,406," Hard",0.7500,0.4286
1660,262,406," Hard",0.5000,0.5455
463,149,407," Hard",0.0000,0.5556
536,171,407," Hard",1.0000,0.6000
787,330,407," Hard",0.4000,0.6667
2948,433,408," Hard",0.5000,0.5000
3330,215,408," Hard",0.7500,0.5000
3351,202,409," Hard",0.0000,0.4286
3136,119,410," Hard",1.0000,0.6667
292,226,411," Clay",0.8333,0.2500
1908,353,411," Clay",1.0000,0.4286
2101,96,411," Clay",1.0000,0.6667
3043,153,411," Clay",0.6667,0.1429
3587,90,411," Clay",0.4286,0.5833
145,343,412," Hard",0.6667,0.2000
254,120,412," Clay",0.8000,0.0000
700,120,412," Hard",0.6667,0.5556
1342,287,412," Hard",0.5000,0.6667
1661,425,412," Hard",0.4000,0.5000
2004,447,412," Hard",0.6667,0.6000
2797,45,412," Clay",0.6667,0.3333
32,4,413," Hard",NULL,0.4444
1098,418,413," Hard",1.0000,0.5556
2143,127,414," Clay",0.6667,0.4000
2259,48,414," Clay",0.8000,0.2000
2376,136,414," Hard",0.0000,0.2857
991,240,415," Hard",0.7778,0.3333
1290,489,415," Hard",1.0000,0.6667
1309,265,416," Hard",0.7500,0.5556
1451,177,416," Hard",1.0000,0.5556
1311,487,417," Hard",1.0000,0.4000
1464,177,417," Hard",1.0000,0.6250
2297,111,417," Hard",0.8000,0.5556
3158,7,417," Hard",0.6000,0.3750
3637,378,417," Clay",1.0000,0.3333
492,472,418," Hard",1.0000,0.7500
1070,486,418," Hard",NULL,0.3333
3520,320,418," Clay",0.8750,0.7143
682,375,419," Hard",NULL,0.0000
1356,168,419," Clay",0.6667,0.9000
1497,274,419," Clay",0.6667,0.2500
1876,168,419," Clay",0.9286,0.0000
2155,275,419," Clay",0.5000,0.4000
3200,248,419," Clay",NULL,NULL
136,371,420," Hard",0.6667,0.3750
1328,358,420," Hard",0.7500,0.1667
2429,181,420," Clay",0.6000,0.5714
3000,77,420," Clay",0.6667,0.8182
92,226,421," Hard",0.5556,0.4444
250,439,421," Clay",1.0000,0.5000
270,83,421," Clay",0.5714,0.3750
395,63,421," Hard",0.5000,0.6923
1536,345,421," Hard",0.7500,0.6250
2501,168,421," Clay",1.0000,0.0000
179,125,422," Hard",1.0000,0.5000
2069,168,422," Clay",0.7500,0.3333
2174,275,422," Clay",1.0000,0.0000
1984,186,423," Clay",NULL,0.3333
379,161,424," Hard",1.0000,0.7000
958,58,424," Hard",1.0000,0.8333
1285,366,424," Hard",0.3333,0.3333
1413,219,424," Hard",0.5714,0.3750
1736,166,424," Hard",0.5556,0.6667
1995,77,424," Hard",0.7500,0.4000
3050,208,424," Clay",0.6429,0.5333
3432,252,424," Clay",0.4000,0.2000
1637,321,425," Hard",0.8750,0.6667
489,155,426," Hard",0.5556,0.5455
745,126,426," Hard",0.6000,0.5000
964,245,426," Hard",0.5000,0.5000
3001,345,426," Clay",0.5714,0.4286
404,445,427," Hard",NULL,0.6667
189,54,428," Hard",0.4286,0.0000
1079,40,428," Hard",0.7500,0.4286
1881,371,428," Clay",0.7500,0.4444
1902,353,428," Clay",0.7273,0.6923
2785,452,428," Clay",0.4286,0.5000
3057,411,428," Clay",1.0000,0.3333
2017,251,429," Hard",0.5000,0.8333
1287,234,430," Hard",1.0000,0.5000
773,330,431," Hard",1.0000,0.7000
2974,472,431," Hard",NULL,NULL
38,369,432," Hard",0.5556,0.3750
2439,169,432," Clay",0.6667,0.6667
3408,70,432," Clay",0.6250,0.5000
336,55,433," Hard",0.6923,0.4286
639,92,433," Hard",0.7273,0.6923
821,266,433," Hard",0.7143,0.7778
1410,481,433," Hard",0.6667,0.4000
1549,421,433," Hard",0.0000,0.3333
2272,486,433," Hard",0.5714,0.3333
2937,266,433," Hard",0.7143,0.6250
3111,198,433," Hard",0.8000,0.7273
3309,297,433," Hard",0.3333,0.6667
99,133,434," Clay",0.0000,0.0000
51,128,435," Hard",0.8571,0.5000
581,241,435," Hard",0.5000,0.2500
866,325,435," Hard",0.6000,0.3750
919,1,435," Hard",0.8000,0.4286
3148,119,435," Hard",0.8000,0.0000
3527,193,435," Hard",0.6667,0.5000
1923,275,436," Clay",0.6667,0.3750
2467,359,437," Clay",0.7500,0.0000
1206,70,438," Hard",NULL,NULL
2228,229,439," Clay",1.0000,0.4286
2988,168,439," Clay",0.7500,0.7500
3269,358,439," Clay",NULL,0.6000
1162,421,440," Hard",1.0000,0.5000
3620,115,440," Clay",1.0000,0.4000
2474,83,441," Clay",0.3333,0.4444
211,420,442," Clay",0.5000,0.6316
1470,226,442," Clay",0.7692,0.5833
2434,133,442," Clay",0.6429,0.6875
2685,181,442," Clay",0.3333,0.7000
2896,71,442," Clay",0.8182,0.5556
494,122,443," Hard",0.8000,0.1667
2284,162,443," Hard",0.0000,0.1667
2564,466,443," Clay",1.0000,0.2500
1232,352,444," Hard",NULL,0.0000
1662,311,444," Hard",1.0000,0.0000
2258,229,444," Clay",0.5000,0.6667
2342,90,444," Hard",NULL,0.6667
2645,141,444," Hard",0.8000,0.5714
2835,243,444," Hard",0.8000,0.5000
285,282,445," Clay",1.0000,0.2500
523,462,445," Hard",NULL,NULL
1261,219,445," Hard",0.6667,0.3333
3365,345,445," Clay",0.7692,0.5556
3532,177,445," Hard",NULL,0.7143
110,422,446," Hard",0.7273,0.7143
139,92,446," Hard",0.7333,0.5000
252,233,446," Clay",0.3333,0.4000
636,342,446," Hard",0.5000,0.5714
798,266,446," Hard",1.0000,0.5000
1336,111,446," Hard",0.7778,0.7333
93,287,447," Hard",0.6667,0.5000
276,421,447," Clay",0.8750,0.2000
418,280,447," Hard",1.0000,0.4444
729,246,447," Hard",0.8000,0.6250
1106,77,447," Hard",0.3333,0.1429
1264,445,447," Hard",NULL,0.4286
1728,166,447," Hard",0.7500,0.4286
1989,77,447," Hard",0.6667,0.5000
2503,341,447," Clay",0.9091,0.6000
3062,424,447," Clay",0.6667,0.6429
2381,138,448," Hard",0.5000,0.6000
2661,225,448," Hard",NULL,0.0000
2857,138,448," Hard",1.0000,0.3333
3556,82,448," Hard",NULL,0.6667
597,12,449," Hard",0.6667,0.6000
710,481,449," Hard",1.0000,0.6250
929,244,449," Hard",0.5000,0.2500
1848,92,450," Hard",0.6667,0.5000
1513,200,451," Clay",0.0000,0.4000
84,325,452," Hard",1.0000,0.6000
1131,257,452," Hard",0.3333,0.6667
1170,1,452," Hard",0.7500,0.5556
3208,248,452," Clay",0.6923,0.4286
158,64,453," Clay",0.6923,0.5833
197,354,453," Clay",0.6667,0.3333
271,439,453," Clay",0.6667,0.7000
1469,274,453," Clay",0.3333,0.5556
3008,343,453," Clay",1.0000,0.7778
2311,417,454," Hard",NULL,0.8750
67,343,455," Hard",0.0000,0.6667
313,223,455," Clay",0.6667,0.6000
701,368,455," Hard",1.0000,0.6000
845,27,455," Hard",0.8000,0.1667
872,94,455," Hard",0.8333,0.3333
1201,3,455," Hard",1.0000,0.0000
2009,119,455," Hard",1.0000,0.5714
3160,383,455," Hard",0.5000,0.4545
3497,329,455," Clay",1.0000,0.6000
483,152,456," Hard",0.7500,0.2000
752,243,456," Hard",0.3333,0.0000
957,243,456," Hard",0.7500,0.6667
2286,297,456," Hard",NULL,0.5000
2391,128,456," Clay",0.6364,0.5000
2539,235,456," Clay",0.5000,0.5000
2939,219,456," Hard",0.8333,0.5455
3144,65,456," Hard",0.7500,0.5000
3467,257,456," Clay",0.7500,0.3333
3600,251,456," Clay",0.8000,0.5000
1869,402,457," Hard",0.6667,0.7500
127,362,458," Hard",0.6667,0.5714
239,287,458," Clay",0.3333,0.2000
424,199,458," Hard",0.5000,0.2500
702,27,458," Hard",0.6667,0.5000
920,460,458," Hard",NULL,0.0000
1159,1,458," Hard",0.7000,0.2857
1683,433,458," Hard",0.6000,0.7143
1753,447,458," Hard",0.3333,0.4286
1992,276,458," Hard",0.7273,0.6000
2778,294,458," Clay",1.0000,0.7143
3140,410,458," Hard",1.0000,0.6667
3465,257,458," Clay",0.0000,0.5556
25,422,459," Hard",0.6000,0.7143
49,89,459," Hard",0.8333,0.2000
279,120,459," Clay",0.0000,0.0000
913,340,459," Hard",0.5714,0.6000
1122,447,459," Hard",0.7500,0.0000
1921,83,459," Clay",0.8000,0.7333
2393,371,459," Clay",0.0000,0.3333
3199,244,459," Clay",0.6667,0.4286
3588,29,459," Clay",NULL,0.5000
1316,287,460," Hard",0.8750,0.6000
2942,199,460," Hard",0.8000,0.3333
3085,484,460," Hard",0.7143,0.5556
3302,297,460," Hard",0.7500,0.5000
3240,269,461," Clay",NULL,0.4000
512,33,462," Hard",1.0000,0.6000
1956,272,462," Clay",1.0000,0.6667
2840,66,462," Hard",1.0000,0.8000
1502,211,463," Clay",1.0000,0.3750
2,215,464," Hard",0.9000,0.5000
278,453,464," Clay",1.0000,0.6250
898,244,464," Hard",1.0000,0.5000
1675,488,464," Hard",0.7500,0.6364
1844,70,464," Hard",0.6667,0.6429
2161,419,464," Clay",1.0000,0.6667
3203,349,464," Clay",0.6667,0.5000
224,453,465," Clay",1.0000,0.5000
381,63,465," Hard",0.7000,0.2222
850,368,465," Hard",NULL,0.5556
1157,398,465," Hard",NULL,0.6154
2008,233,465," Hard",0.3333,0.5556
3212,387,465," Clay",1.0000,0.3333
885,304,466," Hard",1.0000,0.6000
1090,418,466," Hard",0.7143,0.5455
2321,417,466," Hard",NULL,0.7143
2560,327,466," Clay",0.0000,0.7143
3187,480,467," Hard",1.0000,0.0000
3519,43,467," Clay",0.0000,0.7000
58,435,468," Hard",NULL,NULL
3192,338,468," Hard",NULL,0.5556
613,359,469," Hard",0.5000,0.7000
2617,295,469," Clay",0.6000,0.6667
3177,410,470," Hard",0.6000,0.0000
3518,329,470," Clay",0.0000,0.5000
2866,301,471," Hard",0.3333,0.5000
344,488,472," Hard",0.8000,0.4000
477,295,472," Hard",0.6250,0.3333
1063,219,472," Hard",NULL,0.6667
1819,265,472," Hard",0.6250,0.8333
3342,152,472," Hard",0.8667,0.1429
1712,177,473," Hard",0.2500,0.5455
1807,177,473," Hard",0.6000,0.5833
2396,368,473," Clay",NULL,0.3333
1575,319,474," Hard",0.6667,0.5833
1706,421,474," Hard",0.0000,0.5000
2415,40,474," Clay",0.8333,0.1667
2537,327,474," Clay",NULL,0.4286
3,358,475," Hard",0.8571,0.4000
642,57,475," Hard",1.0000,0.5000
1337,71,475," Hard",0.7273,0.6154
2107,55,475," Clay",0.7000,0.5000
930,339,476," Hard",0.9000,0.5556
1180,251,476," Hard",0.8889,0.2500
2754,257,476," Hard",0.3333,0.4286
3538,383,476," Hard",0.6667,0.6154
309,248,477," Clay",0.6667,0.6000
1744,172,477," Hard",0.0000,0.3333
1854,393,477," Hard",0.7500,0.6000
2741,177,477," Hard",0.5714,0.4000
611,222,478," Hard",0.7500,0.3333
876,205,478," Hard",NULL,0.2500
3080,156,478," Clay",0.3333,0.1429
609,5,479," Hard",0.7857,0.5000
3175,417,480," Hard",0.6667,0.6667
3514,256,480," Clay",1.0000,0.4000
704,460,481," Hard",1.0000,0.3333
1062,486,481," Hard",0.6000,0.5556
1282,315,481," Hard",0.8000,0.0000
2963,408,481," Hard",0.2500,0.5714
3114,460,481," Hard",0.5000,0.5000
3318,433,481," Hard",0.7692,0.6000
3123,472,483," Hard",0.6250,0.5000
3353,472,483," Hard",0.7500,0.5714
428,59,484," Hard",0.7500,0.3333
735,424,484," Hard",0.4000,0.4615
2464,286,484," Clay",1.0000,0.2500
3332,486,484," Hard",0.7000,0.7333
2954,219,485," Hard",0.5000,0.4444
3326,277,485," Hard",0.8571,0.4286
1056,219,486," Hard",0.5556,0.3846
3316,488,486," Hard",0.7500,0.4286
352,129,487," Hard",0.0000,0.5000
1275,60,488," Hard",0.0000,0.5000
1430,105,488," Hard",0.7500,0.7778
1540,198,488," Hard",1.0000,0.6429
2951,199,488," Hard",0.5000,0.4000
3107,266,488," Hard",0.5000,0.9000
346,105,489," Hard",0.6667,0.5000
518,289,489," Hard",1.0000,0.6154
747,484,489," Hard",0.7857,0.5333
971,199,489," Hard",NULL,0.3750
1289,219,489," Hard",0.7500,0.0000
1442,178,489," Hard",0.4444,0.6429
1682,233,489," Hard",0.3750,0.3333
1794,267,489," Hard",0.0000,0.6667
2409,473,489," Clay",0.7500,0.0000
2552,329,489," Clay",0.5000,0.6000
3310,198,489," Hard",0.5556,0.6250
1550,345,490," Hard",0.5000,0.3750
1693,345,490," Hard",NULL,0.4286
1805,421,490," Hard",NULL,0.2857
2514,365,490," Clay",NULL,0.5714
2593,464,490," Clay",1.0000,0.5000
3074,96,490," Clay",0.4444,0.5000
3614,115,490," Clay",0.6923,0.7500
