id_liga,date_partido,equipo_local,equipo_visitante,goles_local,goles_visitante,resultado,dates,id,name,id,name,player,do,recieve,player,do,recieve
F1,15/10/16,Bastia,Angers,1,2,A,"2016-10-15 00:00:00",2,Bastia,1,Angers,2,0.763157895,1.5,1,1.052631579,1.289473684
F1,15/10/16,Bastia,Angers,1,2,A,"2016-10-15 00:00:00",2,Bastia,1,Angers,2,0.763157895,1.5,1,1.052631579,1.289473684
F1,17/09/16,Bordeaux,Angers,0,1,A,"2016-09-17 00:00:00",3,Bordeaux,1,Angers,3,1.394736842,1.131578947,1,1.052631579,1.289473684
F1,17/09/16,Bordeaux,Angers,0,1,A,"2016-09-17 00:00:00",3,Bordeaux,1,Angers,3,1.394736842,1.131578947,1,1.052631579,1.289473684
F1,04/03/17,Caen,Angers,2,3,A,"2017-03-04 00:00:00",4,Caen,1,Angers,4,0.947368421,1.710526316,1,1.052631579,1.289473684
F1,04/03/17,Caen,Angers,2,3,A,"2017-03-04 00:00:00",4,Caen,1,Angers,4,0.947368421,1.710526316,1,1.052631579,1.289473684
F1,22/04/17,Dijon,Angers,3,2,H,"2017-04-22 00:00:00",5,Dijon,1,Angers,5,1.210526316,1.526315789,1,1.052631579,1.289473684
F1,22/04/17,Dijon,Angers,3,2,H,"2017-04-22 00:00:00",5,Dijon,1,Angers,5,1.210526316,1.526315789,1,1.052631579,1.289473684
F1,29/10/16,Guingamp,Angers,1,0,H,"2016-10-29 00:00:00",6,Guingamp,1,Angers,6,1.210526316,1.394736842,1,1.052631579,1.289473684
F1,29/10/16,Guingamp,Angers,1,0,H,"2016-10-29 00:00:00",6,Guingamp,1,Angers,6,1.210526316,1.394736842,1,1.052631579,1.289473684
F1,11/02/17,Lille,Angers,1,2,A,"2017-02-11 00:00:00",7,Lille,1,Angers,7,1.052631579,1.236842105,1,1.052631579,1.289473684
F1,11/02/17,Lille,Angers,1,2,A,"2017-02-11 00:00:00",7,Lille,1,Angers,7,1.052631579,1.236842105,1,1.052631579,1.289473684
F1,06/05/17,Lorient,Angers,1,1,D,"2017-05-06 00:00:00",8,Lorient,1,Angers,8,1.157894737,1.842105263,1,1.052631579,1.289473684
F1,06/05/17,Lorient,Angers,1,1,D,"2017-05-06 00:00:00",8,Lorient,1,Angers,8,1.157894737,1.842105263,1,1.052631579,1.289473684
F1,21/12/16,Lyon,Angers,2,0,H,"2016-12-21 00:00:00",9,Lyon,1,Angers,9,2.105263158,1.263157895,1,1.052631579,1.289473684
F1,21/12/16,Lyon,Angers,2,0,H,"2016-12-21 00:00:00",9,Lyon,1,Angers,9,2.105263158,1.263157895,1,1.052631579,1.289473684
F1,10/03/17,Marseille,Angers,3,0,H,"2017-03-10 00:00:00",10,Marseille,1,Angers,10,1.5,1.078947368,1,1.052631579,1.289473684
F1,10/03/17,Marseille,Angers,3,0,H,"2017-03-10 00:00:00",10,Marseille,1,Angers,10,1.5,1.078947368,1,1.052631579,1.289473684
F1,27/08/16,Metz,Angers,2,0,H,"2016-08-27 00:00:00",11,Metz,1,Angers,11,1.026315789,1.894736842,1,1.052631579,1.289473684
F1,27/08/16,Metz,Angers,2,0,H,"2016-08-27 00:00:00",11,Metz,1,Angers,11,1.026315789,1.894736842,1,1.052631579,1.289473684
F1,24/09/16,Monaco,Angers,2,1,H,"2016-09-24 00:00:00",12,Monaco,1,Angers,12,2.815789474,0.815789474,1,1.052631579,1.289473684
F1,24/09/16,Monaco,Angers,2,1,H,"2016-09-24 00:00:00",12,Monaco,1,Angers,12,2.815789474,0.815789474,1,1.052631579,1.289473684
F1,13/08/16,Montpellier,Angers,1,0,H,"2016-08-13 00:00:00",13,Montpellier,1,Angers,13,1.263157895,1.736842105,1,1.052631579,1.289473684
F1,13/08/16,Montpellier,Angers,1,0,H,"2016-08-13 00:00:00",13,Montpellier,1,Angers,13,1.263157895,1.736842105,1,1.052631579,1.289473684
F1,10/12/16,Nancy,Angers,2,0,H,"2016-12-10 00:00:00",14,Nancy,1,Angers,14,0.763157895,1.368421053,1,1.052631579,1.289473684
F1,10/12/16,Nancy,Angers,2,0,H,"2016-12-10 00:00:00",14,Nancy,1,Angers,14,0.763157895,1.368421053,1,1.052631579,1.289473684
F1,02/04/17,Nantes,Angers,2,1,H,"2017-04-02 00:00:00",15,Nantes,1,Angers,15,1.052631579,1.421052632,1,1.052631579,1.289473684
F1,02/04/17,Nantes,Angers,2,1,H,"2017-04-02 00:00:00",15,Nantes,1,Angers,15,1.052631579,1.421052632,1,1.052631579,1.289473684
F1,14/05/17,Nice,Angers,0,2,A,"2017-05-14 00:00:00",16,Nice,1,Angers,16,1.657894737,0.947368421,1,1.052631579,1.289473684
F1,14/05/17,Nice,Angers,0,2,A,"2017-05-14 00:00:00",16,Nice,1,Angers,16,1.657894737,0.947368421,1,1.052631579,1.289473684
F1,30/11/16,"Paris SG",Angers,2,0,H,"2016-11-30 00:00:00",17,"Paris SG",1,Angers,17,2.184210526,0.710526316,1,1.052631579,1.289473684
F1,30/11/16,"Paris SG",Angers,2,0,H,"2016-11-30 00:00:00",17,"Paris SG",1,Angers,17,2.184210526,0.710526316,1,1.052631579,1.289473684
F1,19/11/16,Rennes,Angers,1,1,D,"2016-11-19 00:00:00",18,Rennes,1,Angers,18,0.947368421,1.105263158,1,1.052631579,1.289473684
F1,19/11/16,Rennes,Angers,1,1,D,"2016-11-19 00:00:00",18,Rennes,1,Angers,18,0.947368421,1.105263158,1,1.052631579,1.289473684
F1,22/01/17,"St Etienne",Angers,2,1,H,"2017-01-22 00:00:00",19,"St Etienne",1,Angers,19,1.078947368,1.105263158,1,1.052631579,1.289473684
F1,22/01/17,"St Etienne",Angers,2,1,H,"2017-01-22 00:00:00",19,"St Etienne",1,Angers,19,1.078947368,1.105263158,1,1.052631579,1.289473684
F1,05/02/17,Toulouse,Angers,4,0,H,"2017-02-05 00:00:00",20,Toulouse,1,Angers,20,0.973684211,1.078947368,1,1.052631579,1.289473684
F1,05/02/17,Toulouse,Angers,4,0,H,"2017-02-05 00:00:00",20,Toulouse,1,Angers,20,0.973684211,1.078947368,1,1.052631579,1.289473684
F1,25/02/17,Angers,Bastia,3,0,H,"2017-02-25 00:00:00",1,Angers,2,Bastia,1,1.052631579,1.289473684,2,0.763157895,1.5
F1,25/02/17,Angers,Bastia,3,0,H,"2017-02-25 00:00:00",1,Angers,2,Bastia,1,1.052631579,1.289473684,2,0.763157895,1.5
F1,22/04/17,Bordeaux,Bastia,2,0,H,"2017-04-22 00:00:00",3,Bordeaux,2,Bastia,3,1.394736842,1.131578947,2,0.763157895,1.5
F1,22/04/17,Bordeaux,Bastia,2,0,H,"2017-04-22 00:00:00",3,Bordeaux,2,Bastia,3,1.394736842,1.131578947,2,0.763157895,1.5
F1,27/08/16,Caen,Bastia,2,0,H,"2016-08-27 00:00:00",4,Caen,2,Bastia,4,0.947368421,1.710526316,2,0.763157895,1.5
F1,27/08/16,Caen,Bastia,2,0,H,"2016-08-27 00:00:00",4,Caen,2,Bastia,4,0.947368421,1.710526316,2,0.763157895,1.5
F1,08/04/17,Dijon,Bastia,1,2,A,"2017-04-08 00:00:00",5,Dijon,2,Bastia,5,1.210526316,1.526315789,2,0.763157895,1.5
F1,08/04/17,Dijon,Bastia,1,2,A,"2017-04-08 00:00:00",5,Dijon,2,Bastia,5,1.210526316,1.526315789,2,0.763157895,1.5
F1,11/03/17,Guingamp,Bastia,5,0,H,"2017-03-11 00:00:00",6,Guingamp,2,Bastia,6,1.210526316,1.394736842,2,0.763157895,1.5
F1,11/03/17,Guingamp,Bastia,5,0,H,"2017-03-11 00:00:00",6,Guingamp,2,Bastia,6,1.210526316,1.394736842,2,0.763157895,1.5
F1,22/10/16,Lille,Bastia,2,1,H,"2016-10-22 00:00:00",7,Lille,2,Bastia,7,1.052631579,1.236842105,2,0.763157895,1.5
F1,22/10/16,Lille,Bastia,2,1,H,"2016-10-22 00:00:00",7,Lille,2,Bastia,7,1.052631579,1.236842105,2,0.763157895,1.5
F1,20/08/16,Lorient,Bastia,0,3,A,"2016-08-20 00:00:00",8,Lorient,2,Bastia,8,1.157894737,1.842105263,2,0.763157895,1.5
F1,20/08/16,Lorient,Bastia,0,3,A,"2016-08-20 00:00:00",8,Lorient,2,Bastia,8,1.157894737,1.842105263,2,0.763157895,1.5
F1,05/11/16,Lyon,Bastia,2,1,H,"2016-11-05 00:00:00",9,Lyon,2,Bastia,9,2.105263158,1.263157895,2,0.763157895,1.5
F1,05/11/16,Lyon,Bastia,2,1,H,"2016-11-05 00:00:00",9,Lyon,2,Bastia,9,2.105263158,1.263157895,2,0.763157895,1.5
F1,20/05/17,Marseille,Bastia,1,0,H,"2017-05-20 00:00:00",10,Marseille,2,Bastia,10,1.5,1.078947368,2,0.763157895,1.5
F1,20/05/17,Marseille,Bastia,1,0,H,"2017-05-20 00:00:00",10,Marseille,2,Bastia,10,1.5,1.078947368,2,0.763157895,1.5
F1,17/03/17,Metz,Bastia,1,0,H,"2017-03-17 00:00:00",11,Metz,2,Bastia,11,1.026315789,1.894736842,2,0.763157895,1.5
F1,17/03/17,Metz,Bastia,1,0,H,"2017-03-17 00:00:00",11,Metz,2,Bastia,11,1.026315789,1.894736842,2,0.763157895,1.5
F1,03/12/16,Monaco,Bastia,5,0,H,"2016-12-03 00:00:00",12,Monaco,2,Bastia,12,2.815789474,0.815789474,2,0.763157895,1.5
F1,03/12/16,Monaco,Bastia,5,0,H,"2016-12-03 00:00:00",12,Monaco,2,Bastia,12,2.815789474,0.815789474,2,0.763157895,1.5
F1,04/02/17,Montpellier,Bastia,2,1,H,"2017-02-04 00:00:00",13,Montpellier,2,Bastia,13,1.263157895,1.736842105,2,0.763157895,1.5
F1,04/02/17,Montpellier,Bastia,2,1,H,"2017-02-04 00:00:00",13,Montpellier,2,Bastia,13,1.263157895,1.736842105,2,0.763157895,1.5
F1,14/01/17,Nancy,Bastia,1,0,H,"2017-01-14 00:00:00",14,Nancy,2,Bastia,14,0.763157895,1.368421053,2,0.763157895,1.5
F1,14/01/17,Nancy,Bastia,1,0,H,"2017-01-14 00:00:00",14,Nancy,2,Bastia,14,0.763157895,1.368421053,2,0.763157895,1.5
F1,01/10/16,Nantes,Bastia,1,0,H,"2016-10-01 00:00:00",15,Nantes,2,Bastia,15,1.052631579,1.421052632,2,0.763157895,1.5
F1,01/10/16,Nantes,Bastia,1,0,H,"2016-10-01 00:00:00",15,Nantes,2,Bastia,15,1.052631579,1.421052632,2,0.763157895,1.5
F1,27/11/16,Nice,Bastia,1,1,D,"2016-11-27 00:00:00",16,Nice,2,Bastia,16,1.657894737,0.947368421,2,0.763157895,1.5
F1,27/11/16,Nice,Bastia,1,1,D,"2016-11-27 00:00:00",16,Nice,2,Bastia,16,1.657894737,0.947368421,2,0.763157895,1.5
F1,06/05/17,"Paris SG",Bastia,5,0,H,"2017-05-06 00:00:00",17,"Paris SG",2,Bastia,17,2.184210526,0.710526316,2,0.763157895,1.5
F1,06/05/17,"Paris SG",Bastia,5,0,H,"2017-05-06 00:00:00",17,"Paris SG",2,Bastia,17,2.184210526,0.710526316,2,0.763157895,1.5
F1,17/12/16,Rennes,Bastia,1,2,A,"2016-12-17 00:00:00",18,Rennes,2,Bastia,18,0.947368421,1.105263158,2,0.763157895,1.5
F1,17/12/16,Rennes,Bastia,1,2,A,"2016-12-17 00:00:00",18,Rennes,2,Bastia,18,0.947368421,1.105263158,2,0.763157895,1.5
F1,18/09/16,"St Etienne",Bastia,1,0,H,"2016-09-18 00:00:00",19,"St Etienne",2,Bastia,19,1.078947368,1.105263158,2,0.763157895,1.5
F1,18/09/16,"St Etienne",Bastia,1,0,H,"2016-09-18 00:00:00",19,"St Etienne",2,Bastia,19,1.078947368,1.105263158,2,0.763157895,1.5
F1,11/02/17,Toulouse,Bastia,4,1,H,"2017-02-11 00:00:00",20,Toulouse,2,Bastia,20,0.973684211,1.078947368,2,0.763157895,1.5
F1,11/02/17,Toulouse,Bastia,4,1,H,"2017-02-11 00:00:00",20,Toulouse,2,Bastia,20,0.973684211,1.078947368,2,0.763157895,1.5
F1,14/01/17,Angers,Bordeaux,1,1,D,"2017-01-14 00:00:00",1,Angers,3,Bordeaux,1,1.052631579,1.289473684,3,1.394736842,1.131578947
F1,14/01/17,Angers,Bordeaux,1,1,D,"2017-01-14 00:00:00",1,Angers,3,Bordeaux,1,1.052631579,1.289473684,3,1.394736842,1.131578947
F1,30/11/16,Bastia,Bordeaux,1,1,D,"2016-11-30 00:00:00",2,Bastia,3,Bordeaux,2,0.763157895,1.5,3,1.394736842,1.131578947
F1,30/11/16,Bastia,Bordeaux,1,1,D,"2016-11-30 00:00:00",2,Bastia,3,Bordeaux,2,0.763157895,1.5,3,1.394736842,1.131578947
F1,07/02/17,Caen,Bordeaux,0,4,A,"2017-02-07 00:00:00",4,Caen,3,Bordeaux,4,0.947368421,1.710526316,3,1.394736842,1.131578947
F1,07/02/17,Caen,Bordeaux,0,4,A,"2017-02-07 00:00:00",4,Caen,3,Bordeaux,4,0.947368421,1.710526316,3,1.394736842,1.131578947
F1,30/04/17,Dijon,Bordeaux,0,0,D,"2017-04-30 00:00:00",5,Dijon,3,Bordeaux,5,1.210526316,1.526315789,3,1.394736842,1.131578947
F1,30/04/17,Dijon,Bordeaux,0,0,D,"2017-04-30 00:00:00",5,Dijon,3,Bordeaux,5,1.210526316,1.526315789,3,1.394736842,1.131578947
F1,20/11/16,Guingamp,Bordeaux,1,1,D,"2016-11-20 00:00:00",6,Guingamp,3,Bordeaux,6,1.210526316,1.394736842,3,1.394736842,1.131578947
F1,20/11/16,Guingamp,Bordeaux,1,1,D,"2016-11-20 00:00:00",6,Guingamp,3,Bordeaux,6,1.210526316,1.394736842,3,1.394736842,1.131578947
F1,25/02/17,Lille,Bordeaux,2,3,A,"2017-02-25 00:00:00",7,Lille,3,Bordeaux,7,1.052631579,1.236842105,3,1.394736842,1.131578947
F1,25/02/17,Lille,Bordeaux,2,3,A,"2017-02-25 00:00:00",7,Lille,3,Bordeaux,7,1.052631579,1.236842105,3,1.394736842,1.131578947
F1,20/05/17,Lorient,Bordeaux,1,1,D,"2017-05-20 00:00:00",8,Lorient,3,Bordeaux,8,1.157894737,1.842105263,3,1.394736842,1.131578947
F1,20/05/17,Lorient,Bordeaux,1,1,D,"2017-05-20 00:00:00",8,Lorient,3,Bordeaux,8,1.157894737,1.842105263,3,1.394736842,1.131578947
F1,10/09/16,Lyon,Bordeaux,1,3,A,"2016-09-10 00:00:00",9,Lyon,3,Bordeaux,9,2.105263158,1.263157895,3,1.394736842,1.131578947
F1,10/09/16,Lyon,Bordeaux,1,3,A,"2016-09-10 00:00:00",9,Lyon,3,Bordeaux,9,2.105263158,1.263157895,3,1.394736842,1.131578947
F1,30/10/16,Marseille,Bordeaux,0,0,D,"2016-10-30 00:00:00",10,Marseille,3,Bordeaux,10,1.5,1.078947368,3,1.394736842,1.131578947
F1,30/10/16,Marseille,Bordeaux,0,0,D,"2016-10-30 00:00:00",10,Marseille,3,Bordeaux,10,1.5,1.078947368,3,1.394736842,1.131578947
F1,21/09/16,Metz,Bordeaux,0,3,A,"2016-09-21 00:00:00",11,Metz,3,Bordeaux,11,1.026315789,1.894736842,3,1.394736842,1.131578947
F1,21/09/16,Metz,Bordeaux,0,3,A,"2016-09-21 00:00:00",11,Metz,3,Bordeaux,11,1.026315789,1.894736842,3,1.394736842,1.131578947
F1,11/03/17,Monaco,Bordeaux,2,1,H,"2017-03-11 00:00:00",12,Monaco,3,Bordeaux,12,2.815789474,0.815789474,3,1.394736842,1.131578947
F1,11/03/17,Monaco,Bordeaux,2,1,H,"2017-03-11 00:00:00",12,Monaco,3,Bordeaux,12,2.815789474,0.815789474,3,1.394736842,1.131578947
F1,17/12/16,Montpellier,Bordeaux,4,0,H,"2016-12-17 00:00:00",13,Montpellier,3,Bordeaux,13,1.263157895,1.736842105,3,1.394736842,1.131578947
F1,17/12/16,Montpellier,Bordeaux,4,0,H,"2016-12-17 00:00:00",13,Montpellier,3,Bordeaux,13,1.263157895,1.736842105,3,1.394736842,1.131578947
F1,28/01/17,Nancy,Bordeaux,0,2,A,"2017-01-28 00:00:00",14,Nancy,3,Bordeaux,14,0.763157895,1.368421053,3,1.394736842,1.131578947
F1,28/01/17,Nancy,Bordeaux,0,2,A,"2017-01-28 00:00:00",14,Nancy,3,Bordeaux,14,0.763157895,1.368421053,3,1.394736842,1.131578947
F1,16/04/17,Nantes,Bordeaux,0,1,A,"2017-04-16 00:00:00",15,Nantes,3,Bordeaux,15,1.052631579,1.421052632,3,1.394736842,1.131578947
F1,16/04/17,Nantes,Bordeaux,0,1,A,"2017-04-16 00:00:00",15,Nantes,3,Bordeaux,15,1.052631579,1.421052632,3,1.394736842,1.131578947
F1,02/04/17,Nice,Bordeaux,2,1,H,"2017-04-02 00:00:00",16,Nice,3,Bordeaux,16,1.657894737,0.947368421,3,1.394736842,1.131578947
F1,02/04/17,Nice,Bordeaux,2,1,H,"2017-04-02 00:00:00",16,Nice,3,Bordeaux,16,1.657894737,0.947368421,3,1.394736842,1.131578947
F1,01/10/16,"Paris SG",Bordeaux,2,0,H,"2016-10-01 00:00:00",17,"Paris SG",3,Bordeaux,17,2.184210526,0.710526316,3,1.394736842,1.131578947
F1,01/10/16,"Paris SG",Bordeaux,2,0,H,"2016-10-01 00:00:00",17,"Paris SG",3,Bordeaux,17,2.184210526,0.710526316,3,1.394736842,1.131578947
F1,16/10/16,Rennes,Bordeaux,1,1,D,"2016-10-16 00:00:00",18,Rennes,3,Bordeaux,18,0.947368421,1.105263158,3,1.394736842,1.131578947
F1,16/10/16,Rennes,Bordeaux,1,1,D,"2016-10-16 00:00:00",18,Rennes,3,Bordeaux,18,0.947368421,1.105263158,3,1.394736842,1.131578947
F1,05/05/17,"St Etienne",Bordeaux,2,2,D,"2017-05-05 00:00:00",19,"St Etienne",3,Bordeaux,19,1.078947368,1.105263158,3,1.394736842,1.131578947
F1,05/05/17,"St Etienne",Bordeaux,2,2,D,"2017-05-05 00:00:00",19,"St Etienne",3,Bordeaux,19,1.078947368,1.105263158,3,1.394736842,1.131578947
F1,20/08/16,Toulouse,Bordeaux,4,1,H,"2016-08-20 00:00:00",20,Toulouse,3,Bordeaux,20,0.973684211,1.078947368,3,1.394736842,1.131578947
F1,20/08/16,Toulouse,Bordeaux,4,1,H,"2016-08-20 00:00:00",20,Toulouse,3,Bordeaux,20,0.973684211,1.078947368,3,1.394736842,1.131578947
F1,21/09/16,Angers,Caen,2,1,H,"2016-09-21 00:00:00",1,Angers,4,Caen,1,1.052631579,1.289473684,4,0.947368421,1.710526316
F1,21/09/16,Angers,Caen,2,1,H,"2016-09-21 00:00:00",1,Angers,4,Caen,1,1.052631579,1.289473684,4,0.947368421,1.710526316
F1,28/01/17,Bastia,Caen,1,1,D,"2017-01-28 00:00:00",2,Bastia,4,Caen,2,0.763157895,1.5,4,0.947368421,1.710526316
F1,28/01/17,Bastia,Caen,1,1,D,"2017-01-28 00:00:00",2,Bastia,4,Caen,2,0.763157895,1.5,4,0.947368421,1.710526316
F1,24/09/16,Bordeaux,Caen,0,0,D,"2016-09-24 00:00:00",3,Bordeaux,4,Caen,3,1.394736842,1.131578947,4,0.947368421,1.710526316
F1,24/09/16,Bordeaux,Caen,0,0,D,"2016-09-24 00:00:00",3,Bordeaux,4,Caen,3,1.394736842,1.131578947,4,0.947368421,1.710526316
F1,11/02/17,Dijon,Caen,2,0,H,"2017-02-11 00:00:00",5,Dijon,4,Caen,5,1.210526316,1.526315789,4,0.947368421,1.710526316
F1,11/02/17,Dijon,Caen,2,0,H,"2017-02-11 00:00:00",5,Dijon,4,Caen,5,1.210526316,1.526315789,4,0.947368421,1.710526316
F1,04/02/17,Guingamp,Caen,0,1,A,"2017-02-04 00:00:00",6,Guingamp,4,Caen,6,1.210526316,1.394736842,4,0.947368421,1.710526316
F1,04/02/17,Guingamp,Caen,0,1,A,"2017-02-04 00:00:00",6,Guingamp,4,Caen,6,1.210526316,1.394736842,4,0.947368421,1.710526316
F1,29/11/16,Lille,Caen,4,2,H,"2016-11-29 00:00:00",7,Lille,4,Caen,7,1.052631579,1.236842105,4,0.947368421,1.710526316
F1,29/11/16,Lille,Caen,4,2,H,"2016-11-29 00:00:00",7,Lille,4,Caen,7,1.052631579,1.236842105,4,0.947368421,1.710526316
F1,02/04/17,Lorient,Caen,1,0,H,"2017-04-02 00:00:00",8,Lorient,4,Caen,8,1.157894737,1.842105263,4,0.947368421,1.710526316
F1,02/04/17,Lorient,Caen,1,0,H,"2017-04-02 00:00:00",8,Lorient,4,Caen,8,1.157894737,1.842105263,4,0.947368421,1.710526316
F1,19/08/16,Lyon,Caen,2,0,H,"2016-08-19 00:00:00",9,Lyon,4,Caen,9,2.105263158,1.263157895,4,0.947368421,1.710526316
F1,19/08/16,Lyon,Caen,2,0,H,"2016-08-19 00:00:00",9,Lyon,4,Caen,9,2.105263158,1.263157895,4,0.947368421,1.710526316
F1,20/11/16,Marseille,Caen,1,0,H,"2016-11-20 00:00:00",10,Marseille,4,Caen,10,1.5,1.078947368,4,0.947368421,1.710526316
F1,20/11/16,Marseille,Caen,1,0,H,"2016-11-20 00:00:00",10,Marseille,4,Caen,10,1.5,1.078947368,4,0.947368421,1.710526316
F1,15/04/17,Metz,Caen,2,2,D,"2017-04-15 00:00:00",11,Metz,4,Caen,11,1.026315789,1.894736842,4,0.947368421,1.710526316
F1,15/04/17,Metz,Caen,2,2,D,"2017-04-15 00:00:00",11,Metz,4,Caen,11,1.026315789,1.894736842,4,0.947368421,1.710526316
F1,21/12/16,Monaco,Caen,2,1,H,"2016-12-21 00:00:00",12,Monaco,4,Caen,12,2.815789474,0.815789474,4,0.947368421,1.710526316
F1,21/12/16,Monaco,Caen,2,1,H,"2016-12-21 00:00:00",12,Monaco,4,Caen,12,2.815789474,0.815789474,4,0.947368421,1.710526316
F1,15/10/16,Montpellier,Caen,3,2,H,"2016-10-15 00:00:00",13,Montpellier,4,Caen,13,1.263157895,1.736842105,4,0.947368421,1.710526316
F1,15/10/16,Montpellier,Caen,3,2,H,"2016-10-15 00:00:00",13,Montpellier,4,Caen,13,1.263157895,1.736842105,4,0.947368421,1.710526316
F1,29/10/16,Nancy,Caen,2,0,H,"2016-10-29 00:00:00",14,Nancy,4,Caen,14,0.763157895,1.368421053,4,0.947368421,1.710526316
F1,29/10/16,Nancy,Caen,2,0,H,"2016-10-29 00:00:00",14,Nancy,4,Caen,14,0.763157895,1.368421053,4,0.947368421,1.710526316
F1,18/01/17,Nantes,Caen,1,0,H,"2017-01-18 00:00:00",15,Nantes,4,Caen,15,1.052631579,1.421052632,4,0.947368421,1.710526316
F1,18/01/17,Nantes,Caen,1,0,H,"2017-01-18 00:00:00",15,Nantes,4,Caen,15,1.052631579,1.421052632,4,0.947368421,1.710526316
F1,10/03/17,Nice,Caen,2,2,D,"2017-03-10 00:00:00",16,Nice,4,Caen,16,1.657894737,0.947368421,4,0.947368421,1.710526316
F1,10/03/17,Nice,Caen,2,2,D,"2017-03-10 00:00:00",16,Nice,4,Caen,16,1.657894737,0.947368421,4,0.947368421,1.710526316
F1,20/05/17,"Paris SG",Caen,1,1,D,"2017-05-20 00:00:00",17,"Paris SG",4,Caen,17,2.184210526,0.710526316,4,0.947368421,1.710526316
F1,20/05/17,"Paris SG",Caen,1,1,D,"2017-05-20 00:00:00",17,"Paris SG",4,Caen,17,2.184210526,0.710526316,4,0.947368421,1.710526316
F1,11/09/16,Rennes,Caen,2,0,H,"2016-09-11 00:00:00",18,Rennes,4,Caen,18,0.947368421,1.105263158,4,0.947368421,1.710526316
F1,11/09/16,Rennes,Caen,2,0,H,"2016-09-11 00:00:00",18,Rennes,4,Caen,18,0.947368421,1.105263158,4,0.947368421,1.710526316
F1,26/02/17,"St Etienne",Caen,0,1,A,"2017-02-26 00:00:00",19,"St Etienne",4,Caen,19,1.078947368,1.105263158,4,0.947368421,1.710526316
F1,26/02/17,"St Etienne",Caen,0,1,A,"2017-02-26 00:00:00",19,"St Etienne",4,Caen,19,1.078947368,1.105263158,4,0.947368421,1.710526316
F1,06/05/17,Toulouse,Caen,0,1,A,"2017-05-06 00:00:00",20,Toulouse,4,Caen,20,0.973684211,1.078947368,4,0.947368421,1.710526316
F1,06/05/17,Toulouse,Caen,0,1,A,"2017-05-06 00:00:00",20,Toulouse,4,Caen,20,0.973684211,1.078947368,4,0.947368421,1.710526316
F1,10/09/16,Angers,Dijon,3,1,H,"2016-09-10 00:00:00",1,Angers,5,Dijon,1,1.052631579,1.289473684,5,1.210526316,1.526315789
F1,10/09/16,Angers,Dijon,3,1,H,"2016-09-10 00:00:00",1,Angers,5,Dijon,1,1.052631579,1.289473684,5,1.210526316,1.526315789
F1,29/10/16,Bastia,Dijon,0,0,D,"2016-10-29 00:00:00",2,Bastia,5,Dijon,2,0.763157895,1.5,5,1.210526316,1.526315789
F1,29/10/16,Bastia,Dijon,0,0,D,"2016-10-29 00:00:00",2,Bastia,5,Dijon,2,0.763157895,1.5,5,1.210526316,1.526315789
F1,26/11/16,Bordeaux,Dijon,3,2,H,"2016-11-26 00:00:00",3,Bordeaux,5,Dijon,3,1.394736842,1.131578947,5,1.210526316,1.526315789
F1,26/11/16,Bordeaux,Dijon,3,2,H,"2016-11-26 00:00:00",3,Bordeaux,5,Dijon,3,1.394736842,1.131578947,5,1.210526316,1.526315789
F1,02/12/16,Caen,Dijon,3,3,D,"2016-12-02 00:00:00",4,Caen,5,Dijon,4,0.947368421,1.710526316,5,1.210526316,1.526315789
F1,02/12/16,Caen,Dijon,3,3,D,"2016-12-02 00:00:00",4,Caen,5,Dijon,4,0.947368421,1.710526316,5,1.210526316,1.526315789
F1,06/05/17,Guingamp,Dijon,4,0,H,"2017-05-06 00:00:00",6,Guingamp,5,Dijon,6,1.210526316,1.394736842,5,1.210526316,1.526315789
F1,06/05/17,Guingamp,Dijon,4,0,H,"2017-05-06 00:00:00",6,Guingamp,5,Dijon,6,1.210526316,1.394736842,5,1.210526316,1.526315789
F1,20/08/16,Lille,Dijon,1,0,H,"2016-08-20 00:00:00",7,Lille,5,Dijon,7,1.052631579,1.236842105,5,1.210526316,1.526315789
F1,20/08/16,Lille,Dijon,1,0,H,"2016-08-20 00:00:00",7,Lille,5,Dijon,7,1.052631579,1.236842105,5,1.210526316,1.526315789
F1,28/01/17,Lorient,Dijon,2,3,A,"2017-01-28 00:00:00",8,Lorient,5,Dijon,8,1.157894737,1.842105263,5,1.210526316,1.526315789
F1,28/01/17,Lorient,Dijon,2,3,A,"2017-01-28 00:00:00",8,Lorient,5,Dijon,8,1.157894737,1.842105263,5,1.210526316,1.526315789
F1,19/02/17,Lyon,Dijon,4,2,H,"2017-02-19 00:00:00",9,Lyon,5,Dijon,9,2.105263158,1.263157895,5,1.210526316,1.526315789
F1,19/02/17,Lyon,Dijon,4,2,H,"2017-02-19 00:00:00",9,Lyon,5,Dijon,9,2.105263158,1.263157895,5,1.210526316,1.526315789
F1,01/04/17,Marseille,Dijon,1,1,D,"2017-04-01 00:00:00",10,Marseille,5,Dijon,10,1.5,1.078947368,5,1.210526316,1.526315789
F1,01/04/17,Marseille,Dijon,1,1,D,"2017-04-01 00:00:00",10,Marseille,5,Dijon,10,1.5,1.078947368,5,1.210526316,1.526315789
F1,08/02/17,Metz,Dijon,2,1,H,"2017-02-08 00:00:00",11,Metz,5,Dijon,11,1.026315789,1.894736842,5,1.210526316,1.526315789
F1,08/02/17,Metz,Dijon,2,1,H,"2017-02-08 00:00:00",11,Metz,5,Dijon,11,1.026315789,1.894736842,5,1.210526316,1.526315789
F1,15/04/17,Monaco,Dijon,2,1,H,"2017-04-15 00:00:00",12,Monaco,5,Dijon,12,2.815789474,0.815789474,5,1.210526316,1.526315789
F1,15/04/17,Monaco,Dijon,2,1,H,"2017-04-15 00:00:00",12,Monaco,5,Dijon,12,2.815789474,0.815789474,5,1.210526316,1.526315789
F1,14/01/17,Montpellier,Dijon,1,1,D,"2017-01-14 00:00:00",13,Montpellier,5,Dijon,13,1.263157895,1.736842105,5,1.210526316,1.526315789
F1,14/01/17,Montpellier,Dijon,1,1,D,"2017-01-14 00:00:00",13,Montpellier,5,Dijon,13,1.263157895,1.736842105,5,1.210526316,1.526315789
F1,19/11/16,Nancy,Dijon,1,0,H,"2016-11-19 00:00:00",14,Nancy,5,Dijon,14,0.763157895,1.368421053,5,1.210526316,1.526315789
F1,19/11/16,Nancy,Dijon,1,0,H,"2016-11-19 00:00:00",14,Nancy,5,Dijon,14,0.763157895,1.368421053,5,1.210526316,1.526315789
F1,24/02/17,Nantes,Dijon,3,1,H,"2017-02-24 00:00:00",15,Nantes,5,Dijon,15,1.052631579,1.421052632,5,1.210526316,1.526315789
F1,24/02/17,Nantes,Dijon,3,1,H,"2017-02-24 00:00:00",15,Nantes,5,Dijon,15,1.052631579,1.421052632,5,1.210526316,1.526315789
F1,18/12/16,Nice,Dijon,2,1,H,"2016-12-18 00:00:00",16,Nice,5,Dijon,16,1.657894737,0.947368421,5,1.210526316,1.526315789
F1,18/12/16,Nice,Dijon,2,1,H,"2016-12-18 00:00:00",16,Nice,5,Dijon,16,1.657894737,0.947368421,5,1.210526316,1.526315789
F1,20/09/16,"Paris SG",Dijon,3,0,H,"2016-09-20 00:00:00",17,"Paris SG",5,Dijon,17,2.184210526,0.710526316,5,1.210526316,1.526315789
F1,20/09/16,"Paris SG",Dijon,3,0,H,"2016-09-20 00:00:00",17,"Paris SG",5,Dijon,17,2.184210526,0.710526316,5,1.210526316,1.526315789
F1,11/03/17,Rennes,Dijon,1,1,D,"2017-03-11 00:00:00",18,Rennes,5,Dijon,18,0.947368421,1.105263158,5,1.210526316,1.526315789
F1,11/03/17,Rennes,Dijon,1,1,D,"2017-03-11 00:00:00",18,Rennes,5,Dijon,18,0.947368421,1.105263158,5,1.210526316,1.526315789
F1,16/10/16,"St Etienne",Dijon,1,1,D,"2016-10-16 00:00:00",19,"St Etienne",5,Dijon,19,1.078947368,1.105263158,5,1.210526316,1.526315789
F1,16/10/16,"St Etienne",Dijon,1,1,D,"2016-10-16 00:00:00",19,"St Etienne",5,Dijon,19,1.078947368,1.105263158,5,1.210526316,1.526315789
F1,20/05/17,Toulouse,Dijon,0,0,D,"2017-05-20 00:00:00",20,Toulouse,5,Dijon,20,0.973684211,1.078947368,5,1.210526316,1.526315789
F1,20/05/17,Toulouse,Dijon,0,0,D,"2017-05-20 00:00:00",20,Toulouse,5,Dijon,20,0.973684211,1.078947368,5,1.210526316,1.526315789
F1,18/03/17,Angers,Guingamp,3,0,H,"2017-03-18 00:00:00",1,Angers,6,Guingamp,1,1.052631579,1.289473684,6,1.210526316,1.394736842
F1,18/03/17,Angers,Guingamp,3,0,H,"2017-03-18 00:00:00",1,Angers,6,Guingamp,1,1.052631579,1.289473684,6,1.210526316,1.394736842
F1,24/09/16,Bastia,Guingamp,1,0,H,"2016-09-24 00:00:00",2,Bastia,6,Guingamp,2,0.763157895,1.5,6,1.210526316,1.394736842
F1,24/09/16,Bastia,Guingamp,1,0,H,"2016-09-24 00:00:00",2,Bastia,6,Guingamp,2,0.763157895,1.5,6,1.210526316,1.394736842
F1,19/02/17,Bordeaux,Guingamp,3,0,H,"2017-02-19 00:00:00",3,Bordeaux,6,Guingamp,3,1.394736842,1.131578947,6,1.210526316,1.394736842
F1,19/02/17,Bordeaux,Guingamp,3,0,H,"2017-02-19 00:00:00",3,Bordeaux,6,Guingamp,3,1.394736842,1.131578947,6,1.210526316,1.394736842
F1,26/11/16,Caen,Guingamp,1,1,D,"2016-11-26 00:00:00",4,Caen,6,Guingamp,4,0.947368421,1.710526316,6,1.210526316,1.394736842
F1,26/11/16,Caen,Guingamp,1,1,D,"2016-11-26 00:00:00",4,Caen,6,Guingamp,4,0.947368421,1.710526316,6,1.210526316,1.394736842
F1,05/11/16,Dijon,Guingamp,3,3,D,"2016-11-05 00:00:00",5,Dijon,6,Guingamp,5,1.210526316,1.526315789,6,1.210526316,1.394736842
F1,05/11/16,Dijon,Guingamp,3,3,D,"2016-11-05 00:00:00",5,Dijon,6,Guingamp,5,1.210526316,1.526315789,6,1.210526316,1.394736842
F1,22/04/17,Lille,Guingamp,3,0,H,"2017-04-22 00:00:00",7,Lille,6,Guingamp,7,1.052631579,1.236842105,6,1.210526316,1.394736842
F1,22/04/17,Lille,Guingamp,3,0,H,"2017-04-22 00:00:00",7,Lille,6,Guingamp,7,1.052631579,1.236842105,6,1.210526316,1.394736842
F1,14/01/17,Lorient,Guingamp,3,1,H,"2017-01-14 00:00:00",8,Lorient,6,Guingamp,8,1.157894737,1.842105263,6,1.210526316,1.394736842
F1,14/01/17,Lorient,Guingamp,3,1,H,"2017-01-14 00:00:00",8,Lorient,6,Guingamp,8,1.157894737,1.842105263,6,1.210526316,1.394736842
F1,22/10/16,Lyon,Guingamp,1,3,A,"2016-10-22 00:00:00",9,Lyon,6,Guingamp,9,2.105263158,1.263157895,6,1.210526316,1.394736842
F1,22/10/16,Lyon,Guingamp,1,3,A,"2016-10-22 00:00:00",9,Lyon,6,Guingamp,9,2.105263158,1.263157895,6,1.210526316,1.394736842
F1,08/02/17,Marseille,Guingamp,2,0,H,"2017-02-08 00:00:00",10,Marseille,6,Guingamp,10,1.5,1.078947368,6,1.210526316,1.394736842
F1,08/02/17,Marseille,Guingamp,2,0,H,"2017-02-08 00:00:00",10,Marseille,6,Guingamp,10,1.5,1.078947368,6,1.210526316,1.394736842
F1,21/12/16,Metz,Guingamp,2,2,D,"2016-12-21 00:00:00",11,Metz,6,Guingamp,11,1.026315789,1.894736842,6,1.210526316,1.394736842
F1,21/12/16,Metz,Guingamp,2,2,D,"2016-12-21 00:00:00",11,Metz,6,Guingamp,11,1.026315789,1.894736842,6,1.210526316,1.394736842
F1,12/08/16,Monaco,Guingamp,2,2,D,"2016-08-12 00:00:00",12,Monaco,6,Guingamp,12,2.815789474,0.815789474,6,1.210526316,1.394736842
F1,12/08/16,Monaco,Guingamp,2,2,D,"2016-08-12 00:00:00",12,Monaco,6,Guingamp,12,2.815789474,0.815789474,6,1.210526316,1.394736842
F1,04/03/17,Montpellier,Guingamp,1,1,D,"2017-03-04 00:00:00",13,Montpellier,6,Guingamp,13,1.263157895,1.736842105,6,1.210526316,1.394736842
F1,04/03/17,Montpellier,Guingamp,1,1,D,"2017-03-04 00:00:00",13,Montpellier,6,Guingamp,13,1.263157895,1.736842105,6,1.210526316,1.394736842
F1,27/08/16,Nancy,Guingamp,0,2,A,"2016-08-27 00:00:00",14,Nancy,6,Guingamp,14,0.763157895,1.368421053,6,1.210526316,1.394736842
F1,27/08/16,Nancy,Guingamp,0,2,A,"2016-08-27 00:00:00",14,Nancy,6,Guingamp,14,0.763157895,1.368421053,6,1.210526316,1.394736842
F1,14/05/17,Nantes,Guingamp,4,1,H,"2017-05-14 00:00:00",15,Nantes,6,Guingamp,15,1.052631579,1.421052632,6,1.210526316,1.394736842
F1,14/05/17,Nantes,Guingamp,4,1,H,"2017-05-14 00:00:00",15,Nantes,6,Guingamp,15,1.052631579,1.421052632,6,1.210526316,1.394736842
F1,29/01/17,Nice,Guingamp,3,1,H,"2017-01-29 00:00:00",16,Nice,6,Guingamp,16,1.657894737,0.947368421,6,1.210526316,1.394736842
F1,29/01/17,Nice,Guingamp,3,1,H,"2017-01-29 00:00:00",16,Nice,6,Guingamp,16,1.657894737,0.947368421,6,1.210526316,1.394736842
F1,09/04/17,"Paris SG",Guingamp,4,0,H,"2017-04-09 00:00:00",17,"Paris SG",6,Guingamp,17,2.184210526,0.710526316,6,1.210526316,1.394736842
F1,09/04/17,"Paris SG",Guingamp,4,0,H,"2017-04-09 00:00:00",17,"Paris SG",6,Guingamp,17,2.184210526,0.710526316,6,1.210526316,1.394736842
F1,30/09/16,Rennes,Guingamp,1,0,H,"2016-09-30 00:00:00",18,Rennes,6,Guingamp,18,0.947368421,1.105263158,6,1.210526316,1.394736842
F1,30/09/16,Rennes,Guingamp,1,0,H,"2016-09-30 00:00:00",18,Rennes,6,Guingamp,18,0.947368421,1.105263158,6,1.210526316,1.394736842
F1,11/12/16,"St Etienne",Guingamp,1,0,H,"2016-12-11 00:00:00",19,"St Etienne",6,Guingamp,19,1.078947368,1.105263158,6,1.210526316,1.394736842
F1,11/12/16,"St Etienne",Guingamp,1,0,H,"2016-12-11 00:00:00",19,"St Etienne",6,Guingamp,19,1.078947368,1.105263158,6,1.210526316,1.394736842
F1,17/09/16,Toulouse,Guingamp,2,1,H,"2016-09-17 00:00:00",20,Toulouse,6,Guingamp,20,0.973684211,1.078947368,6,1.210526316,1.394736842
F1,17/09/16,Toulouse,Guingamp,2,1,H,"2016-09-17 00:00:00",20,Toulouse,6,Guingamp,20,0.973684211,1.078947368,6,1.210526316,1.394736842
F1,05/11/16,Angers,Lille,1,0,H,"2016-11-05 00:00:00",1,Angers,7,Lille,1,1.052631579,1.289473684,7,1.052631579,1.236842105
F1,05/11/16,Angers,Lille,1,0,H,"2016-11-05 00:00:00",1,Angers,7,Lille,1,1.052631579,1.289473684,7,1.052631579,1.236842105
F1,01/04/17,Bastia,Lille,0,1,A,"2017-04-01 00:00:00",2,Bastia,7,Lille,2,0.763157895,1.5,7,1.052631579,1.236842105
F1,01/04/17,Bastia,Lille,0,1,A,"2017-04-01 00:00:00",2,Bastia,7,Lille,2,0.763157895,1.5,7,1.052631579,1.236842105
F1,03/12/16,Bordeaux,Lille,0,1,A,"2016-12-03 00:00:00",3,Bordeaux,7,Lille,3,1.394736842,1.131578947,7,1.052631579,1.236842105
F1,03/12/16,Bordeaux,Lille,0,1,A,"2016-12-03 00:00:00",3,Bordeaux,7,Lille,3,1.394736842,1.131578947,7,1.052631579,1.236842105
F1,18/02/17,Caen,Lille,0,1,A,"2017-02-18 00:00:00",4,Caen,7,Lille,4,0.947368421,1.710526316,7,1.052631579,1.236842105
F1,18/02/17,Caen,Lille,0,1,A,"2017-02-18 00:00:00",4,Caen,7,Lille,4,0.947368421,1.710526316,7,1.052631579,1.236842105
F1,21/01/17,Dijon,Lille,0,0,D,"2017-01-21 00:00:00",5,Dijon,7,Lille,5,1.210526316,1.526315789,7,1.052631579,1.236842105
F1,21/01/17,Dijon,Lille,0,0,D,"2017-01-21 00:00:00",5,Dijon,7,Lille,5,1.210526316,1.526315789,7,1.052631579,1.236842105
F1,15/10/16,Guingamp,Lille,1,0,H,"2016-10-15 00:00:00",6,Guingamp,7,Lille,6,1.210526316,1.394736842,7,1.052631579,1.236842105
F1,15/10/16,Guingamp,Lille,1,0,H,"2016-10-15 00:00:00",6,Guingamp,7,Lille,6,1.210526316,1.394736842,7,1.052631579,1.236842105
F1,17/09/16,Lorient,Lille,1,0,H,"2016-09-17 00:00:00",8,Lorient,7,Lille,8,1.157894737,1.842105263,7,1.052631579,1.236842105
F1,17/09/16,Lorient,Lille,1,0,H,"2016-09-17 00:00:00",8,Lorient,7,Lille,8,1.157894737,1.842105263,7,1.052631579,1.236842105
F1,28/01/17,Lyon,Lille,1,2,A,"2017-01-28 00:00:00",9,Lyon,7,Lille,9,2.105263158,1.263157895,7,1.052631579,1.236842105
F1,28/01/17,Lyon,Lille,1,2,A,"2017-01-28 00:00:00",9,Lyon,7,Lille,9,2.105263158,1.263157895,7,1.052631579,1.236842105
F1,18/12/16,Marseille,Lille,2,0,H,"2016-12-18 00:00:00",10,Marseille,7,Lille,10,1.5,1.078947368,7,1.052631579,1.236842105
F1,18/12/16,Marseille,Lille,2,0,H,"2016-12-18 00:00:00",10,Marseille,7,Lille,10,1.5,1.078947368,7,1.052631579,1.236842105
F1,13/08/16,Metz,Lille,3,2,H,"2016-08-13 00:00:00",11,Metz,7,Lille,11,1.026315789,1.894736842,7,1.052631579,1.236842105
F1,13/08/16,Metz,Lille,3,2,H,"2016-08-13 00:00:00",11,Metz,7,Lille,11,1.026315789,1.894736842,7,1.052631579,1.236842105
F1,14/05/17,Monaco,Lille,4,0,H,"2017-05-14 00:00:00",12,Monaco,7,Lille,12,2.815789474,0.815789474,7,1.052631579,1.236842105
F1,14/05/17,Monaco,Lille,4,0,H,"2017-05-14 00:00:00",12,Monaco,7,Lille,12,2.815789474,0.815789474,7,1.052631579,1.236842105
F1,29/04/17,Montpellier,Lille,0,3,A,"2017-04-29 00:00:00",13,Montpellier,7,Lille,13,1.263157895,1.736842105,7,1.052631579,1.236842105
F1,29/04/17,Montpellier,Lille,0,3,A,"2017-04-29 00:00:00",13,Montpellier,7,Lille,13,1.263157895,1.736842105,7,1.052631579,1.236842105
F1,11/03/17,Nancy,Lille,1,2,A,"2017-03-11 00:00:00",14,Nancy,7,Lille,14,0.763157895,1.368421053,7,1.052631579,1.236842105
F1,11/03/17,Nancy,Lille,1,2,A,"2017-03-11 00:00:00",14,Nancy,7,Lille,14,0.763157895,1.368421053,7,1.052631579,1.236842105
F1,26/11/16,Nantes,Lille,0,0,D,"2016-11-26 00:00:00",15,Nantes,7,Lille,15,1.052631579,1.421052632,7,1.052631579,1.236842105
F1,26/11/16,Nantes,Lille,0,0,D,"2016-11-26 00:00:00",15,Nantes,7,Lille,15,1.052631579,1.421052632,7,1.052631579,1.236842105
F1,27/08/16,Nice,Lille,1,1,D,"2016-08-27 00:00:00",16,Nice,7,Lille,16,1.657894737,0.947368421,7,1.052631579,1.236842105
F1,27/08/16,Nice,Lille,1,1,D,"2016-08-27 00:00:00",16,Nice,7,Lille,16,1.657894737,0.947368421,7,1.052631579,1.236842105
F1,07/02/17,"Paris SG",Lille,2,1,H,"2017-02-07 00:00:00",17,"Paris SG",7,Lille,17,2.184210526,0.710526316,7,1.052631579,1.236842105
F1,07/02/17,"Paris SG",Lille,2,1,H,"2017-02-07 00:00:00",17,"Paris SG",7,Lille,17,2.184210526,0.710526316,7,1.052631579,1.236842105
F1,15/04/17,Rennes,Lille,2,0,H,"2017-04-15 00:00:00",18,Rennes,7,Lille,18,0.947368421,1.105263158,7,1.052631579,1.236842105
F1,15/04/17,Rennes,Lille,2,0,H,"2017-04-15 00:00:00",18,Rennes,7,Lille,18,0.947368421,1.105263158,7,1.052631579,1.236842105
F1,25/09/16,"St Etienne",Lille,3,1,H,"2016-09-25 00:00:00",19,"St Etienne",7,Lille,19,1.078947368,1.105263158,7,1.052631579,1.236842105
F1,25/09/16,"St Etienne",Lille,3,1,H,"2016-09-25 00:00:00",19,"St Etienne",7,Lille,19,1.078947368,1.105263158,7,1.052631579,1.236842105
F1,05/03/17,Toulouse,Lille,1,1,D,"2017-03-05 00:00:00",20,Toulouse,7,Lille,20,0.973684211,1.078947368,7,1.052631579,1.236842105
F1,05/03/17,Toulouse,Lille,1,1,D,"2017-03-05 00:00:00",20,Toulouse,7,Lille,20,0.973684211,1.078947368,7,1.052631579,1.236842105
F1,03/12/16,Angers,Lorient,2,2,D,"2016-12-03 00:00:00",1,Angers,8,Lorient,1,1.052631579,1.289473684,8,1.157894737,1.842105263
F1,03/12/16,Angers,Lorient,2,2,D,"2016-12-03 00:00:00",1,Angers,8,Lorient,1,1.052631579,1.289473684,8,1.157894737,1.842105263
F1,14/05/17,Bastia,Lorient,2,0,H,"2017-05-14 00:00:00",2,Bastia,8,Lorient,2,0.763157895,1.5,8,1.157894737,1.842105263
F1,14/05/17,Bastia,Lorient,2,0,H,"2017-05-14 00:00:00",2,Bastia,8,Lorient,2,0.763157895,1.5,8,1.157894737,1.842105263
F1,05/11/16,Bordeaux,Lorient,2,1,H,"2016-11-05 00:00:00",3,Bordeaux,8,Lorient,3,1.394736842,1.131578947,8,1.157894737,1.842105263
F1,05/11/16,Bordeaux,Lorient,2,1,H,"2016-11-05 00:00:00",3,Bordeaux,8,Lorient,3,1.394736842,1.131578947,8,1.157894737,1.842105263
F1,13/08/16,Caen,Lorient,3,2,H,"2016-08-13 00:00:00",4,Caen,8,Lorient,4,0.947368421,1.710526316,8,1.157894737,1.842105263
F1,13/08/16,Caen,Lorient,3,2,H,"2016-08-13 00:00:00",4,Caen,8,Lorient,4,0.947368421,1.710526316,8,1.157894737,1.842105263
F1,22/10/16,Dijon,Lorient,1,0,H,"2016-10-22 00:00:00",5,Dijon,8,Lorient,5,1.210526316,1.526315789,8,1.157894737,1.842105263
F1,22/10/16,Dijon,Lorient,1,0,H,"2016-10-22 00:00:00",5,Dijon,8,Lorient,5,1.210526316,1.526315789,8,1.157894737,1.842105263
F1,21/09/16,Guingamp,Lorient,1,0,H,"2016-09-21 00:00:00",6,Guingamp,8,Lorient,6,1.210526316,1.394736842,8,1.157894737,1.842105263
F1,21/09/16,Guingamp,Lorient,1,0,H,"2016-09-21 00:00:00",6,Guingamp,8,Lorient,6,1.210526316,1.394736842,8,1.157894737,1.842105263
F1,04/02/17,Lille,Lorient,0,1,A,"2017-02-04 00:00:00",7,Lille,8,Lorient,7,1.052631579,1.236842105,8,1.157894737,1.842105263
F1,04/02/17,Lille,Lorient,0,1,A,"2017-02-04 00:00:00",7,Lille,8,Lorient,7,1.052631579,1.236842105,8,1.157894737,1.842105263
F1,08/04/17,Lyon,Lorient,1,4,A,"2017-04-08 00:00:00",9,Lyon,8,Lorient,9,2.105263158,1.263157895,8,1.157894737,1.842105263
F1,08/04/17,Lyon,Lorient,1,4,A,"2017-04-08 00:00:00",9,Lyon,8,Lorient,9,2.105263158,1.263157895,8,1.157894737,1.842105263
F1,26/08/16,Marseille,Lorient,2,0,H,"2016-08-26 00:00:00",10,Marseille,8,Lorient,10,1.5,1.078947368,8,1.157894737,1.842105263
F1,26/08/16,Marseille,Lorient,2,0,H,"2016-08-26 00:00:00",10,Marseille,8,Lorient,10,1.5,1.078947368,8,1.157894737,1.842105263
F1,26/11/16,Metz,Lorient,3,3,D,"2016-11-26 00:00:00",11,Metz,8,Lorient,11,1.026315789,1.894736842,8,1.157894737,1.842105263
F1,26/11/16,Metz,Lorient,3,3,D,"2016-11-26 00:00:00",11,Metz,8,Lorient,11,1.026315789,1.894736842,8,1.157894737,1.842105263
F1,22/01/17,Monaco,Lorient,4,0,H,"2017-01-22 00:00:00",12,Monaco,8,Lorient,12,2.815789474,0.815789474,8,1.157894737,1.842105263
F1,22/01/17,Monaco,Lorient,4,0,H,"2017-01-22 00:00:00",12,Monaco,8,Lorient,12,2.815789474,0.815789474,8,1.157894737,1.842105263
F1,15/04/17,Montpellier,Lorient,2,0,H,"2017-04-15 00:00:00",13,Montpellier,8,Lorient,13,1.263157895,1.736842105,8,1.157894737,1.842105263
F1,15/04/17,Montpellier,Lorient,2,0,H,"2017-04-15 00:00:00",13,Montpellier,8,Lorient,13,1.263157895,1.736842105,8,1.157894737,1.842105263
F1,18/03/17,Nancy,Lorient,2,3,A,"2017-03-18 00:00:00",14,Nancy,8,Lorient,14,0.763157895,1.368421053,8,1.157894737,1.842105263
F1,18/03/17,Nancy,Lorient,2,3,A,"2017-03-18 00:00:00",14,Nancy,8,Lorient,14,0.763157895,1.368421053,8,1.157894737,1.842105263
F1,29/04/17,Nantes,Lorient,1,0,H,"2017-04-29 00:00:00",15,Nantes,8,Lorient,15,1.052631579,1.421052632,8,1.157894737,1.842105263
F1,29/04/17,Nantes,Lorient,1,0,H,"2017-04-29 00:00:00",15,Nantes,8,Lorient,15,1.052631579,1.421052632,8,1.157894737,1.842105263
F1,02/10/16,Nice,Lorient,2,1,H,"2016-10-02 00:00:00",16,Nice,8,Lorient,16,1.657894737,0.947368421,8,1.157894737,1.842105263
F1,02/10/16,Nice,Lorient,2,1,H,"2016-10-02 00:00:00",16,Nice,8,Lorient,16,1.657894737,0.947368421,8,1.157894737,1.842105263
F1,21/12/16,"Paris SG",Lorient,5,0,H,"2016-12-21 00:00:00",17,"Paris SG",8,Lorient,17,2.184210526,0.710526316,8,1.157894737,1.842105263
F1,21/12/16,"Paris SG",Lorient,5,0,H,"2016-12-21 00:00:00",17,"Paris SG",8,Lorient,17,2.184210526,0.710526316,8,1.157894737,1.842105263
F1,25/02/17,Rennes,Lorient,1,0,H,"2017-02-25 00:00:00",18,Rennes,8,Lorient,18,0.947368421,1.105263158,8,1.157894737,1.842105263
F1,25/02/17,Rennes,Lorient,1,0,H,"2017-02-25 00:00:00",18,Rennes,8,Lorient,18,0.947368421,1.105263158,8,1.157894737,1.842105263
F1,12/02/17,"St Etienne",Lorient,4,0,H,"2017-02-12 00:00:00",19,"St Etienne",8,Lorient,19,1.078947368,1.105263158,8,1.157894737,1.842105263
F1,12/02/17,"St Etienne",Lorient,4,0,H,"2017-02-12 00:00:00",19,"St Etienne",8,Lorient,19,1.078947368,1.105263158,8,1.157894737,1.842105263
F1,10/12/16,Toulouse,Lorient,3,2,H,"2016-12-10 00:00:00",20,Toulouse,8,Lorient,20,0.973684211,1.078947368,8,1.157894737,1.842105263
F1,10/12/16,Toulouse,Lorient,3,2,H,"2016-12-10 00:00:00",20,Toulouse,8,Lorient,20,0.973684211,1.078947368,8,1.157894737,1.842105263
F1,28/04/17,Angers,Lyon,1,2,A,"2017-04-28 00:00:00",1,Angers,9,Lyon,1,1.052631579,1.289473684,9,2.105263158,1.263157895
F1,28/04/17,Angers,Lyon,1,2,A,"2017-04-28 00:00:00",1,Angers,9,Lyon,1,1.052631579,1.289473684,9,2.105263158,1.263157895
F1,16/04/17,Bastia,Lyon,0,3,A,"2017-04-16 00:00:00",2,Bastia,9,Lyon,2,0.763157895,1.5,9,2.105263158,1.263157895
F1,16/04/17,Bastia,Lyon,0,3,A,"2017-04-16 00:00:00",2,Bastia,9,Lyon,2,0.763157895,1.5,9,2.105263158,1.263157895
F1,03/03/17,Bordeaux,Lyon,1,1,D,"2017-03-03 00:00:00",3,Bordeaux,9,Lyon,3,1.394736842,1.131578947,9,2.105263158,1.263157895
F1,03/03/17,Bordeaux,Lyon,1,1,D,"2017-03-03 00:00:00",3,Bordeaux,9,Lyon,3,1.394736842,1.131578947,9,2.105263158,1.263157895
F1,15/01/17,Caen,Lyon,3,2,H,"2017-01-15 00:00:00",4,Caen,9,Lyon,4,0.947368421,1.710526316,9,2.105263158,1.263157895
F1,15/01/17,Caen,Lyon,3,2,H,"2017-01-15 00:00:00",4,Caen,9,Lyon,4,0.947368421,1.710526316,9,2.105263158,1.263157895
F1,27/08/16,Dijon,Lyon,4,2,H,"2016-08-27 00:00:00",5,Dijon,9,Lyon,5,1.210526316,1.526315789,9,2.105263158,1.263157895
F1,27/08/16,Dijon,Lyon,4,2,H,"2016-08-27 00:00:00",5,Dijon,9,Lyon,5,1.210526316,1.526315789,9,2.105263158,1.263157895
F1,11/02/17,Guingamp,Lyon,2,1,H,"2017-02-11 00:00:00",6,Guingamp,9,Lyon,6,1.210526316,1.394736842,9,2.105263158,1.263157895
F1,11/02/17,Guingamp,Lyon,2,1,H,"2017-02-11 00:00:00",6,Guingamp,9,Lyon,6,1.210526316,1.394736842,9,2.105263158,1.263157895
F1,18/11/16,Lille,Lyon,0,1,A,"2016-11-18 00:00:00",7,Lille,9,Lyon,7,1.052631579,1.236842105,9,2.105263158,1.263157895
F1,18/11/16,Lille,Lyon,0,1,A,"2016-11-18 00:00:00",7,Lille,9,Lyon,7,1.052631579,1.236842105,9,2.105263158,1.263157895
F1,24/09/16,Lorient,Lyon,1,0,H,"2016-09-24 00:00:00",8,Lorient,9,Lyon,8,1.157894737,1.842105263,9,2.105263158,1.263157895
F1,24/09/16,Lorient,Lyon,1,0,H,"2016-09-24 00:00:00",8,Lorient,9,Lyon,8,1.157894737,1.842105263,9,2.105263158,1.263157895
F1,18/09/16,Marseille,Lyon,0,0,D,"2016-09-18 00:00:00",10,Marseille,9,Lyon,10,1.5,1.078947368,9,2.105263158,1.263157895
F1,18/09/16,Marseille,Lyon,0,0,D,"2016-09-18 00:00:00",10,Marseille,9,Lyon,10,1.5,1.078947368,9,2.105263158,1.263157895
F1,05/04/17,Metz,Lyon,0,3,A,"2017-04-05 00:00:00",11,Metz,9,Lyon,11,1.026315789,1.894736842,9,2.105263158,1.263157895
F1,05/04/17,Metz,Lyon,0,3,A,"2017-04-05 00:00:00",11,Metz,9,Lyon,11,1.026315789,1.894736842,9,2.105263158,1.263157895
F1,18/12/16,Monaco,Lyon,1,3,A,"2016-12-18 00:00:00",12,Monaco,9,Lyon,12,2.815789474,0.815789474,9,2.105263158,1.263157895
F1,18/12/16,Monaco,Lyon,1,3,A,"2016-12-18 00:00:00",12,Monaco,9,Lyon,12,2.815789474,0.815789474,9,2.105263158,1.263157895
F1,14/05/17,Montpellier,Lyon,1,3,A,"2017-05-14 00:00:00",13,Montpellier,9,Lyon,13,1.263157895,1.736842105,9,2.105263158,1.263157895
F1,14/05/17,Montpellier,Lyon,1,3,A,"2017-05-14 00:00:00",13,Montpellier,9,Lyon,13,1.263157895,1.736842105,9,2.105263158,1.263157895
F1,14/08/16,Nancy,Lyon,0,3,A,"2016-08-14 00:00:00",14,Nancy,9,Lyon,14,0.763157895,1.368421053,9,2.105263158,1.263157895
F1,14/08/16,Nancy,Lyon,0,3,A,"2016-08-14 00:00:00",14,Nancy,9,Lyon,14,0.763157895,1.368421053,9,2.105263158,1.263157895
F1,30/11/16,Nantes,Lyon,0,6,A,"2016-11-30 00:00:00",15,Nantes,9,Lyon,15,1.052631579,1.421052632,9,2.105263158,1.263157895
F1,30/11/16,Nantes,Lyon,0,6,A,"2016-11-30 00:00:00",15,Nantes,9,Lyon,15,1.052631579,1.421052632,9,2.105263158,1.263157895
F1,14/10/16,Nice,Lyon,2,0,H,"2016-10-14 00:00:00",16,Nice,9,Lyon,16,1.657894737,0.947368421,9,2.105263158,1.263157895
F1,14/10/16,Nice,Lyon,2,0,H,"2016-10-14 00:00:00",16,Nice,9,Lyon,16,1.657894737,0.947368421,9,2.105263158,1.263157895
F1,19/03/17,"Paris SG",Lyon,2,1,H,"2017-03-19 00:00:00",17,"Paris SG",9,Lyon,17,2.184210526,0.710526316,9,2.105263158,1.263157895
F1,19/03/17,"Paris SG",Lyon,2,1,H,"2017-03-19 00:00:00",17,"Paris SG",9,Lyon,17,2.184210526,0.710526316,9,2.105263158,1.263157895
F1,02/04/17,Rennes,Lyon,1,1,D,"2017-04-02 00:00:00",18,Rennes,9,Lyon,18,0.947368421,1.105263158,9,2.105263158,1.263157895
F1,02/04/17,Rennes,Lyon,1,1,D,"2017-04-02 00:00:00",18,Rennes,9,Lyon,18,0.947368421,1.105263158,9,2.105263158,1.263157895
F1,05/02/17,"St Etienne",Lyon,2,0,H,"2017-02-05 00:00:00",19,"St Etienne",9,Lyon,19,1.078947368,1.105263158,9,2.105263158,1.263157895
F1,05/02/17,"St Etienne",Lyon,2,0,H,"2017-02-05 00:00:00",19,"St Etienne",9,Lyon,19,1.078947368,1.105263158,9,2.105263158,1.263157895
F1,29/10/16,Toulouse,Lyon,1,2,A,"2016-10-29 00:00:00",20,Toulouse,9,Lyon,20,0.973684211,1.078947368,9,2.105263158,1.263157895
F1,29/10/16,Toulouse,Lyon,1,2,A,"2016-10-29 00:00:00",20,Toulouse,9,Lyon,20,0.973684211,1.078947368,9,2.105263158,1.263157895
F1,02/10/16,Angers,Marseille,1,1,D,"2016-10-02 00:00:00",1,Angers,10,Marseille,1,1.052631579,1.289473684,10,1.5,1.078947368
F1,02/10/16,Angers,Marseille,1,1,D,"2016-10-02 00:00:00",1,Angers,10,Marseille,1,1.052631579,1.289473684,10,1.5,1.078947368
F1,21/12/16,Bastia,Marseille,1,2,A,"2016-12-21 00:00:00",2,Bastia,10,Marseille,2,0.763157895,1.5,10,1.5,1.078947368
F1,21/12/16,Bastia,Marseille,1,2,A,"2016-12-21 00:00:00",2,Bastia,10,Marseille,2,0.763157895,1.5,10,1.5,1.078947368
F1,14/05/17,Bordeaux,Marseille,1,1,D,"2017-05-14 00:00:00",3,Bordeaux,10,Marseille,3,1.394736842,1.131578947,10,1.5,1.078947368
F1,14/05/17,Bordeaux,Marseille,1,1,D,"2017-05-14 00:00:00",3,Bordeaux,10,Marseille,3,1.394736842,1.131578947,10,1.5,1.078947368
F1,30/04/17,Caen,Marseille,1,5,A,"2017-04-30 00:00:00",4,Caen,10,Marseille,4,0.947368421,1.710526316,10,1.5,1.078947368
F1,30/04/17,Caen,Marseille,1,5,A,"2017-04-30 00:00:00",4,Caen,10,Marseille,4,0.947368421,1.710526316,10,1.5,1.078947368
F1,10/12/16,Dijon,Marseille,1,2,A,"2016-12-10 00:00:00",5,Dijon,10,Marseille,5,1.210526316,1.526315789,10,1.5,1.078947368
F1,10/12/16,Dijon,Marseille,1,2,A,"2016-12-10 00:00:00",5,Dijon,10,Marseille,5,1.210526316,1.526315789,10,1.5,1.078947368
F1,21/08/16,Guingamp,Marseille,2,1,H,"2016-08-21 00:00:00",6,Guingamp,10,Marseille,6,1.210526316,1.394736842,10,1.5,1.078947368
F1,21/08/16,Guingamp,Marseille,2,1,H,"2016-08-21 00:00:00",6,Guingamp,10,Marseille,6,1.210526316,1.394736842,10,1.5,1.078947368
F1,17/03/17,Lille,Marseille,0,0,D,"2017-03-17 00:00:00",7,Lille,10,Marseille,7,1.052631579,1.236842105,10,1.5,1.078947368
F1,17/03/17,Lille,Marseille,0,0,D,"2017-03-17 00:00:00",7,Lille,10,Marseille,7,1.052631579,1.236842105,10,1.5,1.078947368
F1,05/03/17,Lorient,Marseille,1,4,A,"2017-03-05 00:00:00",8,Lorient,10,Marseille,8,1.157894737,1.842105263,10,1.5,1.078947368
F1,05/03/17,Lorient,Marseille,1,4,A,"2017-03-05 00:00:00",8,Lorient,10,Marseille,8,1.157894737,1.842105263,10,1.5,1.078947368
F1,22/01/17,Lyon,Marseille,3,1,H,"2017-01-22 00:00:00",9,Lyon,10,Marseille,9,2.105263158,1.263157895,10,1.5,1.078947368
F1,22/01/17,Lyon,Marseille,3,1,H,"2017-01-22 00:00:00",9,Lyon,10,Marseille,9,2.105263158,1.263157895,10,1.5,1.078947368
F1,03/02/17,Metz,Marseille,1,0,H,"2017-02-03 00:00:00",11,Metz,10,Marseille,11,1.026315789,1.894736842,10,1.5,1.078947368
F1,03/02/17,Metz,Marseille,1,0,H,"2017-02-03 00:00:00",11,Metz,10,Marseille,11,1.026315789,1.894736842,10,1.5,1.078947368
F1,26/11/16,Monaco,Marseille,4,0,H,"2016-11-26 00:00:00",12,Monaco,10,Marseille,12,2.815789474,0.815789474,10,1.5,1.078947368
F1,26/11/16,Monaco,Marseille,4,0,H,"2016-11-26 00:00:00",12,Monaco,10,Marseille,12,2.815789474,0.815789474,10,1.5,1.078947368
F1,04/11/16,Montpellier,Marseille,3,1,H,"2016-11-04 00:00:00",13,Montpellier,10,Marseille,13,1.263157895,1.736842105,10,1.5,1.078947368
F1,04/11/16,Montpellier,Marseille,3,1,H,"2016-11-04 00:00:00",13,Montpellier,10,Marseille,13,1.263157895,1.736842105,10,1.5,1.078947368
F1,21/04/17,Nancy,Marseille,0,0,D,"2017-04-21 00:00:00",14,Nancy,10,Marseille,14,0.763157895,1.368421053,10,1.5,1.078947368
F1,21/04/17,Nancy,Marseille,0,0,D,"2017-04-21 00:00:00",14,Nancy,10,Marseille,14,0.763157895,1.368421053,10,1.5,1.078947368
F1,12/02/17,Nantes,Marseille,3,2,H,"2017-02-12 00:00:00",15,Nantes,10,Marseille,15,1.052631579,1.421052632,10,1.5,1.078947368
F1,12/02/17,Nantes,Marseille,3,2,H,"2017-02-12 00:00:00",15,Nantes,10,Marseille,15,1.052631579,1.421052632,10,1.5,1.078947368
F1,11/09/16,Nice,Marseille,3,2,H,"2016-09-11 00:00:00",16,Nice,10,Marseille,16,1.657894737,0.947368421,10,1.5,1.078947368
F1,11/09/16,Nice,Marseille,3,2,H,"2016-09-11 00:00:00",16,Nice,10,Marseille,16,1.657894737,0.947368421,10,1.5,1.078947368
F1,23/10/16,"Paris SG",Marseille,0,0,D,"2016-10-23 00:00:00",17,"Paris SG",10,Marseille,17,2.184210526,0.710526316,10,1.5,1.078947368
F1,23/10/16,"Paris SG",Marseille,0,0,D,"2016-10-23 00:00:00",17,"Paris SG",10,Marseille,17,2.184210526,0.710526316,10,1.5,1.078947368
F1,21/09/16,Rennes,Marseille,3,2,H,"2016-09-21 00:00:00",18,Rennes,10,Marseille,18,0.947368421,1.105263158,10,1.5,1.078947368
F1,21/09/16,Rennes,Marseille,3,2,H,"2016-09-21 00:00:00",18,Rennes,10,Marseille,18,0.947368421,1.105263158,10,1.5,1.078947368
F1,30/11/16,"St Etienne",Marseille,0,0,D,"2016-11-30 00:00:00",19,"St Etienne",10,Marseille,19,1.078947368,1.105263158,10,1.5,1.078947368
F1,30/11/16,"St Etienne",Marseille,0,0,D,"2016-11-30 00:00:00",19,"St Etienne",10,Marseille,19,1.078947368,1.105263158,10,1.5,1.078947368
F1,09/04/17,Toulouse,Marseille,0,0,D,"2017-04-09 00:00:00",20,Toulouse,10,Marseille,20,0.973684211,1.078947368,10,1.5,1.078947368
F1,09/04/17,Toulouse,Marseille,0,0,D,"2017-04-09 00:00:00",20,Toulouse,10,Marseille,20,0.973684211,1.078947368,10,1.5,1.078947368
F1,28/01/17,Angers,Metz,2,1,H,"2017-01-28 00:00:00",1,Angers,11,Metz,1,1.052631579,1.289473684,11,1.026315789,1.894736842
F1,28/01/17,Angers,Metz,2,1,H,"2017-01-28 00:00:00",1,Angers,11,Metz,1,1.052631579,1.289473684,11,1.026315789,1.894736842
F1,10/12/16,Bastia,Metz,2,0,H,"2016-12-10 00:00:00",2,Bastia,11,Metz,2,0.763157895,1.5,11,1.026315789,1.894736842
F1,10/12/16,Bastia,Metz,2,0,H,"2016-12-10 00:00:00",2,Bastia,11,Metz,2,0.763157895,1.5,11,1.026315789,1.894736842
F1,08/04/17,Bordeaux,Metz,3,0,H,"2017-04-08 00:00:00",3,Bordeaux,11,Metz,3,1.394736842,1.131578947,11,1.026315789,1.894736842
F1,08/04/17,Bordeaux,Metz,3,0,H,"2017-04-08 00:00:00",3,Bordeaux,11,Metz,3,1.394736842,1.131578947,11,1.026315789,1.894736842
F1,18/12/16,Caen,Metz,3,0,H,"2016-12-18 00:00:00",4,Caen,11,Metz,4,0.947368421,1.710526316,11,1.026315789,1.894736842
F1,18/12/16,Caen,Metz,3,0,H,"2016-12-18 00:00:00",4,Caen,11,Metz,4,0.947368421,1.710526316,11,1.026315789,1.894736842
F1,17/09/16,Dijon,Metz,0,0,D,"2016-09-17 00:00:00",5,Dijon,11,Metz,5,1.210526316,1.526315789,11,1.026315789,1.894736842
F1,17/09/16,Dijon,Metz,0,0,D,"2016-09-17 00:00:00",5,Dijon,11,Metz,5,1.210526316,1.526315789,11,1.026315789,1.894736842
F1,20/05/17,Guingamp,Metz,1,0,H,"2017-05-20 00:00:00",6,Guingamp,11,Metz,6,1.210526316,1.394736842,11,1.026315789,1.894736842
F1,20/05/17,Guingamp,Metz,1,0,H,"2017-05-20 00:00:00",6,Guingamp,11,Metz,6,1.210526316,1.394736842,11,1.026315789,1.894736842
F1,06/05/17,Lille,Metz,0,2,A,"2017-05-06 00:00:00",7,Lille,11,Metz,7,1.052631579,1.236842105,11,1.026315789,1.894736842
F1,06/05/17,Lille,Metz,0,2,A,"2017-05-06 00:00:00",7,Lille,11,Metz,7,1.052631579,1.236842105,11,1.026315789,1.894736842
F1,22/04/17,Lorient,Metz,5,1,H,"2017-04-22 00:00:00",8,Lorient,11,Metz,8,1.157894737,1.842105263,11,1.026315789,1.894736842
F1,22/04/17,Lorient,Metz,5,1,H,"2017-04-22 00:00:00",8,Lorient,11,Metz,8,1.157894737,1.842105263,11,1.026315789,1.894736842
F1,26/02/17,Lyon,Metz,5,0,H,"2017-02-26 00:00:00",9,Lyon,11,Metz,9,2.105263158,1.263157895,11,1.026315789,1.894736842
F1,26/02/17,Lyon,Metz,5,0,H,"2017-02-26 00:00:00",9,Lyon,11,Metz,9,2.105263158,1.263157895,11,1.026315789,1.894736842
F1,16/10/16,Marseille,Metz,1,0,H,"2016-10-16 00:00:00",10,Marseille,11,Metz,10,1.5,1.078947368,11,1.026315789,1.894736842
F1,16/10/16,Marseille,Metz,1,0,H,"2016-10-16 00:00:00",10,Marseille,11,Metz,10,1.5,1.078947368,11,1.026315789,1.894736842
F1,11/02/17,Monaco,Metz,5,0,H,"2017-02-11 00:00:00",12,Monaco,11,Metz,12,2.815789474,0.815789474,11,1.026315789,1.894736842
F1,11/02/17,Monaco,Metz,5,0,H,"2017-02-11 00:00:00",12,Monaco,11,Metz,12,2.815789474,0.815789474,11,1.026315789,1.894736842
F1,24/09/16,Montpellier,Metz,0,1,A,"2016-09-24 00:00:00",13,Montpellier,11,Metz,13,1.263157895,1.736842105,11,1.026315789,1.894736842
F1,24/09/16,Montpellier,Metz,0,1,A,"2016-09-24 00:00:00",13,Montpellier,11,Metz,13,1.263157895,1.736842105,11,1.026315789,1.894736842
F1,30/11/16,Nancy,Metz,4,0,H,"2016-11-30 00:00:00",14,Nancy,11,Metz,14,0.763157895,1.368421053,11,1.026315789,1.894736842
F1,30/11/16,Nancy,Metz,4,0,H,"2016-11-30 00:00:00",14,Nancy,11,Metz,14,0.763157895,1.368421053,11,1.026315789,1.894736842
F1,11/09/16,Nantes,Metz,0,3,A,"2016-09-11 00:00:00",15,Nantes,11,Metz,15,1.052631579,1.421052632,11,1.026315789,1.894736842
F1,11/09/16,Nantes,Metz,0,3,A,"2016-09-11 00:00:00",15,Nantes,11,Metz,15,1.052631579,1.421052632,11,1.026315789,1.894736842
F1,15/01/17,Nice,Metz,0,0,D,"2017-01-15 00:00:00",16,Nice,11,Metz,16,1.657894737,0.947368421,11,1.026315789,1.894736842
F1,15/01/17,Nice,Metz,0,0,D,"2017-01-15 00:00:00",16,Nice,11,Metz,16,1.657894737,0.947368421,11,1.026315789,1.894736842
F1,21/08/16,"Paris SG",Metz,3,0,H,"2016-08-21 00:00:00",17,"Paris SG",11,Metz,17,2.184210526,0.710526316,11,1.026315789,1.894736842
F1,21/08/16,"Paris SG",Metz,3,0,H,"2016-08-21 00:00:00",17,"Paris SG",11,Metz,17,2.184210526,0.710526316,11,1.026315789,1.894736842
F1,30/10/16,Rennes,Metz,1,0,H,"2016-10-30 00:00:00",18,Rennes,11,Metz,18,0.947368421,1.105263158,11,1.026315789,1.894736842
F1,30/10/16,Rennes,Metz,1,0,H,"2016-10-30 00:00:00",18,Rennes,11,Metz,18,0.947368421,1.105263158,11,1.026315789,1.894736842
F1,12/03/17,"St Etienne",Metz,2,2,D,"2017-03-12 00:00:00",19,"St Etienne",11,Metz,19,1.078947368,1.105263158,11,1.026315789,1.894736842
F1,12/03/17,"St Etienne",Metz,2,2,D,"2017-03-12 00:00:00",19,"St Etienne",11,Metz,19,1.078947368,1.105263158,11,1.026315789,1.894736842
F1,19/11/16,Toulouse,Metz,1,2,A,"2016-11-19 00:00:00",20,Toulouse,11,Metz,20,0.973684211,1.078947368,11,1.026315789,1.894736842
F1,19/11/16,Toulouse,Metz,1,2,A,"2016-11-19 00:00:00",20,Toulouse,11,Metz,20,0.973684211,1.078947368,11,1.026315789,1.894736842
F1,08/04/17,Angers,Monaco,0,1,A,"2017-04-08 00:00:00",1,Angers,12,Monaco,1,1.052631579,1.289473684,12,2.815789474,0.815789474
F1,08/04/17,Angers,Monaco,0,1,A,"2017-04-08 00:00:00",1,Angers,12,Monaco,1,1.052631579,1.289473684,12,2.815789474,0.815789474
F1,17/02/17,Bastia,Monaco,1,1,D,"2017-02-17 00:00:00",2,Bastia,12,Monaco,2,0.763157895,1.5,12,2.815789474,0.815789474
F1,17/02/17,Bastia,Monaco,1,1,D,"2017-02-17 00:00:00",2,Bastia,12,Monaco,2,0.763157895,1.5,12,2.815789474,0.815789474
F1,10/12/16,Bordeaux,Monaco,0,4,A,"2016-12-10 00:00:00",3,Bordeaux,12,Monaco,3,1.394736842,1.131578947,12,2.815789474,0.815789474
F1,10/12/16,Bordeaux,Monaco,0,4,A,"2016-12-10 00:00:00",3,Bordeaux,12,Monaco,3,1.394736842,1.131578947,12,2.815789474,0.815789474
F1,19/03/17,Caen,Monaco,0,3,A,"2017-03-19 00:00:00",4,Caen,12,Monaco,4,0.947368421,1.710526316,12,2.815789474,0.815789474
F1,19/03/17,Caen,Monaco,0,3,A,"2017-03-19 00:00:00",4,Caen,12,Monaco,4,0.947368421,1.710526316,12,2.815789474,0.815789474
F1,29/11/16,Dijon,Monaco,1,1,D,"2016-11-29 00:00:00",5,Dijon,12,Monaco,5,1.210526316,1.526315789,12,2.815789474,0.815789474
F1,29/11/16,Dijon,Monaco,1,1,D,"2016-11-29 00:00:00",5,Dijon,12,Monaco,5,1.210526316,1.526315789,12,2.815789474,0.815789474
F1,25/02/17,Guingamp,Monaco,1,2,A,"2017-02-25 00:00:00",6,Guingamp,12,Monaco,6,1.210526316,1.394736842,12,2.815789474,0.815789474
F1,25/02/17,Guingamp,Monaco,1,2,A,"2017-02-25 00:00:00",6,Guingamp,12,Monaco,6,1.210526316,1.394736842,12,2.815789474,0.815789474
F1,10/09/16,Lille,Monaco,1,4,A,"2016-09-10 00:00:00",7,Lille,12,Monaco,7,1.052631579,1.236842105,12,2.815789474,0.815789474
F1,10/09/16,Lille,Monaco,1,4,A,"2016-09-10 00:00:00",7,Lille,12,Monaco,7,1.052631579,1.236842105,12,2.815789474,0.815789474
F1,18/11/16,Lorient,Monaco,0,3,A,"2016-11-18 00:00:00",8,Lorient,12,Monaco,8,1.157894737,1.842105263,12,2.815789474,0.815789474
F1,18/11/16,Lorient,Monaco,0,3,A,"2016-11-18 00:00:00",8,Lorient,12,Monaco,8,1.157894737,1.842105263,12,2.815789474,0.815789474
F1,23/04/17,Lyon,Monaco,1,2,A,"2017-04-23 00:00:00",9,Lyon,12,Monaco,9,2.105263158,1.263157895,12,2.815789474,0.815789474
F1,23/04/17,Lyon,Monaco,1,2,A,"2017-04-23 00:00:00",9,Lyon,12,Monaco,9,2.105263158,1.263157895,12,2.815789474,0.815789474
F1,15/01/17,Marseille,Monaco,1,4,A,"2017-01-15 00:00:00",10,Marseille,12,Monaco,10,1.5,1.078947368,12,2.815789474,0.815789474
F1,15/01/17,Marseille,Monaco,1,4,A,"2017-01-15 00:00:00",10,Marseille,12,Monaco,10,1.5,1.078947368,12,2.815789474,0.815789474
F1,01/10/16,Metz,Monaco,0,7,A,"2016-10-01 00:00:00",11,Metz,12,Monaco,11,1.026315789,1.894736842,12,2.815789474,0.815789474
F1,01/10/16,Metz,Monaco,0,7,A,"2016-10-01 00:00:00",11,Metz,12,Monaco,11,1.026315789,1.894736842,12,2.815789474,0.815789474
F1,07/02/17,Montpellier,Monaco,1,2,A,"2017-02-07 00:00:00",13,Montpellier,12,Monaco,13,1.263157895,1.736842105,12,2.815789474,0.815789474
F1,07/02/17,Montpellier,Monaco,1,2,A,"2017-02-07 00:00:00",13,Montpellier,12,Monaco,13,1.263157895,1.736842105,12,2.815789474,0.815789474
F1,06/05/17,Nancy,Monaco,0,3,A,"2017-05-06 00:00:00",14,Nancy,12,Monaco,14,0.763157895,1.368421053,12,2.815789474,0.815789474
F1,06/05/17,Nancy,Monaco,0,3,A,"2017-05-06 00:00:00",14,Nancy,12,Monaco,14,0.763157895,1.368421053,12,2.815789474,0.815789474
F1,20/08/16,Nantes,Monaco,0,1,A,"2016-08-20 00:00:00",15,Nantes,12,Monaco,15,1.052631579,1.421052632,12,2.815789474,0.815789474
F1,20/08/16,Nantes,Monaco,0,1,A,"2016-08-20 00:00:00",15,Nantes,12,Monaco,15,1.052631579,1.421052632,12,2.815789474,0.815789474
F1,21/09/16,Nice,Monaco,4,0,H,"2016-09-21 00:00:00",16,Nice,12,Monaco,16,1.657894737,0.947368421,12,2.815789474,0.815789474
F1,21/09/16,Nice,Monaco,4,0,H,"2016-09-21 00:00:00",16,Nice,12,Monaco,16,1.657894737,0.947368421,12,2.815789474,0.815789474
F1,29/01/17,"Paris SG",Monaco,1,1,D,"2017-01-29 00:00:00",17,"Paris SG",12,Monaco,17,2.184210526,0.710526316,12,2.815789474,0.815789474
F1,29/01/17,"Paris SG",Monaco,1,1,D,"2017-01-29 00:00:00",17,"Paris SG",12,Monaco,17,2.184210526,0.710526316,12,2.815789474,0.815789474
F1,20/05/17,Rennes,Monaco,2,3,A,"2017-05-20 00:00:00",18,Rennes,12,Monaco,18,0.947368421,1.105263158,12,2.815789474,0.815789474
F1,20/05/17,Rennes,Monaco,2,3,A,"2017-05-20 00:00:00",18,Rennes,12,Monaco,18,0.947368421,1.105263158,12,2.815789474,0.815789474
F1,29/10/16,"St Etienne",Monaco,1,1,D,"2016-10-29 00:00:00",19,"St Etienne",12,Monaco,19,1.078947368,1.105263158,12,2.815789474,0.815789474
F1,29/10/16,"St Etienne",Monaco,1,1,D,"2016-10-29 00:00:00",19,"St Etienne",12,Monaco,19,1.078947368,1.105263158,12,2.815789474,0.815789474
F1,14/10/16,Toulouse,Monaco,3,1,H,"2016-10-14 00:00:00",20,Toulouse,12,Monaco,20,0.973684211,1.078947368,12,2.815789474,0.815789474
F1,14/10/16,Toulouse,Monaco,3,1,H,"2016-10-14 00:00:00",20,Toulouse,12,Monaco,20,0.973684211,1.078947368,12,2.815789474,0.815789474
F1,20/05/17,Angers,Montpellier,2,0,H,"2017-05-20 00:00:00",1,Angers,13,Montpellier,1,1.052631579,1.289473684,13,1.263157895,1.736842105
F1,20/05/17,Angers,Montpellier,2,0,H,"2017-05-20 00:00:00",1,Angers,13,Montpellier,1,1.052631579,1.289473684,13,1.263157895,1.736842105
F1,19/11/16,Bastia,Montpellier,1,1,D,"2016-11-19 00:00:00",2,Bastia,13,Montpellier,2,0.763157895,1.5,13,1.263157895,1.736842105
F1,19/11/16,Bastia,Montpellier,1,1,D,"2016-11-19 00:00:00",2,Bastia,13,Montpellier,2,0.763157895,1.5,13,1.263157895,1.736842105
F1,18/03/17,Bordeaux,Montpellier,5,1,H,"2017-03-18 00:00:00",3,Bordeaux,13,Montpellier,3,1.394736842,1.131578947,13,1.263157895,1.736842105
F1,18/03/17,Bordeaux,Montpellier,5,1,H,"2017-03-18 00:00:00",3,Bordeaux,13,Montpellier,3,1.394736842,1.131578947,13,1.263157895,1.736842105
F1,08/04/17,Caen,Montpellier,0,2,A,"2017-04-08 00:00:00",4,Caen,13,Montpellier,4,0.947368421,1.710526316,13,1.263157895,1.736842105
F1,08/04/17,Caen,Montpellier,0,2,A,"2017-04-08 00:00:00",4,Caen,13,Montpellier,4,0.947368421,1.710526316,13,1.263157895,1.736842105
F1,01/10/16,Dijon,Montpellier,3,3,D,"2016-10-01 00:00:00",5,Dijon,13,Montpellier,5,1.210526316,1.526315789,13,1.263157895,1.736842105
F1,01/10/16,Dijon,Montpellier,3,3,D,"2016-10-01 00:00:00",5,Dijon,13,Montpellier,5,1.210526316,1.526315789,13,1.263157895,1.736842105
F1,10/09/16,Guingamp,Montpellier,1,1,D,"2016-09-10 00:00:00",6,Guingamp,13,Montpellier,6,1.210526316,1.394736842,13,1.263157895,1.736842105
F1,10/09/16,Guingamp,Montpellier,1,1,D,"2016-09-10 00:00:00",6,Guingamp,13,Montpellier,6,1.210526316,1.394736842,13,1.263157895,1.736842105
F1,10/12/16,Lille,Montpellier,2,1,H,"2016-12-10 00:00:00",7,Lille,13,Montpellier,7,1.052631579,1.236842105,13,1.263157895,1.736842105
F1,10/12/16,Lille,Montpellier,2,1,H,"2016-12-10 00:00:00",7,Lille,13,Montpellier,7,1.052631579,1.236842105,13,1.263157895,1.736842105
F1,29/10/16,Lorient,Montpellier,2,2,D,"2016-10-29 00:00:00",8,Lorient,13,Montpellier,8,1.157894737,1.842105263,13,1.263157895,1.736842105
F1,29/10/16,Lorient,Montpellier,2,2,D,"2016-10-29 00:00:00",8,Lorient,13,Montpellier,8,1.157894737,1.842105263,13,1.263157895,1.736842105
F1,21/09/16,Lyon,Montpellier,5,1,H,"2016-09-21 00:00:00",9,Lyon,13,Montpellier,9,2.105263158,1.263157895,13,1.263157895,1.736842105
F1,21/09/16,Lyon,Montpellier,5,1,H,"2016-09-21 00:00:00",9,Lyon,13,Montpellier,9,2.105263158,1.263157895,13,1.263157895,1.736842105
F1,27/01/17,Marseille,Montpellier,5,1,H,"2017-01-27 00:00:00",10,Marseille,13,Montpellier,10,1.5,1.078947368,13,1.263157895,1.736842105
F1,27/01/17,Marseille,Montpellier,5,1,H,"2017-01-27 00:00:00",10,Marseille,13,Montpellier,10,1.5,1.078947368,13,1.263157895,1.736842105
F1,21/01/17,Metz,Montpellier,2,0,H,"2017-01-21 00:00:00",11,Metz,13,Montpellier,11,1.026315789,1.894736842,13,1.263157895,1.736842105
F1,21/01/17,Metz,Montpellier,2,0,H,"2017-01-21 00:00:00",11,Metz,13,Montpellier,11,1.026315789,1.894736842,13,1.263157895,1.736842105
F1,21/10/16,Monaco,Montpellier,6,2,H,"2016-10-21 00:00:00",12,Monaco,13,Montpellier,12,2.815789474,0.815789474,13,1.263157895,1.736842105
F1,21/10/16,Monaco,Montpellier,6,2,H,"2016-10-21 00:00:00",12,Monaco,13,Montpellier,12,2.815789474,0.815789474,13,1.263157895,1.736842105
F1,11/02/17,Nancy,Montpellier,0,3,A,"2017-02-11 00:00:00",14,Nancy,13,Montpellier,14,0.763157895,1.368421053,13,1.263157895,1.736842105
F1,11/02/17,Nancy,Montpellier,0,3,A,"2017-02-11 00:00:00",14,Nancy,13,Montpellier,14,0.763157895,1.368421053,13,1.263157895,1.736842105
F1,21/12/16,Nantes,Montpellier,1,0,H,"2016-12-21 00:00:00",15,Nantes,13,Montpellier,15,1.052631579,1.421052632,13,1.263157895,1.736842105
F1,21/12/16,Nantes,Montpellier,1,0,H,"2016-12-21 00:00:00",15,Nantes,13,Montpellier,15,1.052631579,1.421052632,13,1.263157895,1.736842105
F1,24/02/17,Nice,Montpellier,2,1,H,"2017-02-24 00:00:00",16,Nice,13,Montpellier,16,1.657894737,0.947368421,13,1.263157895,1.736842105
F1,24/02/17,Nice,Montpellier,2,1,H,"2017-02-24 00:00:00",16,Nice,13,Montpellier,16,1.657894737,0.947368421,13,1.263157895,1.736842105
F1,22/04/17,"Paris SG",Montpellier,2,0,H,"2017-04-22 00:00:00",17,"Paris SG",13,Montpellier,17,2.184210526,0.710526316,13,1.263157895,1.736842105
F1,22/04/17,"Paris SG",Montpellier,2,0,H,"2017-04-22 00:00:00",17,"Paris SG",13,Montpellier,17,2.184210526,0.710526316,13,1.263157895,1.736842105
F1,07/05/17,Rennes,Montpellier,1,0,H,"2017-05-07 00:00:00",18,Rennes,13,Montpellier,18,0.947368421,1.105263158,13,1.263157895,1.736842105
F1,07/05/17,Rennes,Montpellier,1,0,H,"2017-05-07 00:00:00",18,Rennes,13,Montpellier,18,0.947368421,1.105263158,13,1.263157895,1.736842105
F1,21/08/16,"St Etienne",Montpellier,3,1,H,"2016-08-21 00:00:00",19,"St Etienne",13,Montpellier,19,1.078947368,1.105263158,13,1.263157895,1.736842105
F1,21/08/16,"St Etienne",Montpellier,3,1,H,"2016-08-21 00:00:00",19,"St Etienne",13,Montpellier,19,1.078947368,1.105263158,13,1.263157895,1.736842105
F1,30/11/16,Toulouse,Montpellier,1,0,H,"2016-11-30 00:00:00",20,Toulouse,13,Montpellier,20,0.973684211,1.078947368,13,1.263157895,1.736842105
F1,30/11/16,Toulouse,Montpellier,1,0,H,"2016-11-30 00:00:00",20,Toulouse,13,Montpellier,20,0.973684211,1.078947368,13,1.263157895,1.736842105
F1,18/02/17,Angers,Nancy,1,0,H,"2017-02-18 00:00:00",1,Angers,14,Nancy,1,1.052631579,1.289473684,14,0.763157895,1.368421053
F1,18/02/17,Angers,Nancy,1,0,H,"2017-02-18 00:00:00",1,Angers,14,Nancy,1,1.052631579,1.289473684,14,0.763157895,1.368421053
F1,21/09/16,Bastia,Nancy,0,0,D,"2016-09-21 00:00:00",2,Bastia,14,Nancy,2,0.763157895,1.5,14,0.763157895,1.368421053
F1,21/09/16,Bastia,Nancy,0,0,D,"2016-09-21 00:00:00",2,Bastia,14,Nancy,2,0.763157895,1.5,14,0.763157895,1.368421053
F1,22/10/16,Bordeaux,Nancy,1,1,D,"2016-10-22 00:00:00",3,Bordeaux,14,Nancy,3,1.394736842,1.131578947,14,0.763157895,1.368421053
F1,22/10/16,Bordeaux,Nancy,1,1,D,"2016-10-22 00:00:00",3,Bordeaux,14,Nancy,3,1.394736842,1.131578947,14,0.763157895,1.368421053
F1,21/02/17,Caen,Nancy,1,0,H,"2017-02-21 00:00:00",4,Caen,14,Nancy,4,0.947368421,1.710526316,14,0.763157895,1.368421053
F1,21/02/17,Caen,Nancy,1,0,H,"2017-02-21 00:00:00",4,Caen,14,Nancy,4,0.947368421,1.710526316,14,0.763157895,1.368421053
F1,14/05/17,Dijon,Nancy,2,0,H,"2017-05-14 00:00:00",5,Dijon,14,Nancy,5,1.210526316,1.526315789,14,0.763157895,1.368421053
F1,14/05/17,Dijon,Nancy,2,0,H,"2017-05-14 00:00:00",5,Dijon,14,Nancy,5,1.210526316,1.526315789,14,0.763157895,1.368421053
F1,31/03/17,Guingamp,Nancy,1,0,H,"2017-03-31 00:00:00",6,Guingamp,14,Nancy,6,1.210526316,1.394736842,14,0.763157895,1.368421053
F1,31/03/17,Guingamp,Nancy,1,0,H,"2017-03-31 00:00:00",6,Guingamp,14,Nancy,6,1.210526316,1.394736842,14,0.763157895,1.368421053
F1,01/10/16,Lille,Nancy,1,0,H,"2016-10-01 00:00:00",7,Lille,14,Nancy,7,1.052631579,1.236842105,14,0.763157895,1.368421053
F1,01/10/16,Lille,Nancy,1,0,H,"2016-10-01 00:00:00",7,Lille,14,Nancy,7,1.052631579,1.236842105,14,0.763157895,1.368421053
F1,10/09/16,Lorient,Nancy,0,2,A,"2016-09-10 00:00:00",8,Lorient,14,Nancy,8,1.157894737,1.842105263,14,0.763157895,1.368421053
F1,10/09/16,Lorient,Nancy,0,2,A,"2016-09-10 00:00:00",8,Lorient,14,Nancy,8,1.157894737,1.842105263,14,0.763157895,1.368421053
F1,08/02/17,Lyon,Nancy,4,0,H,"2017-02-08 00:00:00",9,Lyon,14,Nancy,9,2.105263158,1.263157895,14,0.763157895,1.368421053
F1,08/02/17,Lyon,Nancy,4,0,H,"2017-02-08 00:00:00",9,Lyon,14,Nancy,9,2.105263158,1.263157895,14,0.763157895,1.368421053
F1,04/12/16,Marseille,Nancy,3,0,H,"2016-12-04 00:00:00",10,Marseille,14,Nancy,10,1.5,1.078947368,14,0.763157895,1.368421053
F1,04/12/16,Marseille,Nancy,3,0,H,"2016-12-04 00:00:00",10,Marseille,14,Nancy,10,1.5,1.078947368,14,0.763157895,1.368421053
F1,29/04/17,Metz,Nancy,2,1,H,"2017-04-29 00:00:00",11,Metz,14,Nancy,11,1.026315789,1.894736842,14,0.763157895,1.368421053
F1,29/04/17,Metz,Nancy,2,1,H,"2017-04-29 00:00:00",11,Metz,14,Nancy,11,1.026315789,1.894736842,14,0.763157895,1.368421053
F1,05/11/16,Monaco,Nancy,6,0,H,"2016-11-05 00:00:00",12,Monaco,14,Nancy,12,2.815789474,0.815789474,14,0.763157895,1.368421053
F1,05/11/16,Monaco,Nancy,6,0,H,"2016-11-05 00:00:00",12,Monaco,14,Nancy,12,2.815789474,0.815789474,14,0.763157895,1.368421053
F1,26/11/16,Montpellier,Nancy,0,0,D,"2016-11-26 00:00:00",13,Montpellier,14,Nancy,13,1.263157895,1.736842105,14,0.763157895,1.368421053
F1,26/11/16,Montpellier,Nancy,0,0,D,"2016-11-26 00:00:00",13,Montpellier,14,Nancy,13,1.263157895,1.736842105,14,0.763157895,1.368421053
F1,05/02/17,Nantes,Nancy,0,2,A,"2017-02-05 00:00:00",15,Nantes,14,Nancy,15,1.052631579,1.421052632,14,0.763157895,1.368421053
F1,05/02/17,Nantes,Nancy,0,2,A,"2017-02-05 00:00:00",15,Nantes,14,Nancy,15,1.052631579,1.421052632,14,0.763157895,1.368421053
F1,15/04/17,Nice,Nancy,3,1,H,"2017-04-15 00:00:00",16,Nice,14,Nancy,16,1.657894737,0.947368421,14,0.763157895,1.368421053
F1,15/04/17,Nice,Nancy,3,1,H,"2017-04-15 00:00:00",16,Nice,14,Nancy,16,1.657894737,0.947368421,14,0.763157895,1.368421053
F1,04/03/17,"Paris SG",Nancy,1,0,H,"2017-03-04 00:00:00",17,"Paris SG",14,Nancy,17,2.184210526,0.710526316,14,0.763157895,1.368421053
F1,04/03/17,"Paris SG",Nancy,1,0,H,"2017-03-04 00:00:00",17,"Paris SG",14,Nancy,17,2.184210526,0.710526316,14,0.763157895,1.368421053
F1,20/08/16,Rennes,Nancy,2,0,H,"2016-08-20 00:00:00",18,Rennes,14,Nancy,18,0.947368421,1.105263158,14,0.763157895,1.368421053
F1,20/08/16,Rennes,Nancy,2,0,H,"2016-08-20 00:00:00",18,Rennes,14,Nancy,18,0.947368421,1.105263158,14,0.763157895,1.368421053
F1,21/12/16,"St Etienne",Nancy,0,0,D,"2016-12-21 00:00:00",19,"St Etienne",14,Nancy,19,1.078947368,1.105263158,14,0.763157895,1.368421053
F1,21/12/16,"St Etienne",Nancy,0,0,D,"2016-12-21 00:00:00",19,"St Etienne",14,Nancy,19,1.078947368,1.105263158,14,0.763157895,1.368421053
F1,17/12/16,Toulouse,Nancy,1,1,D,"2016-12-17 00:00:00",20,Toulouse,14,Nancy,20,0.973684211,1.078947368,14,0.763157895,1.368421053
F1,17/12/16,Toulouse,Nancy,1,1,D,"2016-12-17 00:00:00",20,Toulouse,14,Nancy,20,0.973684211,1.078947368,14,0.763157895,1.368421053
F1,16/12/16,Angers,Nantes,0,2,A,"2016-12-16 00:00:00",1,Angers,15,Nantes,1,1.052631579,1.289473684,15,1.052631579,1.421052632
F1,16/12/16,Angers,Nantes,0,2,A,"2016-12-16 00:00:00",1,Angers,15,Nantes,1,1.052631579,1.289473684,15,1.052631579,1.421052632
F1,01/03/17,Bastia,Nantes,2,2,D,"2017-03-01 00:00:00",2,Bastia,15,Nantes,2,0.763157895,1.5,15,1.052631579,1.421052632
F1,01/03/17,Bastia,Nantes,2,2,D,"2017-03-01 00:00:00",2,Bastia,15,Nantes,2,0.763157895,1.5,15,1.052631579,1.421052632
F1,28/08/16,Bordeaux,Nantes,1,0,H,"2016-08-28 00:00:00",3,Bordeaux,15,Nantes,3,1.394736842,1.131578947,15,1.052631579,1.421052632
F1,28/08/16,Bordeaux,Nantes,1,0,H,"2016-08-28 00:00:00",3,Bordeaux,15,Nantes,3,1.394736842,1.131578947,15,1.052631579,1.421052632
F1,22/04/17,Caen,Nantes,0,2,A,"2017-04-22 00:00:00",4,Caen,15,Nantes,4,0.947368421,1.710526316,15,1.052631579,1.421052632
F1,22/04/17,Caen,Nantes,0,2,A,"2017-04-22 00:00:00",4,Caen,15,Nantes,4,0.947368421,1.710526316,15,1.052631579,1.421052632
F1,13/08/16,Dijon,Nantes,0,1,A,"2016-08-13 00:00:00",5,Dijon,15,Nantes,5,1.210526316,1.526315789,15,1.052631579,1.421052632
F1,13/08/16,Dijon,Nantes,0,1,A,"2016-08-13 00:00:00",5,Dijon,15,Nantes,5,1.210526316,1.526315789,15,1.052631579,1.421052632
F1,03/12/16,Guingamp,Nantes,2,0,H,"2016-12-03 00:00:00",6,Guingamp,15,Nantes,6,1.210526316,1.394736842,15,1.052631579,1.421052632
F1,03/12/16,Guingamp,Nantes,2,0,H,"2016-12-03 00:00:00",6,Guingamp,15,Nantes,6,1.210526316,1.394736842,15,1.052631579,1.421052632
F1,20/05/17,Lille,Nantes,3,0,H,"2017-05-20 00:00:00",7,Lille,15,Nantes,7,1.052631579,1.236842105,15,1.052631579,1.421052632
F1,20/05/17,Lille,Nantes,3,0,H,"2017-05-20 00:00:00",7,Lille,15,Nantes,7,1.052631579,1.236842105,15,1.052631579,1.421052632
F1,15/10/16,Lorient,Nantes,1,2,A,"2016-10-15 00:00:00",8,Lorient,15,Nantes,8,1.157894737,1.842105263,15,1.052631579,1.421052632
F1,15/10/16,Lorient,Nantes,1,2,A,"2016-10-15 00:00:00",8,Lorient,15,Nantes,8,1.157894737,1.842105263,15,1.052631579,1.421052632
F1,07/05/17,Lyon,Nantes,3,2,H,"2017-05-07 00:00:00",9,Lyon,15,Nantes,9,2.105263158,1.263157895,15,1.052631579,1.421052632
F1,07/05/17,Lyon,Nantes,3,2,H,"2017-05-07 00:00:00",9,Lyon,15,Nantes,9,2.105263158,1.263157895,15,1.052631579,1.421052632
F1,25/09/16,Marseille,Nantes,2,1,H,"2016-09-25 00:00:00",10,Marseille,15,Nantes,10,1.5,1.078947368,15,1.052631579,1.421052632
F1,25/09/16,Marseille,Nantes,2,1,H,"2016-09-25 00:00:00",10,Marseille,15,Nantes,10,1.5,1.078947368,15,1.052631579,1.421052632
F1,18/02/17,Metz,Nantes,1,1,D,"2017-02-18 00:00:00",11,Metz,15,Nantes,11,1.026315789,1.894736842,15,1.052631579,1.421052632
F1,18/02/17,Metz,Nantes,1,1,D,"2017-02-18 00:00:00",11,Metz,15,Nantes,11,1.026315789,1.894736842,15,1.052631579,1.421052632
F1,05/03/17,Monaco,Nantes,4,0,H,"2017-03-05 00:00:00",12,Monaco,15,Nantes,12,2.815789474,0.815789474,15,1.052631579,1.421052632
F1,05/03/17,Monaco,Nantes,4,0,H,"2017-03-05 00:00:00",12,Monaco,15,Nantes,12,2.815789474,0.815789474,15,1.052631579,1.421052632
F1,11/03/17,Montpellier,Nantes,2,3,A,"2017-03-11 00:00:00",13,Montpellier,15,Nantes,13,1.263157895,1.736842105,15,1.052631579,1.421052632
F1,11/03/17,Montpellier,Nantes,2,3,A,"2017-03-11 00:00:00",13,Montpellier,15,Nantes,13,1.263157895,1.736842105,15,1.052631579,1.421052632
F1,17/09/16,Nancy,Nantes,1,1,D,"2016-09-17 00:00:00",14,Nancy,15,Nantes,14,0.763157895,1.368421053,15,1.052631579,1.421052632
F1,17/09/16,Nancy,Nantes,1,1,D,"2016-09-17 00:00:00",14,Nancy,15,Nantes,14,0.763157895,1.368421053,15,1.052631579,1.421052632
F1,30/10/16,Nice,Nantes,4,1,H,"2016-10-30 00:00:00",16,Nice,15,Nantes,16,1.657894737,0.947368421,15,1.052631579,1.421052632
F1,30/10/16,Nice,Nantes,4,1,H,"2016-10-30 00:00:00",16,Nice,15,Nantes,16,1.657894737,0.947368421,15,1.052631579,1.421052632
F1,19/11/16,"Paris SG",Nantes,2,0,H,"2016-11-19 00:00:00",17,"Paris SG",15,Nantes,17,2.184210526,0.710526316,15,1.052631579,1.421052632
F1,19/11/16,"Paris SG",Nantes,2,0,H,"2016-11-19 00:00:00",17,"Paris SG",15,Nantes,17,2.184210526,0.710526316,15,1.052631579,1.421052632
F1,28/01/17,Rennes,Nantes,1,1,D,"2017-01-28 00:00:00",18,Rennes,15,Nantes,18,0.947368421,1.105263158,15,1.052631579,1.421052632
F1,28/01/17,Rennes,Nantes,1,1,D,"2017-01-28 00:00:00",18,Rennes,15,Nantes,18,0.947368421,1.105263158,15,1.052631579,1.421052632
F1,09/04/17,"St Etienne",Nantes,1,1,D,"2017-04-09 00:00:00",19,"St Etienne",15,Nantes,19,1.078947368,1.105263158,15,1.052631579,1.421052632
F1,09/04/17,"St Etienne",Nantes,1,1,D,"2017-04-09 00:00:00",19,"St Etienne",15,Nantes,19,1.078947368,1.105263158,15,1.052631579,1.421052632
F1,14/01/17,Toulouse,Nantes,0,1,A,"2017-01-14 00:00:00",20,Toulouse,15,Nantes,20,0.973684211,1.078947368,15,1.052631579,1.421052632
F1,14/01/17,Toulouse,Nantes,0,1,A,"2017-01-14 00:00:00",20,Toulouse,15,Nantes,20,0.973684211,1.078947368,15,1.052631579,1.421052632
F1,20/08/16,Angers,Nice,0,1,A,"2016-08-20 00:00:00",1,Angers,16,Nice,1,1.052631579,1.289473684,16,1.657894737,0.947368421
F1,20/08/16,Angers,Nice,0,1,A,"2016-08-20 00:00:00",1,Angers,16,Nice,1,1.052631579,1.289473684,16,1.657894737,0.947368421
F1,20/01/17,Bastia,Nice,1,1,D,"2017-01-20 00:00:00",2,Bastia,16,Nice,2,0.763157895,1.5,16,1.657894737,0.947368421
F1,20/01/17,Bastia,Nice,1,1,D,"2017-01-20 00:00:00",2,Bastia,16,Nice,2,0.763157895,1.5,16,1.657894737,0.947368421
F1,21/12/16,Bordeaux,Nice,0,0,D,"2016-12-21 00:00:00",3,Bordeaux,16,Nice,3,1.394736842,1.131578947,16,1.657894737,0.947368421
F1,21/12/16,Bordeaux,Nice,0,0,D,"2016-12-21 00:00:00",3,Bordeaux,16,Nice,3,1.394736842,1.131578947,16,1.657894737,0.947368421
F1,06/11/16,Caen,Nice,1,0,H,"2016-11-06 00:00:00",4,Caen,16,Nice,4,0.947368421,1.710526316,16,1.657894737,0.947368421
F1,06/11/16,Caen,Nice,1,0,H,"2016-11-06 00:00:00",4,Caen,16,Nice,4,0.947368421,1.710526316,16,1.657894737,0.947368421
F1,04/03/17,Dijon,Nice,0,1,A,"2017-03-04 00:00:00",5,Dijon,16,Nice,5,1.210526316,1.526315789,16,1.657894737,0.947368421
F1,04/03/17,Dijon,Nice,0,1,A,"2017-03-04 00:00:00",5,Dijon,16,Nice,5,1.210526316,1.526315789,16,1.657894737,0.947368421
F1,30/11/16,Guingamp,Nice,0,1,A,"2016-11-30 00:00:00",6,Guingamp,16,Nice,6,1.210526316,1.394736842,16,1.657894737,0.947368421
F1,30/11/16,Guingamp,Nice,0,1,A,"2016-11-30 00:00:00",6,Guingamp,16,Nice,6,1.210526316,1.394736842,16,1.657894737,0.947368421
F1,07/04/17,Lille,Nice,1,2,A,"2017-04-07 00:00:00",7,Lille,16,Nice,7,1.052631579,1.236842105,16,1.657894737,0.947368421
F1,07/04/17,Lille,Nice,1,2,A,"2017-04-07 00:00:00",7,Lille,16,Nice,7,1.052631579,1.236842105,16,1.657894737,0.947368421
F1,18/02/17,Lorient,Nice,0,1,A,"2017-02-18 00:00:00",8,Lorient,16,Nice,8,1.157894737,1.842105263,16,1.657894737,0.947368421
F1,18/02/17,Lorient,Nice,0,1,A,"2017-02-18 00:00:00",8,Lorient,16,Nice,8,1.157894737,1.842105263,16,1.657894737,0.947368421
F1,20/05/17,Lyon,Nice,3,3,D,"2017-05-20 00:00:00",9,Lyon,16,Nice,9,2.105263158,1.263157895,16,1.657894737,0.947368421
F1,20/05/17,Lyon,Nice,3,3,D,"2017-05-20 00:00:00",9,Lyon,16,Nice,9,2.105263158,1.263157895,16,1.657894737,0.947368421
F1,07/05/17,Marseille,Nice,2,1,H,"2017-05-07 00:00:00",10,Marseille,16,Nice,10,1.5,1.078947368,16,1.657894737,0.947368421
F1,07/05/17,Marseille,Nice,2,1,H,"2017-05-07 00:00:00",10,Marseille,16,Nice,10,1.5,1.078947368,16,1.657894737,0.947368421
F1,23/10/16,Metz,Nice,2,4,A,"2016-10-23 00:00:00",11,Metz,16,Nice,11,1.026315789,1.894736842,16,1.657894737,0.947368421
F1,23/10/16,Metz,Nice,2,4,A,"2016-10-23 00:00:00",11,Metz,16,Nice,11,1.026315789,1.894736842,16,1.657894737,0.947368421
F1,04/02/17,Monaco,Nice,3,0,H,"2017-02-04 00:00:00",12,Monaco,16,Nice,12,2.815789474,0.815789474,16,1.657894737,0.947368421
F1,04/02/17,Monaco,Nice,3,0,H,"2017-02-04 00:00:00",12,Monaco,16,Nice,12,2.815789474,0.815789474,16,1.657894737,0.947368421
F1,18/09/16,Montpellier,Nice,1,1,D,"2016-09-18 00:00:00",13,Montpellier,16,Nice,13,1.263157895,1.736842105,16,1.657894737,0.947368421
F1,18/09/16,Montpellier,Nice,1,1,D,"2016-09-18 00:00:00",13,Montpellier,16,Nice,13,1.263157895,1.736842105,16,1.657894737,0.947368421
F1,25/09/16,Nancy,Nice,0,1,A,"2016-09-25 00:00:00",14,Nancy,16,Nice,14,0.763157895,1.368421053,16,1.657894737,0.947368421
F1,25/09/16,Nancy,Nice,0,1,A,"2016-09-25 00:00:00",14,Nancy,16,Nice,14,0.763157895,1.368421053,16,1.657894737,0.947368421
F1,18/03/17,Nantes,Nice,1,1,D,"2017-03-18 00:00:00",15,Nantes,16,Nice,15,1.052631579,1.421052632,16,1.657894737,0.947368421
F1,18/03/17,Nantes,Nice,1,1,D,"2017-03-18 00:00:00",15,Nantes,16,Nice,15,1.052631579,1.421052632,16,1.657894737,0.947368421
F1,11/12/16,"Paris SG",Nice,2,2,D,"2016-12-11 00:00:00",17,"Paris SG",16,Nice,17,2.184210526,0.710526316,16,1.657894737,0.947368421
F1,11/12/16,"Paris SG",Nice,2,2,D,"2016-12-11 00:00:00",17,"Paris SG",16,Nice,17,2.184210526,0.710526316,16,1.657894737,0.947368421
F1,12/02/17,Rennes,Nice,2,2,D,"2017-02-12 00:00:00",18,Rennes,16,Nice,18,0.947368421,1.105263158,16,1.657894737,0.947368421
F1,12/02/17,Rennes,Nice,2,2,D,"2017-02-12 00:00:00",18,Rennes,16,Nice,18,0.947368421,1.105263158,16,1.657894737,0.947368421
F1,20/11/16,"St Etienne",Nice,0,1,A,"2016-11-20 00:00:00",19,"St Etienne",16,Nice,19,1.078947368,1.105263158,16,1.657894737,0.947368421
F1,20/11/16,"St Etienne",Nice,0,1,A,"2016-11-20 00:00:00",19,"St Etienne",16,Nice,19,1.078947368,1.105263158,16,1.657894737,0.947368421
F1,23/04/17,Toulouse,Nice,1,1,D,"2017-04-23 00:00:00",20,Toulouse,16,Nice,20,0.973684211,1.078947368,16,1.657894737,0.947368421
F1,23/04/17,Toulouse,Nice,1,1,D,"2017-04-23 00:00:00",20,Toulouse,16,Nice,20,0.973684211,1.078947368,16,1.657894737,0.947368421
F1,14/04/17,Angers,"Paris SG",0,2,A,"2017-04-14 00:00:00",1,Angers,17,"Paris SG",1,1.052631579,1.289473684,17,2.184210526,0.710526316
F1,14/04/17,Angers,"Paris SG",0,2,A,"2017-04-14 00:00:00",1,Angers,17,"Paris SG",1,1.052631579,1.289473684,17,2.184210526,0.710526316
F1,12/08/16,Bastia,"Paris SG",0,1,A,"2016-08-12 00:00:00",2,Bastia,17,"Paris SG",2,0.763157895,1.5,17,2.184210526,0.710526316
F1,12/08/16,Bastia,"Paris SG",0,1,A,"2016-08-12 00:00:00",2,Bastia,17,"Paris SG",2,0.763157895,1.5,17,2.184210526,0.710526316
F1,10/02/17,Bordeaux,"Paris SG",0,3,A,"2017-02-10 00:00:00",3,Bordeaux,17,"Paris SG",3,1.394736842,1.131578947,17,2.184210526,0.710526316
F1,10/02/17,Bordeaux,"Paris SG",0,3,A,"2017-02-10 00:00:00",3,Bordeaux,17,"Paris SG",3,1.394736842,1.131578947,17,2.184210526,0.710526316
F1,16/09/16,Caen,"Paris SG",0,6,A,"2016-09-16 00:00:00",4,Caen,17,"Paris SG",4,0.947368421,1.710526316,17,2.184210526,0.710526316
F1,16/09/16,Caen,"Paris SG",0,6,A,"2016-09-16 00:00:00",4,Caen,17,"Paris SG",4,0.947368421,1.710526316,17,2.184210526,0.710526316
F1,04/02/17,Dijon,"Paris SG",1,3,A,"2017-02-04 00:00:00",5,Dijon,17,"Paris SG",5,1.210526316,1.526315789,17,2.184210526,0.710526316
F1,04/02/17,Dijon,"Paris SG",1,3,A,"2017-02-04 00:00:00",5,Dijon,17,"Paris SG",5,1.210526316,1.526315789,17,2.184210526,0.710526316
F1,17/12/16,Guingamp,"Paris SG",2,1,H,"2016-12-17 00:00:00",6,Guingamp,17,"Paris SG",6,1.210526316,1.394736842,17,2.184210526,0.710526316
F1,17/12/16,Guingamp,"Paris SG",2,1,H,"2016-12-17 00:00:00",6,Guingamp,17,"Paris SG",6,1.210526316,1.394736842,17,2.184210526,0.710526316
F1,28/10/16,Lille,"Paris SG",0,1,A,"2016-10-28 00:00:00",7,Lille,17,"Paris SG",7,1.052631579,1.236842105,17,2.184210526,0.710526316
F1,28/10/16,Lille,"Paris SG",0,1,A,"2016-10-28 00:00:00",7,Lille,17,"Paris SG",7,1.052631579,1.236842105,17,2.184210526,0.710526316
F1,12/03/17,Lorient,"Paris SG",1,2,A,"2017-03-12 00:00:00",8,Lorient,17,"Paris SG",8,1.157894737,1.842105263,17,2.184210526,0.710526316
F1,12/03/17,Lorient,"Paris SG",1,2,A,"2017-03-12 00:00:00",8,Lorient,17,"Paris SG",8,1.157894737,1.842105263,17,2.184210526,0.710526316
F1,27/11/16,Lyon,"Paris SG",1,2,A,"2016-11-27 00:00:00",9,Lyon,17,"Paris SG",9,2.105263158,1.263157895,17,2.184210526,0.710526316
F1,27/11/16,Lyon,"Paris SG",1,2,A,"2016-11-27 00:00:00",9,Lyon,17,"Paris SG",9,2.105263158,1.263157895,17,2.184210526,0.710526316
F1,26/02/17,Marseille,"Paris SG",1,5,A,"2017-02-26 00:00:00",10,Marseille,17,"Paris SG",10,1.5,1.078947368,17,2.184210526,0.710526316
F1,26/02/17,Marseille,"Paris SG",1,5,A,"2017-02-26 00:00:00",10,Marseille,17,"Paris SG",10,1.5,1.078947368,17,2.184210526,0.710526316
F1,18/04/17,Metz,"Paris SG",2,3,A,"2017-04-18 00:00:00",11,Metz,17,"Paris SG",11,1.026315789,1.894736842,17,2.184210526,0.710526316
F1,18/04/17,Metz,"Paris SG",2,3,A,"2017-04-18 00:00:00",11,Metz,17,"Paris SG",11,1.026315789,1.894736842,17,2.184210526,0.710526316
F1,28/08/16,Monaco,"Paris SG",3,1,H,"2016-08-28 00:00:00",12,Monaco,17,"Paris SG",12,2.815789474,0.815789474,17,2.184210526,0.710526316
F1,28/08/16,Monaco,"Paris SG",3,1,H,"2016-08-28 00:00:00",12,Monaco,17,"Paris SG",12,2.815789474,0.815789474,17,2.184210526,0.710526316
F1,03/12/16,Montpellier,"Paris SG",3,0,H,"2016-12-03 00:00:00",13,Montpellier,17,"Paris SG",13,1.263157895,1.736842105,17,2.184210526,0.710526316
F1,03/12/16,Montpellier,"Paris SG",3,0,H,"2016-12-03 00:00:00",13,Montpellier,17,"Paris SG",13,1.263157895,1.736842105,17,2.184210526,0.710526316
F1,15/10/16,Nancy,"Paris SG",1,2,A,"2016-10-15 00:00:00",14,Nancy,17,"Paris SG",14,0.763157895,1.368421053,17,2.184210526,0.710526316
F1,15/10/16,Nancy,"Paris SG",1,2,A,"2016-10-15 00:00:00",14,Nancy,17,"Paris SG",14,0.763157895,1.368421053,17,2.184210526,0.710526316
F1,21/01/17,Nantes,"Paris SG",0,2,A,"2017-01-21 00:00:00",15,Nantes,17,"Paris SG",15,1.052631579,1.421052632,17,2.184210526,0.710526316
F1,21/01/17,Nantes,"Paris SG",0,2,A,"2017-01-21 00:00:00",15,Nantes,17,"Paris SG",15,1.052631579,1.421052632,17,2.184210526,0.710526316
F1,30/04/17,Nice,"Paris SG",3,1,H,"2017-04-30 00:00:00",16,Nice,17,"Paris SG",16,1.657894737,0.947368421,17,2.184210526,0.710526316
F1,30/04/17,Nice,"Paris SG",3,1,H,"2017-04-30 00:00:00",16,Nice,17,"Paris SG",16,1.657894737,0.947368421,17,2.184210526,0.710526316
F1,14/01/17,Rennes,"Paris SG",0,1,A,"2017-01-14 00:00:00",18,Rennes,17,"Paris SG",18,0.947368421,1.105263158,17,2.184210526,0.710526316
F1,14/01/17,Rennes,"Paris SG",0,1,A,"2017-01-14 00:00:00",18,Rennes,17,"Paris SG",18,0.947368421,1.105263158,17,2.184210526,0.710526316
F1,14/05/17,"St Etienne","Paris SG",0,5,A,"2017-05-14 00:00:00",19,"St Etienne",17,"Paris SG",19,1.078947368,1.105263158,17,2.184210526,0.710526316
F1,14/05/17,"St Etienne","Paris SG",0,5,A,"2017-05-14 00:00:00",19,"St Etienne",17,"Paris SG",19,1.078947368,1.105263158,17,2.184210526,0.710526316
F1,23/09/16,Toulouse,"Paris SG",2,0,H,"2016-09-23 00:00:00",20,Toulouse,17,"Paris SG",20,0.973684211,1.078947368,17,2.184210526,0.710526316
F1,23/09/16,Toulouse,"Paris SG",2,0,H,"2016-09-23 00:00:00",20,Toulouse,17,"Paris SG",20,0.973684211,1.078947368,17,2.184210526,0.710526316
F1,08/02/17,Angers,Rennes,0,0,D,"2017-02-08 00:00:00",1,Angers,18,Rennes,1,1.052631579,1.289473684,18,0.947368421,1.105263158
F1,08/02/17,Angers,Rennes,0,0,D,"2017-02-08 00:00:00",1,Angers,18,Rennes,1,1.052631579,1.289473684,18,0.947368421,1.105263158
F1,29/04/17,Bastia,Rennes,1,0,H,"2017-04-29 00:00:00",2,Bastia,18,Rennes,2,0.763157895,1.5,18,0.947368421,1.105263158
F1,29/04/17,Bastia,Rennes,1,0,H,"2017-04-29 00:00:00",2,Bastia,18,Rennes,2,0.763157895,1.5,18,0.947368421,1.105263158
F1,04/02/17,Bordeaux,Rennes,1,1,D,"2017-02-04 00:00:00",3,Bordeaux,18,Rennes,3,1.394736842,1.131578947,18,0.947368421,1.105263158
F1,04/02/17,Bordeaux,Rennes,1,1,D,"2017-02-04 00:00:00",3,Bordeaux,18,Rennes,3,1.394736842,1.131578947,18,0.947368421,1.105263158
F1,14/05/17,Caen,Rennes,0,1,A,"2017-05-14 00:00:00",4,Caen,18,Rennes,4,0.947368421,1.710526316,18,0.947368421,1.105263158
F1,14/05/17,Caen,Rennes,0,1,A,"2017-05-14 00:00:00",4,Caen,18,Rennes,4,0.947368421,1.710526316,18,0.947368421,1.105263158
F1,24/09/16,Dijon,Rennes,3,0,H,"2016-09-24 00:00:00",5,Dijon,18,Rennes,5,1.210526316,1.526315789,18,0.947368421,1.105263158
F1,24/09/16,Dijon,Rennes,3,0,H,"2016-09-24 00:00:00",5,Dijon,18,Rennes,5,1.210526316,1.526315789,18,0.947368421,1.105263158
F1,21/01/17,Guingamp,Rennes,1,1,D,"2017-01-21 00:00:00",6,Guingamp,18,Rennes,6,1.210526316,1.394736842,18,0.947368421,1.105263158
F1,21/01/17,Guingamp,Rennes,1,1,D,"2017-01-21 00:00:00",6,Guingamp,18,Rennes,6,1.210526316,1.394736842,18,0.947368421,1.105263158
F1,21/12/16,Lille,Rennes,1,1,D,"2016-12-21 00:00:00",7,Lille,18,Rennes,7,1.052631579,1.236842105,18,0.947368421,1.105263158
F1,21/12/16,Lille,Rennes,1,1,D,"2016-12-21 00:00:00",7,Lille,18,Rennes,7,1.052631579,1.236842105,18,0.947368421,1.105263158
F1,29/11/16,Lorient,Rennes,2,1,H,"2016-11-29 00:00:00",8,Lorient,18,Rennes,8,1.157894737,1.842105263,18,0.947368421,1.105263158
F1,29/11/16,Lorient,Rennes,2,1,H,"2016-11-29 00:00:00",8,Lorient,18,Rennes,8,1.157894737,1.842105263,18,0.947368421,1.105263158
F1,11/12/16,Lyon,Rennes,1,0,H,"2016-12-11 00:00:00",9,Lyon,18,Rennes,9,2.105263158,1.263157895,18,0.947368421,1.105263158
F1,11/12/16,Lyon,Rennes,1,0,H,"2016-12-11 00:00:00",9,Lyon,18,Rennes,9,2.105263158,1.263157895,18,0.947368421,1.105263158
F1,18/02/17,Marseille,Rennes,2,0,H,"2017-02-18 00:00:00",10,Marseille,18,Rennes,10,1.5,1.078947368,18,0.947368421,1.105263158
F1,18/02/17,Marseille,Rennes,2,0,H,"2017-02-18 00:00:00",10,Marseille,18,Rennes,10,1.5,1.078947368,18,0.947368421,1.105263158
F1,04/03/17,Metz,Rennes,1,1,D,"2017-03-04 00:00:00",11,Metz,18,Rennes,11,1.026315789,1.894736842,18,0.947368421,1.105263158
F1,04/03/17,Metz,Rennes,1,1,D,"2017-03-04 00:00:00",11,Metz,18,Rennes,11,1.026315789,1.894736842,18,0.947368421,1.105263158
F1,17/09/16,Monaco,Rennes,3,0,H,"2016-09-17 00:00:00",12,Monaco,18,Rennes,12,2.815789474,0.815789474,18,0.947368421,1.105263158
F1,17/09/16,Monaco,Rennes,3,0,H,"2016-09-17 00:00:00",12,Monaco,18,Rennes,12,2.815789474,0.815789474,18,0.947368421,1.105263158
F1,27/08/16,Montpellier,Rennes,1,1,D,"2016-08-27 00:00:00",13,Montpellier,18,Rennes,13,1.263157895,1.736842105,18,0.947368421,1.105263158
F1,27/08/16,Montpellier,Rennes,1,1,D,"2016-08-27 00:00:00",13,Montpellier,18,Rennes,13,1.263157895,1.736842105,18,0.947368421,1.105263158
F1,08/04/17,Nancy,Rennes,3,0,H,"2017-04-08 00:00:00",14,Nancy,18,Rennes,14,0.763157895,1.368421053,18,0.947368421,1.105263158
F1,08/04/17,Nancy,Rennes,3,0,H,"2017-04-08 00:00:00",14,Nancy,18,Rennes,14,0.763157895,1.368421053,18,0.947368421,1.105263158
F1,22/10/16,Nantes,Rennes,1,2,A,"2016-10-22 00:00:00",15,Nantes,18,Rennes,15,1.052631579,1.421052632,18,0.947368421,1.105263158
F1,22/10/16,Nantes,Rennes,1,2,A,"2016-10-22 00:00:00",15,Nantes,18,Rennes,15,1.052631579,1.421052632,18,0.947368421,1.105263158
F1,14/08/16,Nice,Rennes,1,0,H,"2016-08-14 00:00:00",16,Nice,18,Rennes,16,1.657894737,0.947368421,18,0.947368421,1.105263158
F1,14/08/16,Nice,Rennes,1,0,H,"2016-08-14 00:00:00",16,Nice,18,Rennes,16,1.657894737,0.947368421,18,0.947368421,1.105263158
F1,06/11/16,"Paris SG",Rennes,4,0,H,"2016-11-06 00:00:00",17,"Paris SG",18,Rennes,17,2.184210526,0.710526316,18,0.947368421,1.105263158
F1,06/11/16,"Paris SG",Rennes,4,0,H,"2016-11-06 00:00:00",17,"Paris SG",18,Rennes,17,2.184210526,0.710526316,18,0.947368421,1.105263158
F1,23/04/17,"St Etienne",Rennes,1,1,D,"2017-04-23 00:00:00",19,"St Etienne",18,Rennes,19,1.078947368,1.105263158,18,0.947368421,1.105263158
F1,23/04/17,"St Etienne",Rennes,1,1,D,"2017-04-23 00:00:00",19,"St Etienne",18,Rennes,19,1.078947368,1.105263158,18,0.947368421,1.105263158
F1,18/03/17,Toulouse,Rennes,0,0,D,"2017-03-18 00:00:00",20,Toulouse,18,Rennes,20,0.973684211,1.078947368,18,0.947368421,1.105263158
F1,18/03/17,Toulouse,Rennes,0,0,D,"2017-03-18 00:00:00",20,Toulouse,18,Rennes,20,0.973684211,1.078947368,18,0.947368421,1.105263158
F1,27/11/16,Angers,"St Etienne",1,2,A,"2016-11-27 00:00:00",1,Angers,19,"St Etienne",1,1.052631579,1.289473684,19,1.078947368,1.105263158
F1,27/11/16,Angers,"St Etienne",1,2,A,"2016-11-27 00:00:00",1,Angers,19,"St Etienne",1,1.052631579,1.289473684,19,1.078947368,1.105263158
F1,04/03/17,Bastia,"St Etienne",0,0,D,"2017-03-04 00:00:00",2,Bastia,19,"St Etienne",2,0.763157895,1.5,19,1.078947368,1.105263158
F1,04/03/17,Bastia,"St Etienne",0,0,D,"2017-03-04 00:00:00",2,Bastia,19,"St Etienne",2,0.763157895,1.5,19,1.078947368,1.105263158
F1,13/08/16,Bordeaux,"St Etienne",3,2,H,"2016-08-13 00:00:00",3,Bordeaux,19,"St Etienne",3,1.394736842,1.131578947,19,1.078947368,1.105263158
F1,13/08/16,Bordeaux,"St Etienne",3,2,H,"2016-08-13 00:00:00",3,Bordeaux,19,"St Etienne",3,1.394736842,1.131578947,19,1.078947368,1.105263158
F1,23/10/16,Caen,"St Etienne",0,2,A,"2016-10-23 00:00:00",4,Caen,19,"St Etienne",4,0.947368421,1.710526316,19,1.078947368,1.105263158
F1,23/10/16,Caen,"St Etienne",0,2,A,"2016-10-23 00:00:00",4,Caen,19,"St Etienne",4,0.947368421,1.710526316,19,1.078947368,1.105263158
F1,19/03/17,Dijon,"St Etienne",0,1,A,"2017-03-19 00:00:00",5,Dijon,19,"St Etienne",5,1.210526316,1.526315789,19,1.078947368,1.105263158
F1,19/03/17,Dijon,"St Etienne",0,1,A,"2017-03-19 00:00:00",5,Dijon,19,"St Etienne",5,1.210526316,1.526315789,19,1.078947368,1.105263158
F1,29/04/17,Guingamp,"St Etienne",0,2,A,"2017-04-29 00:00:00",6,Guingamp,19,"St Etienne",6,1.210526316,1.394736842,19,1.078947368,1.105263158
F1,29/04/17,Guingamp,"St Etienne",0,2,A,"2017-04-29 00:00:00",6,Guingamp,19,"St Etienne",6,1.210526316,1.394736842,19,1.078947368,1.105263158
F1,13/01/17,Lille,"St Etienne",1,1,D,"2017-01-13 00:00:00",7,Lille,19,"St Etienne",7,1.052631579,1.236842105,19,1.078947368,1.105263158
F1,13/01/17,Lille,"St Etienne",1,1,D,"2017-01-13 00:00:00",7,Lille,19,"St Etienne",7,1.052631579,1.236842105,19,1.078947368,1.105263158
F1,17/12/16,Lorient,"St Etienne",2,1,H,"2016-12-17 00:00:00",8,Lorient,19,"St Etienne",8,1.157894737,1.842105263,19,1.078947368,1.105263158
F1,17/12/16,Lorient,"St Etienne",2,1,H,"2016-12-17 00:00:00",8,Lorient,19,"St Etienne",8,1.157894737,1.842105263,19,1.078947368,1.105263158
F1,02/10/16,Lyon,"St Etienne",2,0,H,"2016-10-02 00:00:00",9,Lyon,19,"St Etienne",9,2.105263158,1.263157895,19,1.078947368,1.105263158
F1,02/10/16,Lyon,"St Etienne",2,0,H,"2016-10-02 00:00:00",9,Lyon,19,"St Etienne",9,2.105263158,1.263157895,19,1.078947368,1.105263158
F1,16/04/17,Marseille,"St Etienne",4,0,H,"2017-04-16 00:00:00",10,Marseille,19,"St Etienne",10,1.5,1.078947368,19,1.078947368,1.105263158
F1,16/04/17,Marseille,"St Etienne",4,0,H,"2017-04-16 00:00:00",10,Marseille,19,"St Etienne",10,1.5,1.078947368,19,1.078947368,1.105263158
F1,06/11/16,Metz,"St Etienne",0,0,D,"2016-11-06 00:00:00",11,Metz,19,"St Etienne",11,1.026315789,1.894736842,19,1.078947368,1.105263158
F1,06/11/16,Metz,"St Etienne",0,0,D,"2016-11-06 00:00:00",11,Metz,19,"St Etienne",11,1.026315789,1.894736842,19,1.078947368,1.105263158
F1,17/05/17,Monaco,"St Etienne",2,0,H,"2017-05-17 00:00:00",12,Monaco,19,"St Etienne",12,2.815789474,0.815789474,19,1.078947368,1.105263158
F1,17/05/17,Monaco,"St Etienne",2,0,H,"2017-05-17 00:00:00",12,Monaco,19,"St Etienne",12,2.815789474,0.815789474,19,1.078947368,1.105263158
F1,19/02/17,Montpellier,"St Etienne",2,1,H,"2017-02-19 00:00:00",13,Montpellier,19,"St Etienne",13,1.263157895,1.736842105,19,1.078947368,1.105263158
F1,19/02/17,Montpellier,"St Etienne",2,1,H,"2017-02-19 00:00:00",13,Montpellier,19,"St Etienne",13,1.263157895,1.736842105,19,1.078947368,1.105263158
F1,20/05/17,Nancy,"St Etienne",3,1,H,"2017-05-20 00:00:00",14,Nancy,19,"St Etienne",14,0.763157895,1.368421053,19,1.078947368,1.105263158
F1,20/05/17,Nancy,"St Etienne",3,1,H,"2017-05-20 00:00:00",14,Nancy,19,"St Etienne",14,0.763157895,1.368421053,19,1.078947368,1.105263158
F1,21/09/16,Nantes,"St Etienne",0,0,D,"2016-09-21 00:00:00",15,Nantes,19,"St Etienne",15,1.052631579,1.421052632,19,1.078947368,1.105263158
F1,21/09/16,Nantes,"St Etienne",0,0,D,"2016-09-21 00:00:00",15,Nantes,19,"St Etienne",15,1.052631579,1.421052632,19,1.078947368,1.105263158
F1,08/02/17,Nice,"St Etienne",1,0,H,"2017-02-08 00:00:00",16,Nice,19,"St Etienne",16,1.657894737,0.947368421,19,1.078947368,1.105263158
F1,08/02/17,Nice,"St Etienne",1,0,H,"2017-02-08 00:00:00",16,Nice,19,"St Etienne",16,1.657894737,0.947368421,19,1.078947368,1.105263158
F1,09/09/16,"Paris SG","St Etienne",1,1,D,"2016-09-09 00:00:00",17,"Paris SG",19,"St Etienne",17,2.184210526,0.710526316,19,1.078947368,1.105263158
F1,09/09/16,"Paris SG","St Etienne",1,1,D,"2016-09-09 00:00:00",17,"Paris SG",19,"St Etienne",17,2.184210526,0.710526316,19,1.078947368,1.105263158
F1,04/12/16,Rennes,"St Etienne",2,0,H,"2016-12-04 00:00:00",18,Rennes,19,"St Etienne",18,0.947368421,1.105263158,19,1.078947368,1.105263158
F1,04/12/16,Rennes,"St Etienne",2,0,H,"2016-12-04 00:00:00",18,Rennes,19,"St Etienne",18,0.947368421,1.105263158,19,1.078947368,1.105263158
F1,29/01/17,Toulouse,"St Etienne",0,3,A,"2017-01-29 00:00:00",20,Toulouse,19,"St Etienne",20,0.973684211,1.078947368,19,1.078947368,1.105263158
F1,29/01/17,Toulouse,"St Etienne",0,3,A,"2017-01-29 00:00:00",20,Toulouse,19,"St Etienne",20,0.973684211,1.078947368,19,1.078947368,1.105263158
F1,22/10/16,Angers,Toulouse,0,0,D,"2016-10-22 00:00:00",1,Angers,20,Toulouse,1,1.052631579,1.289473684,20,0.973684211,1.078947368
F1,22/10/16,Angers,Toulouse,0,0,D,"2016-10-22 00:00:00",1,Angers,20,Toulouse,1,1.052631579,1.289473684,20,0.973684211,1.078947368
F1,10/09/16,Bastia,Toulouse,2,1,H,"2016-09-10 00:00:00",2,Bastia,20,Toulouse,2,0.763157895,1.5,20,0.973684211,1.078947368
F1,10/09/16,Bastia,Toulouse,2,1,H,"2016-09-10 00:00:00",2,Bastia,20,Toulouse,2,0.763157895,1.5,20,0.973684211,1.078947368
F1,21/01/17,Bordeaux,Toulouse,1,0,H,"2017-01-21 00:00:00",3,Bordeaux,20,Toulouse,3,1.394736842,1.131578947,20,0.973684211,1.078947368
F1,21/01/17,Bordeaux,Toulouse,1,0,H,"2017-01-21 00:00:00",3,Bordeaux,20,Toulouse,3,1.394736842,1.131578947,20,0.973684211,1.078947368
F1,01/10/16,Caen,Toulouse,1,0,H,"2016-10-01 00:00:00",4,Caen,20,Toulouse,4,0.947368421,1.710526316,20,0.973684211,1.078947368
F1,01/10/16,Caen,Toulouse,1,0,H,"2016-10-01 00:00:00",4,Caen,20,Toulouse,4,0.947368421,1.710526316,20,0.973684211,1.078947368
F1,21/12/16,Dijon,Toulouse,2,0,H,"2016-12-21 00:00:00",5,Dijon,20,Toulouse,5,1.210526316,1.526315789,20,0.973684211,1.078947368
F1,21/12/16,Dijon,Toulouse,2,0,H,"2016-12-21 00:00:00",5,Dijon,20,Toulouse,5,1.210526316,1.526315789,20,0.973684211,1.078947368
F1,15/04/17,Guingamp,Toulouse,2,1,H,"2017-04-15 00:00:00",6,Guingamp,20,Toulouse,6,1.210526316,1.394736842,20,0.973684211,1.078947368
F1,15/04/17,Guingamp,Toulouse,2,1,H,"2017-04-15 00:00:00",6,Guingamp,20,Toulouse,6,1.210526316,1.394736842,20,0.973684211,1.078947368
F1,20/09/16,Lille,Toulouse,1,2,A,"2016-09-20 00:00:00",7,Lille,20,Toulouse,7,1.052631579,1.236842105,20,0.973684211,1.078947368
F1,20/09/16,Lille,Toulouse,1,2,A,"2016-09-20 00:00:00",7,Lille,20,Toulouse,7,1.052631579,1.236842105,20,0.973684211,1.078947368
F1,08/02/17,Lorient,Toulouse,1,1,D,"2017-02-08 00:00:00",8,Lorient,20,Toulouse,8,1.157894737,1.842105263,20,0.973684211,1.078947368
F1,08/02/17,Lorient,Toulouse,1,1,D,"2017-02-08 00:00:00",8,Lorient,20,Toulouse,8,1.157894737,1.842105263,20,0.973684211,1.078947368
F1,12/03/17,Lyon,Toulouse,4,0,H,"2017-03-12 00:00:00",9,Lyon,20,Toulouse,9,2.105263158,1.263157895,20,0.973684211,1.078947368
F1,12/03/17,Lyon,Toulouse,4,0,H,"2017-03-12 00:00:00",9,Lyon,20,Toulouse,9,2.105263158,1.263157895,20,0.973684211,1.078947368
F1,14/08/16,Marseille,Toulouse,0,0,D,"2016-08-14 00:00:00",10,Marseille,20,Toulouse,10,1.5,1.078947368,20,0.973684211,1.078947368
F1,14/08/16,Marseille,Toulouse,0,0,D,"2016-08-14 00:00:00",10,Marseille,20,Toulouse,10,1.5,1.078947368,20,0.973684211,1.078947368
F1,14/05/17,Metz,Toulouse,1,1,D,"2017-05-14 00:00:00",11,Metz,20,Toulouse,11,1.026315789,1.894736842,20,0.973684211,1.078947368
F1,14/05/17,Metz,Toulouse,1,1,D,"2017-05-14 00:00:00",11,Metz,20,Toulouse,11,1.026315789,1.894736842,20,0.973684211,1.078947368
F1,29/04/17,Monaco,Toulouse,3,1,H,"2017-04-29 00:00:00",12,Monaco,20,Toulouse,12,2.815789474,0.815789474,20,0.973684211,1.078947368
F1,29/04/17,Monaco,Toulouse,3,1,H,"2017-04-29 00:00:00",12,Monaco,20,Toulouse,12,2.815789474,0.815789474,20,0.973684211,1.078947368
F1,02/04/17,Montpellier,Toulouse,0,1,A,"2017-04-02 00:00:00",13,Montpellier,20,Toulouse,13,1.263157895,1.736842105,20,0.973684211,1.078947368
F1,02/04/17,Montpellier,Toulouse,0,1,A,"2017-04-02 00:00:00",13,Montpellier,20,Toulouse,13,1.263157895,1.736842105,20,0.973684211,1.078947368
F1,25/02/17,Nancy,Toulouse,0,0,D,"2017-02-25 00:00:00",14,Nancy,20,Toulouse,14,0.763157895,1.368421053,20,0.973684211,1.078947368
F1,25/02/17,Nancy,Toulouse,0,0,D,"2017-02-25 00:00:00",14,Nancy,20,Toulouse,14,0.763157895,1.368421053,20,0.973684211,1.078947368
F1,05/11/16,Nantes,Toulouse,1,1,D,"2016-11-05 00:00:00",15,Nantes,20,Toulouse,15,1.052631579,1.421052632,20,0.973684211,1.078947368
F1,05/11/16,Nantes,Toulouse,1,1,D,"2016-11-05 00:00:00",15,Nantes,20,Toulouse,15,1.052631579,1.421052632,20,0.973684211,1.078947368
F1,04/12/16,Nice,Toulouse,3,0,H,"2016-12-04 00:00:00",16,Nice,20,Toulouse,16,1.657894737,0.947368421,20,0.973684211,1.078947368
F1,04/12/16,Nice,Toulouse,3,0,H,"2016-12-04 00:00:00",16,Nice,20,Toulouse,16,1.657894737,0.947368421,20,0.973684211,1.078947368
F1,19/02/17,"Paris SG",Toulouse,0,0,D,"2017-02-19 00:00:00",17,"Paris SG",20,Toulouse,17,2.184210526,0.710526316,20,0.973684211,1.078947368
F1,19/02/17,"Paris SG",Toulouse,0,0,D,"2017-02-19 00:00:00",17,"Paris SG",20,Toulouse,17,2.184210526,0.710526316,20,0.973684211,1.078947368
F1,25/11/16,Rennes,Toulouse,1,0,H,"2016-11-25 00:00:00",18,Rennes,20,Toulouse,18,0.947368421,1.105263158,20,0.973684211,1.078947368
F1,25/11/16,Rennes,Toulouse,1,0,H,"2016-11-25 00:00:00",18,Rennes,20,Toulouse,18,0.947368421,1.105263158,20,0.973684211,1.078947368
F1,28/08/16,"St Etienne",Toulouse,0,0,D,"2016-08-28 00:00:00",19,"St Etienne",20,Toulouse,19,1.078947368,1.105263158,20,0.973684211,1.078947368
F1,28/08/16,"St Etienne",Toulouse,0,0,D,"2016-08-28 00:00:00",19,"St Etienne",20,Toulouse,19,1.078947368,1.105263158,20,0.973684211,1.078947368
