id_liga,date_partido,equipo_local,equipo_visitante,goles_local,goles_visitante,resultado,dates,id,name,id,name,team,do,recieve,team,do,recieve
E0,03/01/17,Bournemouth,Arsenal,3,3,D,"2017-01-03 00:00:00",2,Bournemouth,1,Arsenal,2,1.184210526,1.605263158,1,1.947368421,1.342105263
E0,14/01/18,Bournemouth,Arsenal,2,1,H,"2018-01-14 00:00:00",2,Bournemouth,1,Arsenal,2,1.184210526,1.605263158,1,1.947368421,1.342105263
E0,04/03/18,Brighton,Arsenal,2,1,H,"2018-03-04 00:00:00",3,Brighton,1,Arsenal,3,0.894736842,1.421052632,1,1.947368421,1.342105263
E0,02/10/16,Burnley,Arsenal,0,1,A,"2016-10-02 00:00:00",4,Burnley,1,Arsenal,4,0.947368421,1.026315789,1,1.947368421,1.342105263
E0,26/11/17,Burnley,Arsenal,0,1,A,"2017-11-26 00:00:00",4,Burnley,1,Arsenal,4,0.947368421,1.026315789,1,1.947368421,1.342105263
E0,04/02/17,Chelsea,Arsenal,3,1,H,"2017-02-04 00:00:00",5,Chelsea,1,Arsenal,5,1.631578947,1,1,1.947368421,1.342105263
E0,17/09/17,Chelsea,Arsenal,0,0,D,"2017-09-17 00:00:00",5,Chelsea,1,Arsenal,5,1.631578947,1,1,1.947368421,1.342105263
E0,10/04/17,"Crystal Palace",Arsenal,3,0,H,"2017-04-10 00:00:00",6,"Crystal Palace",1,Arsenal,6,1.184210526,1.447368421,1,1.947368421,1.342105263
E0,28/12/17,"Crystal Palace",Arsenal,2,3,A,"2017-12-28 00:00:00",6,"Crystal Palace",1,Arsenal,6,1.184210526,1.447368421,1,1.947368421,1.342105263
E0,13/12/16,Everton,Arsenal,2,1,H,"2016-12-13 00:00:00",7,Everton,1,Arsenal,7,1.157894737,1.526315789,1,1.947368421,1.342105263
E0,22/10/17,Everton,Arsenal,2,5,A,"2017-10-22 00:00:00",7,Everton,1,Arsenal,7,1.157894737,1.526315789,1,1.947368421,1.342105263
E0,13/05/18,Huddersfield,Arsenal,0,1,A,"2018-05-13 00:00:00",8,Huddersfield,1,Arsenal,8,0.736842105,1.526315789,1,1.947368421,1.342105263
E0,20/08/16,Leicester,Arsenal,0,0,D,"2016-08-20 00:00:00",9,Leicester,1,Arsenal,9,1.473684211,1.578947368,1,1.947368421,1.342105263
E0,09/05/18,Leicester,Arsenal,3,1,H,"2018-05-09 00:00:00",9,Leicester,1,Arsenal,9,1.473684211,1.578947368,1,1.947368421,1.342105263
E0,04/03/17,Liverpool,Arsenal,3,1,H,"2017-03-04 00:00:00",10,Liverpool,1,Arsenal,10,2.210526316,1,1,1.947368421,1.342105263
E0,27/08/17,Liverpool,Arsenal,4,0,H,"2017-08-27 00:00:00",10,Liverpool,1,Arsenal,10,2.210526316,1,1,1.947368421,1.342105263
E0,18/12/16,"Man City",Arsenal,2,1,H,"2016-12-18 00:00:00",11,"Man City",1,Arsenal,11,2.789473684,0.710526316,1,1.947368421,1.342105263
E0,05/11/17,"Man City",Arsenal,3,1,H,"2017-11-05 00:00:00",11,"Man City",1,Arsenal,11,2.789473684,0.710526316,1,1.947368421,1.342105263
E0,19/11/16,"Man United",Arsenal,1,1,D,"2016-11-19 00:00:00",12,"Man United",1,Arsenal,12,1.789473684,0.736842105,1,1.947368421,1.342105263
E0,29/04/18,"Man United",Arsenal,2,1,H,"2018-04-29 00:00:00",12,"Man United",1,Arsenal,12,1.789473684,0.736842105,1,1.947368421,1.342105263
E0,15/04/18,Newcastle,Arsenal,2,1,H,"2018-04-15 00:00:00",13,Newcastle,1,Arsenal,13,1.026315789,1.236842105,1,1.947368421,1.342105263
E0,10/05/17,Southampton,Arsenal,0,2,A,"2017-05-10 00:00:00",14,Southampton,1,Arsenal,14,0.973684211,1.473684211,1,1.947368421,1.342105263
E0,10/12/17,Southampton,Arsenal,1,1,D,"2017-12-10 00:00:00",14,Southampton,1,Arsenal,14,0.973684211,1.473684211,1,1.947368421,1.342105263
E0,13/05/17,Stoke,Arsenal,1,4,A,"2017-05-13 00:00:00",15,Stoke,1,Arsenal,15,0.921052632,1.789473684,1,1.947368421,1.342105263
E0,19/08/17,Stoke,Arsenal,1,0,H,"2017-08-19 00:00:00",15,Stoke,1,Arsenal,15,0.921052632,1.789473684,1,1.947368421,1.342105263
E0,14/01/17,Swansea,Arsenal,0,4,A,"2017-01-14 00:00:00",16,Swansea,1,Arsenal,16,0.736842105,1.473684211,1,1.947368421,1.342105263
E0,30/01/18,Swansea,Arsenal,3,1,H,"2018-01-30 00:00:00",16,Swansea,1,Arsenal,16,0.736842105,1.473684211,1,1.947368421,1.342105263
E0,30/04/17,Tottenham,Arsenal,2,0,H,"2017-04-30 00:00:00",17,Tottenham,1,Arsenal,17,1.947368421,0.947368421,1,1.947368421,1.342105263
E0,10/02/18,Tottenham,Arsenal,1,0,H,"2018-02-10 00:00:00",17,Tottenham,1,Arsenal,17,1.947368421,0.947368421,1,1.947368421,1.342105263
E0,27/08/16,Watford,Arsenal,1,3,A,"2016-08-27 00:00:00",18,Watford,1,Arsenal,18,1.157894737,1.684210526,1,1.947368421,1.342105263
E0,14/10/17,Watford,Arsenal,2,1,H,"2017-10-14 00:00:00",18,Watford,1,Arsenal,18,1.157894737,1.684210526,1,1.947368421,1.342105263
E0,18/03/17,"West Brom",Arsenal,3,1,H,"2017-03-18 00:00:00",19,"West Brom",1,Arsenal,19,0.815789474,1.473684211,1,1.947368421,1.342105263
E0,31/12/17,"West Brom",Arsenal,1,1,D,"2017-12-31 00:00:00",19,"West Brom",1,Arsenal,19,0.815789474,1.473684211,1,1.947368421,1.342105263
E0,03/12/16,"West Ham",Arsenal,1,5,A,"2016-12-03 00:00:00",20,"West Ham",1,Arsenal,20,1.263157895,1.789473684,1,1.947368421,1.342105263
E0,13/12/17,"West Ham",Arsenal,0,0,D,"2017-12-13 00:00:00",20,"West Ham",1,Arsenal,20,1.263157895,1.789473684,1,1.947368421,1.342105263
E0,27/11/16,Arsenal,Bournemouth,3,1,H,"2016-11-27 00:00:00",1,Arsenal,2,Bournemouth,1,1.947368421,1.342105263,2,1.184210526,1.605263158
E0,09/09/17,Arsenal,Bournemouth,3,0,H,"2017-09-09 00:00:00",1,Arsenal,2,Bournemouth,1,1.947368421,1.342105263,2,1.184210526,1.605263158
E0,01/01/18,Brighton,Bournemouth,2,2,D,"2018-01-01 00:00:00",3,Brighton,2,Bournemouth,3,0.894736842,1.421052632,2,1.184210526,1.605263158
E0,10/12/16,Burnley,Bournemouth,3,2,H,"2016-12-10 00:00:00",4,Burnley,2,Bournemouth,4,0.947368421,1.026315789,2,1.184210526,1.605263158
E0,13/05/18,Burnley,Bournemouth,1,2,A,"2018-05-13 00:00:00",4,Burnley,2,Bournemouth,4,0.947368421,1.026315789,2,1.184210526,1.605263158
E0,26/12/16,Chelsea,Bournemouth,3,0,H,"2016-12-26 00:00:00",5,Chelsea,2,Bournemouth,5,1.631578947,1,2,1.184210526,1.605263158
E0,31/01/18,Chelsea,Bournemouth,0,3,A,"2018-01-31 00:00:00",5,Chelsea,2,Bournemouth,5,1.631578947,1,2,1.184210526,1.605263158
E0,27/08/16,"Crystal Palace",Bournemouth,1,1,D,"2016-08-27 00:00:00",6,"Crystal Palace",2,Bournemouth,6,1.184210526,1.447368421,2,1.184210526,1.605263158
E0,09/12/17,"Crystal Palace",Bournemouth,2,2,D,"2017-12-09 00:00:00",6,"Crystal Palace",2,Bournemouth,6,1.184210526,1.447368421,2,1.184210526,1.605263158
E0,04/02/17,Everton,Bournemouth,6,3,H,"2017-02-04 00:00:00",7,Everton,2,Bournemouth,7,1.157894737,1.526315789,2,1.184210526,1.605263158
E0,23/09/17,Everton,Bournemouth,2,1,H,"2017-09-23 00:00:00",7,Everton,2,Bournemouth,7,1.157894737,1.526315789,2,1.184210526,1.605263158
E0,11/02/18,Huddersfield,Bournemouth,4,1,H,"2018-02-11 00:00:00",8,Huddersfield,2,Bournemouth,8,0.736842105,1.526315789,2,1.184210526,1.605263158
E0,21/05/17,Leicester,Bournemouth,1,1,D,"2017-05-21 00:00:00",9,Leicester,2,Bournemouth,9,1.473684211,1.578947368,2,1.184210526,1.605263158
E0,03/03/18,Leicester,Bournemouth,1,1,D,"2018-03-03 00:00:00",9,Leicester,2,Bournemouth,9,1.473684211,1.578947368,2,1.184210526,1.605263158
E0,05/04/17,Liverpool,Bournemouth,2,2,D,"2017-04-05 00:00:00",10,Liverpool,2,Bournemouth,10,2.210526316,1,2,1.184210526,1.605263158
E0,14/04/18,Liverpool,Bournemouth,3,0,H,"2018-04-14 00:00:00",10,Liverpool,2,Bournemouth,10,2.210526316,1,2,1.184210526,1.605263158
E0,17/09/16,"Man City",Bournemouth,4,0,H,"2016-09-17 00:00:00",11,"Man City",2,Bournemouth,11,2.789473684,0.710526316,2,1.184210526,1.605263158
E0,23/12/17,"Man City",Bournemouth,4,0,H,"2017-12-23 00:00:00",11,"Man City",2,Bournemouth,11,2.789473684,0.710526316,2,1.184210526,1.605263158
E0,04/03/17,"Man United",Bournemouth,1,1,D,"2017-03-04 00:00:00",12,"Man United",2,Bournemouth,12,1.789473684,0.736842105,2,1.184210526,1.605263158
E0,13/12/17,"Man United",Bournemouth,1,0,H,"2017-12-13 00:00:00",12,"Man United",2,Bournemouth,12,1.789473684,0.736842105,2,1.184210526,1.605263158
E0,04/11/17,Newcastle,Bournemouth,0,1,A,"2017-11-04 00:00:00",13,Newcastle,2,Bournemouth,13,1.026315789,1.236842105,2,1.184210526,1.605263158
E0,01/04/17,Southampton,Bournemouth,0,0,D,"2017-04-01 00:00:00",14,Southampton,2,Bournemouth,14,0.973684211,1.473684211,2,1.184210526,1.605263158
E0,28/04/18,Southampton,Bournemouth,2,1,H,"2018-04-28 00:00:00",14,Southampton,2,Bournemouth,14,0.973684211,1.473684211,2,1.184210526,1.605263158
E0,19/11/16,Stoke,Bournemouth,0,1,A,"2016-11-19 00:00:00",15,Stoke,2,Bournemouth,15,0.921052632,1.789473684,2,1.184210526,1.605263158
E0,21/10/17,Stoke,Bournemouth,1,2,A,"2017-10-21 00:00:00",15,Stoke,2,Bournemouth,15,0.921052632,1.789473684,2,1.184210526,1.605263158
E0,31/12/16,Swansea,Bournemouth,0,3,A,"2016-12-31 00:00:00",16,Swansea,2,Bournemouth,16,0.736842105,1.473684211,2,1.184210526,1.605263158
E0,25/11/17,Swansea,Bournemouth,0,0,D,"2017-11-25 00:00:00",16,Swansea,2,Bournemouth,16,0.736842105,1.473684211,2,1.184210526,1.605263158
E0,15/04/17,Tottenham,Bournemouth,4,0,H,"2017-04-15 00:00:00",17,Tottenham,2,Bournemouth,17,1.947368421,0.947368421,2,1.184210526,1.605263158
E0,14/10/17,Tottenham,Bournemouth,1,0,H,"2017-10-14 00:00:00",17,Tottenham,2,Bournemouth,17,1.947368421,0.947368421,2,1.184210526,1.605263158
E0,01/10/16,Watford,Bournemouth,2,2,D,"2016-10-01 00:00:00",18,Watford,2,Bournemouth,18,1.157894737,1.684210526,2,1.184210526,1.605263158
E0,31/03/18,Watford,Bournemouth,2,2,D,"2018-03-31 00:00:00",18,Watford,2,Bournemouth,18,1.157894737,1.684210526,2,1.184210526,1.605263158
E0,25/02/17,"West Brom",Bournemouth,2,1,H,"2017-02-25 00:00:00",19,"West Brom",2,Bournemouth,19,0.815789474,1.473684211,2,1.184210526,1.605263158
E0,12/08/17,"West Brom",Bournemouth,1,0,H,"2017-08-12 00:00:00",19,"West Brom",2,Bournemouth,19,0.815789474,1.473684211,2,1.184210526,1.605263158
E0,21/08/16,"West Ham",Bournemouth,1,0,H,"2016-08-21 00:00:00",20,"West Ham",2,Bournemouth,20,1.263157895,1.789473684,2,1.184210526,1.605263158
E0,20/01/18,"West Ham",Bournemouth,1,1,D,"2018-01-20 00:00:00",20,"West Ham",2,Bournemouth,20,1.263157895,1.789473684,2,1.184210526,1.605263158
E0,01/10/17,Arsenal,Brighton,2,0,H,"2017-10-01 00:00:00",1,Arsenal,3,Brighton,1,1.947368421,1.342105263,3,0.894736842,1.421052632
E0,15/09/17,Bournemouth,Brighton,2,1,H,"2017-09-15 00:00:00",2,Bournemouth,3,Brighton,2,1.184210526,1.605263158,3,0.894736842,1.421052632
E0,28/04/18,Burnley,Brighton,0,0,D,"2018-04-28 00:00:00",4,Burnley,3,Brighton,4,0.947368421,1.026315789,3,0.894736842,1.421052632
E0,26/12/17,Chelsea,Brighton,2,0,H,"2017-12-26 00:00:00",5,Chelsea,3,Brighton,5,1.631578947,1,3,0.894736842,1.421052632
E0,14/04/18,"Crystal Palace",Brighton,3,2,H,"2018-04-14 00:00:00",6,"Crystal Palace",3,Brighton,6,1.184210526,1.447368421,3,0.894736842,1.421052632
E0,10/03/18,Everton,Brighton,2,0,H,"2018-03-10 00:00:00",7,Everton,3,Brighton,7,1.157894737,1.526315789,3,0.894736842,1.421052632
E0,09/12/17,Huddersfield,Brighton,2,0,H,"2017-12-09 00:00:00",8,Huddersfield,3,Brighton,8,0.736842105,1.526315789,3,0.894736842,1.421052632
E0,19/08/17,Leicester,Brighton,2,0,H,"2017-08-19 00:00:00",9,Leicester,3,Brighton,9,1.473684211,1.578947368,3,0.894736842,1.421052632
E0,13/05/18,Liverpool,Brighton,4,0,H,"2018-05-13 00:00:00",10,Liverpool,3,Brighton,10,2.210526316,1,3,0.894736842,1.421052632
E0,09/05/18,"Man City",Brighton,3,1,H,"2018-05-09 00:00:00",11,"Man City",3,Brighton,11,2.789473684,0.710526316,3,0.894736842,1.421052632
E0,25/11/17,"Man United",Brighton,1,0,H,"2017-11-25 00:00:00",12,"Man United",3,Brighton,12,1.789473684,0.736842105,3,0.894736842,1.421052632
E0,30/12/17,Newcastle,Brighton,0,0,D,"2017-12-30 00:00:00",13,Newcastle,3,Brighton,13,1.026315789,1.236842105,3,0.894736842,1.421052632
E0,31/01/18,Southampton,Brighton,1,1,D,"2018-01-31 00:00:00",14,Southampton,3,Brighton,14,0.973684211,1.473684211,3,0.894736842,1.421052632
E0,10/02/18,Stoke,Brighton,1,1,D,"2018-02-10 00:00:00",15,Stoke,3,Brighton,15,0.921052632,1.789473684,3,0.894736842,1.421052632
E0,04/11/17,Swansea,Brighton,0,1,A,"2017-11-04 00:00:00",16,Swansea,3,Brighton,16,0.736842105,1.473684211,3,0.894736842,1.421052632
E0,13/12/17,Tottenham,Brighton,2,0,H,"2017-12-13 00:00:00",17,Tottenham,3,Brighton,17,1.947368421,0.947368421,3,0.894736842,1.421052632
E0,26/08/17,Watford,Brighton,0,0,D,"2017-08-26 00:00:00",18,Watford,3,Brighton,18,1.157894737,1.684210526,3,0.894736842,1.421052632
E0,13/01/18,"West Brom",Brighton,2,0,H,"2018-01-13 00:00:00",19,"West Brom",3,Brighton,19,0.815789474,1.473684211,3,0.894736842,1.421052632
E0,20/10/17,"West Ham",Brighton,0,3,A,"2017-10-20 00:00:00",20,"West Ham",3,Brighton,20,1.263157895,1.789473684,3,0.894736842,1.421052632
E0,22/01/17,Arsenal,Burnley,2,1,H,"2017-01-22 00:00:00",1,Arsenal,4,Burnley,1,1.947368421,1.342105263,4,0.947368421,1.026315789
E0,06/05/18,Arsenal,Burnley,5,0,H,"2018-05-06 00:00:00",1,Arsenal,4,Burnley,1,1.947368421,1.342105263,4,0.947368421,1.026315789
E0,13/05/17,Bournemouth,Burnley,2,1,H,"2017-05-13 00:00:00",2,Bournemouth,4,Burnley,2,1.184210526,1.605263158,4,0.947368421,1.026315789
E0,29/11/17,Bournemouth,Burnley,1,2,A,"2017-11-29 00:00:00",2,Bournemouth,4,Burnley,2,1.184210526,1.605263158,4,0.947368421,1.026315789
E0,16/12/17,Brighton,Burnley,0,0,D,"2017-12-16 00:00:00",3,Brighton,4,Burnley,3,0.894736842,1.421052632,4,0.947368421,1.026315789
E0,27/08/16,Chelsea,Burnley,3,0,H,"2016-08-27 00:00:00",5,Chelsea,4,Burnley,5,1.631578947,1,4,0.947368421,1.026315789
E0,12/08/17,Chelsea,Burnley,2,3,A,"2017-08-12 00:00:00",5,Chelsea,4,Burnley,5,1.631578947,1,4,0.947368421,1.026315789
E0,29/04/17,"Crystal Palace",Burnley,0,2,A,"2017-04-29 00:00:00",6,"Crystal Palace",4,Burnley,6,1.184210526,1.447368421,4,0.947368421,1.026315789
E0,13/01/18,"Crystal Palace",Burnley,1,0,H,"2018-01-13 00:00:00",6,"Crystal Palace",4,Burnley,6,1.184210526,1.447368421,4,0.947368421,1.026315789
E0,15/04/17,Everton,Burnley,3,1,H,"2017-04-15 00:00:00",7,Everton,4,Burnley,7,1.157894737,1.526315789,4,0.947368421,1.026315789
E0,01/10/17,Everton,Burnley,0,1,A,"2017-10-01 00:00:00",7,Everton,4,Burnley,7,1.157894737,1.526315789,4,0.947368421,1.026315789
E0,30/12/17,Huddersfield,Burnley,0,0,D,"2017-12-30 00:00:00",8,Huddersfield,4,Burnley,8,0.736842105,1.526315789,4,0.947368421,1.026315789
E0,17/09/16,Leicester,Burnley,3,0,H,"2016-09-17 00:00:00",9,Leicester,4,Burnley,9,1.473684211,1.578947368,4,0.947368421,1.026315789
E0,02/12/17,Leicester,Burnley,1,0,H,"2017-12-02 00:00:00",9,Leicester,4,Burnley,9,1.473684211,1.578947368,4,0.947368421,1.026315789
E0,12/03/17,Liverpool,Burnley,2,1,H,"2017-03-12 00:00:00",10,Liverpool,4,Burnley,10,2.210526316,1,4,0.947368421,1.026315789
E0,16/09/17,Liverpool,Burnley,1,1,D,"2017-09-16 00:00:00",10,Liverpool,4,Burnley,10,2.210526316,1,4,0.947368421,1.026315789
E0,02/01/17,"Man City",Burnley,2,1,H,"2017-01-02 00:00:00",11,"Man City",4,Burnley,11,2.789473684,0.710526316,4,0.947368421,1.026315789
E0,21/10/17,"Man City",Burnley,3,0,H,"2017-10-21 00:00:00",11,"Man City",4,Burnley,11,2.789473684,0.710526316,4,0.947368421,1.026315789
E0,29/10/16,"Man United",Burnley,0,0,D,"2016-10-29 00:00:00",12,"Man United",4,Burnley,12,1.789473684,0.736842105,4,0.947368421,1.026315789
E0,26/12/17,"Man United",Burnley,2,2,D,"2017-12-26 00:00:00",12,"Man United",4,Burnley,12,1.789473684,0.736842105,4,0.947368421,1.026315789
E0,31/01/18,Newcastle,Burnley,1,1,D,"2018-01-31 00:00:00",13,Newcastle,4,Burnley,13,1.026315789,1.236842105,4,0.947368421,1.026315789
E0,16/10/16,Southampton,Burnley,3,1,H,"2016-10-16 00:00:00",14,Southampton,4,Burnley,14,0.973684211,1.473684211,4,0.947368421,1.026315789
E0,04/11/17,Southampton,Burnley,0,1,A,"2017-11-04 00:00:00",14,Southampton,4,Burnley,14,0.973684211,1.473684211,4,0.947368421,1.026315789
E0,03/12/16,Stoke,Burnley,2,0,H,"2016-12-03 00:00:00",15,Stoke,4,Burnley,15,0.921052632,1.789473684,4,0.947368421,1.026315789
E0,22/04/18,Stoke,Burnley,1,1,D,"2018-04-22 00:00:00",15,Stoke,4,Burnley,15,0.921052632,1.789473684,4,0.947368421,1.026315789
E0,04/03/17,Swansea,Burnley,3,2,H,"2017-03-04 00:00:00",16,Swansea,4,Burnley,16,0.736842105,1.473684211,4,0.947368421,1.026315789
E0,10/02/18,Swansea,Burnley,1,0,H,"2018-02-10 00:00:00",16,Swansea,4,Burnley,16,0.736842105,1.473684211,4,0.947368421,1.026315789
E0,18/12/16,Tottenham,Burnley,2,1,H,"2016-12-18 00:00:00",17,Tottenham,4,Burnley,17,1.947368421,0.947368421,4,0.947368421,1.026315789
E0,27/08/17,Tottenham,Burnley,1,1,D,"2017-08-27 00:00:00",17,Tottenham,4,Burnley,17,1.947368421,0.947368421,4,0.947368421,1.026315789
E0,04/02/17,Watford,Burnley,2,1,H,"2017-02-04 00:00:00",18,Watford,4,Burnley,18,1.157894737,1.684210526,4,0.947368421,1.026315789
E0,07/04/18,Watford,Burnley,1,2,A,"2018-04-07 00:00:00",18,Watford,4,Burnley,18,1.157894737,1.684210526,4,0.947368421,1.026315789
E0,21/11/16,"West Brom",Burnley,4,0,H,"2016-11-21 00:00:00",19,"West Brom",4,Burnley,19,0.815789474,1.473684211,4,0.947368421,1.026315789
E0,31/03/18,"West Brom",Burnley,1,2,A,"2018-03-31 00:00:00",19,"West Brom",4,Burnley,19,0.815789474,1.473684211,4,0.947368421,1.026315789
E0,14/12/16,"West Ham",Burnley,1,0,H,"2016-12-14 00:00:00",20,"West Ham",4,Burnley,20,1.263157895,1.789473684,4,0.947368421,1.026315789
E0,10/03/18,"West Ham",Burnley,0,3,A,"2018-03-10 00:00:00",20,"West Ham",4,Burnley,20,1.263157895,1.789473684,4,0.947368421,1.026315789
E0,24/09/16,Arsenal,Chelsea,3,0,H,"2016-09-24 00:00:00",1,Arsenal,5,Chelsea,1,1.947368421,1.342105263,5,1.631578947,1
E0,03/01/18,Arsenal,Chelsea,2,2,D,"2018-01-03 00:00:00",1,Arsenal,5,Chelsea,1,1.947368421,1.342105263,5,1.631578947,1
E0,08/04/17,Bournemouth,Chelsea,1,3,A,"2017-04-08 00:00:00",2,Bournemouth,5,Chelsea,2,1.184210526,1.605263158,5,1.631578947,1
E0,28/10/17,Bournemouth,Chelsea,0,1,A,"2017-10-28 00:00:00",2,Bournemouth,5,Chelsea,2,1.184210526,1.605263158,5,1.631578947,1
E0,20/01/18,Brighton,Chelsea,0,4,A,"2018-01-20 00:00:00",3,Brighton,5,Chelsea,3,0.894736842,1.421052632,5,1.631578947,1
E0,12/02/17,Burnley,Chelsea,1,1,D,"2017-02-12 00:00:00",4,Burnley,5,Chelsea,4,0.947368421,1.026315789,5,1.631578947,1
E0,19/04/18,Burnley,Chelsea,1,2,A,"2018-04-19 00:00:00",4,Burnley,5,Chelsea,4,0.947368421,1.026315789,5,1.631578947,1
E0,17/12/16,"Crystal Palace",Chelsea,0,1,A,"2016-12-17 00:00:00",6,"Crystal Palace",5,Chelsea,6,1.184210526,1.447368421,5,1.631578947,1
E0,14/10/17,"Crystal Palace",Chelsea,2,1,H,"2017-10-14 00:00:00",6,"Crystal Palace",5,Chelsea,6,1.184210526,1.447368421,5,1.631578947,1
E0,30/04/17,Everton,Chelsea,0,3,A,"2017-04-30 00:00:00",7,Everton,5,Chelsea,7,1.157894737,1.526315789,5,1.631578947,1
E0,23/12/17,Everton,Chelsea,0,0,D,"2017-12-23 00:00:00",7,Everton,5,Chelsea,7,1.157894737,1.526315789,5,1.631578947,1
E0,12/12/17,Huddersfield,Chelsea,1,3,A,"2017-12-12 00:00:00",8,Huddersfield,5,Chelsea,8,0.736842105,1.526315789,5,1.631578947,1
E0,14/01/17,Leicester,Chelsea,0,3,A,"2017-01-14 00:00:00",9,Leicester,5,Chelsea,9,1.473684211,1.578947368,5,1.631578947,1
E0,09/09/17,Leicester,Chelsea,1,2,A,"2017-09-09 00:00:00",9,Leicester,5,Chelsea,9,1.473684211,1.578947368,5,1.631578947,1
E0,31/01/17,Liverpool,Chelsea,1,1,D,"2017-01-31 00:00:00",10,Liverpool,5,Chelsea,10,2.210526316,1,5,1.631578947,1
E0,25/11/17,Liverpool,Chelsea,1,1,D,"2017-11-25 00:00:00",10,Liverpool,5,Chelsea,10,2.210526316,1,5,1.631578947,1
E0,03/12/16,"Man City",Chelsea,1,3,A,"2016-12-03 00:00:00",11,"Man City",5,Chelsea,11,2.789473684,0.710526316,5,1.631578947,1
E0,04/03/18,"Man City",Chelsea,1,0,H,"2018-03-04 00:00:00",11,"Man City",5,Chelsea,11,2.789473684,0.710526316,5,1.631578947,1
E0,16/04/17,"Man United",Chelsea,2,0,H,"2017-04-16 00:00:00",12,"Man United",5,Chelsea,12,1.789473684,0.736842105,5,1.631578947,1
E0,25/02/18,"Man United",Chelsea,2,1,H,"2018-02-25 00:00:00",12,"Man United",5,Chelsea,12,1.789473684,0.736842105,5,1.631578947,1
E0,13/05/18,Newcastle,Chelsea,3,0,H,"2018-05-13 00:00:00",13,Newcastle,5,Chelsea,13,1.026315789,1.236842105,5,1.631578947,1
E0,30/10/16,Southampton,Chelsea,0,2,A,"2016-10-30 00:00:00",14,Southampton,5,Chelsea,14,0.973684211,1.473684211,5,1.631578947,1
E0,14/04/18,Southampton,Chelsea,2,3,A,"2018-04-14 00:00:00",14,Southampton,5,Chelsea,14,0.973684211,1.473684211,5,1.631578947,1
E0,18/03/17,Stoke,Chelsea,1,2,A,"2017-03-18 00:00:00",15,Stoke,5,Chelsea,15,0.921052632,1.789473684,5,1.631578947,1
E0,23/09/17,Stoke,Chelsea,0,4,A,"2017-09-23 00:00:00",15,Stoke,5,Chelsea,15,0.921052632,1.789473684,5,1.631578947,1
E0,11/09/16,Swansea,Chelsea,2,2,D,"2016-09-11 00:00:00",16,Swansea,5,Chelsea,16,0.736842105,1.473684211,5,1.631578947,1
E0,28/04/18,Swansea,Chelsea,0,1,A,"2018-04-28 00:00:00",16,Swansea,5,Chelsea,16,0.736842105,1.473684211,5,1.631578947,1
E0,04/01/17,Tottenham,Chelsea,2,0,H,"2017-01-04 00:00:00",17,Tottenham,5,Chelsea,17,1.947368421,0.947368421,5,1.631578947,1
E0,20/08/17,Tottenham,Chelsea,1,2,A,"2017-08-20 00:00:00",17,Tottenham,5,Chelsea,17,1.947368421,0.947368421,5,1.631578947,1
E0,20/08/16,Watford,Chelsea,1,2,A,"2016-08-20 00:00:00",18,Watford,5,Chelsea,18,1.157894737,1.684210526,5,1.631578947,1
E0,05/02/18,Watford,Chelsea,4,1,H,"2018-02-05 00:00:00",18,Watford,5,Chelsea,18,1.157894737,1.684210526,5,1.631578947,1
E0,12/05/17,"West Brom",Chelsea,0,1,A,"2017-05-12 00:00:00",19,"West Brom",5,Chelsea,19,0.815789474,1.473684211,5,1.631578947,1
E0,18/11/17,"West Brom",Chelsea,0,4,A,"2017-11-18 00:00:00",19,"West Brom",5,Chelsea,19,0.815789474,1.473684211,5,1.631578947,1
E0,06/03/17,"West Ham",Chelsea,1,2,A,"2017-03-06 00:00:00",20,"West Ham",5,Chelsea,20,1.263157895,1.789473684,5,1.631578947,1
E0,09/12/17,"West Ham",Chelsea,1,0,H,"2017-12-09 00:00:00",20,"West Ham",5,Chelsea,20,1.263157895,1.789473684,5,1.631578947,1
E0,01/01/17,Arsenal,"Crystal Palace",2,0,H,"2017-01-01 00:00:00",1,Arsenal,6,"Crystal Palace",1,1.947368421,1.342105263,6,1.184210526,1.447368421
E0,20/01/18,Arsenal,"Crystal Palace",4,1,H,"2018-01-20 00:00:00",1,Arsenal,6,"Crystal Palace",1,1.947368421,1.342105263,6,1.184210526,1.447368421
E0,31/01/17,Bournemouth,"Crystal Palace",0,2,A,"2017-01-31 00:00:00",2,Bournemouth,6,"Crystal Palace",2,1.184210526,1.605263158,6,1.184210526,1.447368421
E0,07/04/18,Bournemouth,"Crystal Palace",2,2,D,"2018-04-07 00:00:00",2,Bournemouth,6,"Crystal Palace",2,1.184210526,1.605263158,6,1.184210526,1.447368421
E0,28/11/17,Brighton,"Crystal Palace",0,0,D,"2017-11-28 00:00:00",3,Brighton,6,"Crystal Palace",3,0.894736842,1.421052632,6,1.184210526,1.447368421
E0,05/11/16,Burnley,"Crystal Palace",3,2,H,"2016-11-05 00:00:00",4,Burnley,6,"Crystal Palace",4,0.947368421,1.026315789,6,1.184210526,1.447368421
E0,10/09/17,Burnley,"Crystal Palace",1,0,H,"2017-09-10 00:00:00",4,Burnley,6,"Crystal Palace",4,0.947368421,1.026315789,6,1.184210526,1.447368421
E0,01/04/17,Chelsea,"Crystal Palace",1,2,A,"2017-04-01 00:00:00",5,Chelsea,6,"Crystal Palace",5,1.631578947,1,6,1.184210526,1.447368421
E0,10/03/18,Chelsea,"Crystal Palace",2,1,H,"2018-03-10 00:00:00",5,Chelsea,6,"Crystal Palace",5,1.631578947,1,6,1.184210526,1.447368421
E0,30/09/16,Everton,"Crystal Palace",1,1,D,"2016-09-30 00:00:00",7,Everton,6,"Crystal Palace",7,1.157894737,1.526315789,6,1.184210526,1.447368421
E0,10/02/18,Everton,"Crystal Palace",3,1,H,"2018-02-10 00:00:00",7,Everton,6,"Crystal Palace",7,1.157894737,1.526315789,6,1.184210526,1.447368421
E0,17/03/18,Huddersfield,"Crystal Palace",0,2,A,"2018-03-17 00:00:00",8,Huddersfield,6,"Crystal Palace",8,0.736842105,1.526315789,6,1.184210526,1.447368421
E0,22/10/16,Leicester,"Crystal Palace",3,1,H,"2016-10-22 00:00:00",9,Leicester,6,"Crystal Palace",9,1.473684211,1.578947368,6,1.184210526,1.447368421
E0,16/12/17,Leicester,"Crystal Palace",0,3,A,"2017-12-16 00:00:00",9,Leicester,6,"Crystal Palace",9,1.473684211,1.578947368,6,1.184210526,1.447368421
E0,23/04/17,Liverpool,"Crystal Palace",1,2,A,"2017-04-23 00:00:00",10,Liverpool,6,"Crystal Palace",10,2.210526316,1,6,1.184210526,1.447368421
E0,19/08/17,Liverpool,"Crystal Palace",1,0,H,"2017-08-19 00:00:00",10,Liverpool,6,"Crystal Palace",10,2.210526316,1,6,1.184210526,1.447368421
E0,06/05/17,"Man City","Crystal Palace",5,0,H,"2017-05-06 00:00:00",11,"Man City",6,"Crystal Palace",11,2.789473684,0.710526316,6,1.184210526,1.447368421
E0,23/09/17,"Man City","Crystal Palace",5,0,H,"2017-09-23 00:00:00",11,"Man City",6,"Crystal Palace",11,2.789473684,0.710526316,6,1.184210526,1.447368421
E0,21/05/17,"Man United","Crystal Palace",2,0,H,"2017-05-21 00:00:00",12,"Man United",6,"Crystal Palace",12,1.789473684,0.736842105,6,1.184210526,1.447368421
E0,30/09/17,"Man United","Crystal Palace",4,0,H,"2017-09-30 00:00:00",12,"Man United",6,"Crystal Palace",12,1.789473684,0.736842105,6,1.184210526,1.447368421
E0,21/10/17,Newcastle,"Crystal Palace",1,0,H,"2017-10-21 00:00:00",13,Newcastle,6,"Crystal Palace",13,1.026315789,1.236842105,6,1.184210526,1.447368421
E0,05/04/17,Southampton,"Crystal Palace",3,1,H,"2017-04-05 00:00:00",14,Southampton,6,"Crystal Palace",14,0.973684211,1.473684211,6,1.184210526,1.447368421
E0,02/01/18,Southampton,"Crystal Palace",1,2,A,"2018-01-02 00:00:00",14,Southampton,6,"Crystal Palace",14,0.973684211,1.473684211,6,1.184210526,1.447368421
E0,11/02/17,Stoke,"Crystal Palace",1,0,H,"2017-02-11 00:00:00",15,Stoke,6,"Crystal Palace",15,0.921052632,1.789473684,6,1.184210526,1.447368421
E0,05/05/18,Stoke,"Crystal Palace",1,2,A,"2018-05-05 00:00:00",15,Stoke,6,"Crystal Palace",15,0.921052632,1.789473684,6,1.184210526,1.447368421
E0,26/11/16,Swansea,"Crystal Palace",5,4,H,"2016-11-26 00:00:00",16,Swansea,6,"Crystal Palace",16,0.736842105,1.473684211,6,1.184210526,1.447368421
E0,23/12/17,Swansea,"Crystal Palace",1,1,D,"2017-12-23 00:00:00",16,Swansea,6,"Crystal Palace",16,0.736842105,1.473684211,6,1.184210526,1.447368421
E0,20/08/16,Tottenham,"Crystal Palace",1,0,H,"2016-08-20 00:00:00",17,Tottenham,6,"Crystal Palace",17,1.947368421,0.947368421,6,1.184210526,1.447368421
E0,05/11/17,Tottenham,"Crystal Palace",1,0,H,"2017-11-05 00:00:00",17,Tottenham,6,"Crystal Palace",17,1.947368421,0.947368421,6,1.184210526,1.447368421
E0,26/12/16,Watford,"Crystal Palace",1,1,D,"2016-12-26 00:00:00",18,Watford,6,"Crystal Palace",18,1.157894737,1.684210526,6,1.184210526,1.447368421
E0,21/04/18,Watford,"Crystal Palace",0,0,D,"2018-04-21 00:00:00",18,Watford,6,"Crystal Palace",18,1.157894737,1.684210526,6,1.184210526,1.447368421
E0,04/03/17,"West Brom","Crystal Palace",0,2,A,"2017-03-04 00:00:00",19,"West Brom",6,"Crystal Palace",19,0.815789474,1.473684211,6,1.184210526,1.447368421
E0,02/12/17,"West Brom","Crystal Palace",0,0,D,"2017-12-02 00:00:00",19,"West Brom",6,"Crystal Palace",19,0.815789474,1.473684211,6,1.184210526,1.447368421
E0,14/01/17,"West Ham","Crystal Palace",3,0,H,"2017-01-14 00:00:00",20,"West Ham",6,"Crystal Palace",20,1.263157895,1.789473684,6,1.184210526,1.447368421
E0,30/01/18,"West Ham","Crystal Palace",1,1,D,"2018-01-30 00:00:00",20,"West Ham",6,"Crystal Palace",20,1.263157895,1.789473684,6,1.184210526,1.447368421
E0,21/05/17,Arsenal,Everton,3,1,H,"2017-05-21 00:00:00",1,Arsenal,7,Everton,1,1.947368421,1.342105263,7,1.157894737,1.526315789
E0,03/02/18,Arsenal,Everton,5,1,H,"2018-02-03 00:00:00",1,Arsenal,7,Everton,1,1.947368421,1.342105263,7,1.157894737,1.526315789
E0,24/09/16,Bournemouth,Everton,1,0,H,"2016-09-24 00:00:00",2,Bournemouth,7,Everton,2,1.184210526,1.605263158,7,1.157894737,1.526315789
E0,30/12/17,Bournemouth,Everton,2,1,H,"2017-12-30 00:00:00",2,Bournemouth,7,Everton,2,1.184210526,1.605263158,7,1.157894737,1.526315789
E0,15/10/17,Brighton,Everton,1,1,D,"2017-10-15 00:00:00",3,Brighton,7,Everton,3,0.894736842,1.421052632,7,1.157894737,1.526315789
E0,22/10/16,Burnley,Everton,2,1,H,"2016-10-22 00:00:00",4,Burnley,7,Everton,4,0.947368421,1.026315789,7,1.157894737,1.526315789
E0,03/03/18,Burnley,Everton,2,1,H,"2018-03-03 00:00:00",4,Burnley,7,Everton,4,0.947368421,1.026315789,7,1.157894737,1.526315789
E0,05/11/16,Chelsea,Everton,5,0,H,"2016-11-05 00:00:00",5,Chelsea,7,Everton,5,1.631578947,1,7,1.157894737,1.526315789
E0,27/08/17,Chelsea,Everton,2,0,H,"2017-08-27 00:00:00",5,Chelsea,7,Everton,5,1.631578947,1,7,1.157894737,1.526315789
E0,21/01/17,"Crystal Palace",Everton,0,1,A,"2017-01-21 00:00:00",6,"Crystal Palace",7,Everton,6,1.184210526,1.447368421,7,1.157894737,1.526315789
E0,18/11/17,"Crystal Palace",Everton,2,2,D,"2017-11-18 00:00:00",6,"Crystal Palace",7,Everton,6,1.184210526,1.447368421,7,1.157894737,1.526315789
E0,28/04/18,Huddersfield,Everton,0,2,A,"2018-04-28 00:00:00",8,Huddersfield,7,Everton,8,0.736842105,1.526315789,7,1.157894737,1.526315789
E0,26/12/16,Leicester,Everton,0,2,A,"2016-12-26 00:00:00",9,Leicester,7,Everton,9,1.473684211,1.578947368,7,1.157894737,1.526315789
E0,29/10/17,Leicester,Everton,2,0,H,"2017-10-29 00:00:00",9,Leicester,7,Everton,9,1.473684211,1.578947368,7,1.157894737,1.526315789
E0,01/04/17,Liverpool,Everton,3,1,H,"2017-04-01 00:00:00",10,Liverpool,7,Everton,10,2.210526316,1,7,1.157894737,1.526315789
E0,10/12/17,Liverpool,Everton,1,1,D,"2017-12-10 00:00:00",10,Liverpool,7,Everton,10,2.210526316,1,7,1.157894737,1.526315789
E0,15/10/16,"Man City",Everton,1,1,D,"2016-10-15 00:00:00",11,"Man City",7,Everton,11,2.789473684,0.710526316,7,1.157894737,1.526315789
E0,21/08/17,"Man City",Everton,1,1,D,"2017-08-21 00:00:00",11,"Man City",7,Everton,11,2.789473684,0.710526316,7,1.157894737,1.526315789
E0,04/04/17,"Man United",Everton,1,1,D,"2017-04-04 00:00:00",12,"Man United",7,Everton,12,1.789473684,0.736842105,7,1.157894737,1.526315789
E0,17/09/17,"Man United",Everton,4,0,H,"2017-09-17 00:00:00",12,"Man United",7,Everton,12,1.789473684,0.736842105,7,1.157894737,1.526315789
E0,13/12/17,Newcastle,Everton,0,1,A,"2017-12-13 00:00:00",13,Newcastle,7,Everton,13,1.026315789,1.236842105,7,1.157894737,1.526315789
E0,27/11/16,Southampton,Everton,1,0,H,"2016-11-27 00:00:00",14,Southampton,7,Everton,14,0.973684211,1.473684211,7,1.157894737,1.526315789
E0,26/11/17,Southampton,Everton,4,1,H,"2017-11-26 00:00:00",14,Southampton,7,Everton,14,0.973684211,1.473684211,7,1.157894737,1.526315789
E0,01/02/17,Stoke,Everton,1,1,D,"2017-02-01 00:00:00",15,Stoke,7,Everton,15,0.921052632,1.789473684,7,1.157894737,1.526315789
E0,17/03/18,Stoke,Everton,1,2,A,"2018-03-17 00:00:00",15,Stoke,7,Everton,15,0.921052632,1.789473684,7,1.157894737,1.526315789
E0,06/05/17,Swansea,Everton,1,0,H,"2017-05-06 00:00:00",16,Swansea,7,Everton,16,0.736842105,1.473684211,7,1.157894737,1.526315789
E0,14/04/18,Swansea,Everton,1,1,D,"2018-04-14 00:00:00",16,Swansea,7,Everton,16,0.736842105,1.473684211,7,1.157894737,1.526315789
E0,05/03/17,Tottenham,Everton,3,2,H,"2017-03-05 00:00:00",17,Tottenham,7,Everton,17,1.947368421,0.947368421,7,1.157894737,1.526315789
E0,13/01/18,Tottenham,Everton,4,0,H,"2018-01-13 00:00:00",17,Tottenham,7,Everton,17,1.947368421,0.947368421,7,1.157894737,1.526315789
E0,10/12/16,Watford,Everton,3,2,H,"2016-12-10 00:00:00",18,Watford,7,Everton,18,1.157894737,1.684210526,7,1.157894737,1.526315789
E0,24/02/18,Watford,Everton,1,0,H,"2018-02-24 00:00:00",18,Watford,7,Everton,18,1.157894737,1.684210526,7,1.157894737,1.526315789
E0,20/08/16,"West Brom",Everton,1,2,A,"2016-08-20 00:00:00",19,"West Brom",7,Everton,19,0.815789474,1.473684211,7,1.157894737,1.526315789
E0,26/12/17,"West Brom",Everton,0,0,D,"2017-12-26 00:00:00",19,"West Brom",7,Everton,19,0.815789474,1.473684211,7,1.157894737,1.526315789
E0,22/04/17,"West Ham",Everton,0,0,D,"2017-04-22 00:00:00",20,"West Ham",7,Everton,20,1.263157895,1.789473684,7,1.157894737,1.526315789
E0,13/05/18,"West Ham",Everton,3,1,H,"2018-05-13 00:00:00",20,"West Ham",7,Everton,20,1.263157895,1.789473684,7,1.157894737,1.526315789
E0,29/11/17,Arsenal,Huddersfield,5,0,H,"2017-11-29 00:00:00",1,Arsenal,8,Huddersfield,1,1.947368421,1.342105263,8,0.736842105,1.526315789
E0,18/11/17,Bournemouth,Huddersfield,4,0,H,"2017-11-18 00:00:00",2,Bournemouth,8,Huddersfield,2,1.184210526,1.605263158,8,0.736842105,1.526315789
E0,07/04/18,Brighton,Huddersfield,1,1,D,"2018-04-07 00:00:00",3,Brighton,8,Huddersfield,3,0.894736842,1.421052632,8,0.736842105,1.526315789
E0,23/09/17,Burnley,Huddersfield,0,0,D,"2017-09-23 00:00:00",4,Burnley,8,Huddersfield,4,0.947368421,1.026315789,8,0.736842105,1.526315789
E0,09/05/18,Chelsea,Huddersfield,1,1,D,"2018-05-09 00:00:00",5,Chelsea,8,Huddersfield,5,1.631578947,1,8,0.736842105,1.526315789
E0,12/08/17,"Crystal Palace",Huddersfield,0,3,A,"2017-08-12 00:00:00",6,"Crystal Palace",8,Huddersfield,6,1.184210526,1.447368421,8,0.736842105,1.526315789
E0,02/12/17,Everton,Huddersfield,2,0,H,"2017-12-02 00:00:00",7,Everton,8,Huddersfield,7,1.157894737,1.526315789,8,0.736842105,1.526315789
E0,01/01/18,Leicester,Huddersfield,3,0,H,"2018-01-01 00:00:00",9,Leicester,8,Huddersfield,9,1.473684211,1.578947368,8,0.736842105,1.526315789
E0,28/10/17,Liverpool,Huddersfield,3,0,H,"2017-10-28 00:00:00",10,Liverpool,8,Huddersfield,10,2.210526316,1,8,0.736842105,1.526315789
E0,06/05/18,"Man City",Huddersfield,0,0,D,"2018-05-06 00:00:00",11,"Man City",8,Huddersfield,11,2.789473684,0.710526316,8,0.736842105,1.526315789
E0,03/02/18,"Man United",Huddersfield,2,0,H,"2018-02-03 00:00:00",12,"Man United",8,Huddersfield,12,1.789473684,0.736842105,8,0.736842105,1.526315789
E0,31/03/18,Newcastle,Huddersfield,1,0,H,"2018-03-31 00:00:00",13,Newcastle,8,Huddersfield,13,1.026315789,1.236842105,8,0.736842105,1.526315789
E0,23/12/17,Southampton,Huddersfield,1,1,D,"2017-12-23 00:00:00",14,Southampton,8,Huddersfield,14,0.973684211,1.473684211,8,0.736842105,1.526315789
E0,20/01/18,Stoke,Huddersfield,2,0,H,"2018-01-20 00:00:00",15,Stoke,8,Huddersfield,15,0.921052632,1.789473684,8,0.736842105,1.526315789
E0,14/10/17,Swansea,Huddersfield,2,0,H,"2017-10-14 00:00:00",16,Swansea,8,Huddersfield,16,0.736842105,1.473684211,8,0.736842105,1.526315789
E0,03/03/18,Tottenham,Huddersfield,2,0,H,"2018-03-03 00:00:00",17,Tottenham,8,Huddersfield,17,1.947368421,0.947368421,8,0.736842105,1.526315789
E0,16/12/17,Watford,Huddersfield,1,4,A,"2017-12-16 00:00:00",18,Watford,8,Huddersfield,18,1.157894737,1.684210526,8,0.736842105,1.526315789
E0,24/02/18,"West Brom",Huddersfield,1,2,A,"2018-02-24 00:00:00",19,"West Brom",8,Huddersfield,19,0.815789474,1.473684211,8,0.736842105,1.526315789
E0,11/09/17,"West Ham",Huddersfield,2,0,H,"2017-09-11 00:00:00",20,"West Ham",8,Huddersfield,20,1.263157895,1.789473684,8,0.736842105,1.526315789
E0,26/04/17,Arsenal,Leicester,1,0,H,"2017-04-26 00:00:00",1,Arsenal,9,Leicester,1,1.947368421,1.342105263,9,1.473684211,1.578947368
E0,11/08/17,Arsenal,Leicester,4,3,H,"2017-08-11 00:00:00",1,Arsenal,9,Leicester,1,1.947368421,1.342105263,9,1.473684211,1.578947368
E0,13/12/16,Bournemouth,Leicester,1,0,H,"2016-12-13 00:00:00",2,Bournemouth,9,Leicester,2,1.184210526,1.605263158,9,1.473684211,1.578947368
E0,30/09/17,Bournemouth,Leicester,0,0,D,"2017-09-30 00:00:00",2,Bournemouth,9,Leicester,2,1.184210526,1.605263158,9,1.473684211,1.578947368
E0,31/03/18,Brighton,Leicester,0,2,A,"2018-03-31 00:00:00",3,Brighton,9,Leicester,3,0.894736842,1.421052632,9,1.473684211,1.578947368
E0,31/01/17,Burnley,Leicester,1,0,H,"2017-01-31 00:00:00",4,Burnley,9,Leicester,4,0.947368421,1.026315789,9,1.473684211,1.578947368
E0,14/04/18,Burnley,Leicester,2,1,H,"2018-04-14 00:00:00",4,Burnley,9,Leicester,4,0.947368421,1.026315789,9,1.473684211,1.578947368
E0,15/10/16,Chelsea,Leicester,3,0,H,"2016-10-15 00:00:00",5,Chelsea,9,Leicester,5,1.631578947,1,9,1.473684211,1.578947368
E0,13/01/18,Chelsea,Leicester,0,0,D,"2018-01-13 00:00:00",5,Chelsea,9,Leicester,5,1.631578947,1,9,1.473684211,1.578947368
E0,15/04/17,"Crystal Palace",Leicester,2,2,D,"2017-04-15 00:00:00",6,"Crystal Palace",9,Leicester,6,1.184210526,1.447368421,9,1.473684211,1.578947368
E0,28/04/18,"Crystal Palace",Leicester,5,0,H,"2018-04-28 00:00:00",6,"Crystal Palace",9,Leicester,6,1.184210526,1.447368421,9,1.473684211,1.578947368
E0,09/04/17,Everton,Leicester,4,2,H,"2017-04-09 00:00:00",7,Everton,9,Leicester,7,1.157894737,1.526315789,9,1.473684211,1.578947368
E0,31/01/18,Everton,Leicester,2,1,H,"2018-01-31 00:00:00",7,Everton,9,Leicester,7,1.157894737,1.526315789,9,1.473684211,1.578947368
E0,16/09/17,Huddersfield,Leicester,1,1,D,"2017-09-16 00:00:00",8,Huddersfield,9,Leicester,8,0.736842105,1.526315789,9,1.473684211,1.578947368
E0,10/09/16,Liverpool,Leicester,4,1,H,"2016-09-10 00:00:00",10,Liverpool,9,Leicester,10,2.210526316,1,9,1.473684211,1.578947368
E0,30/12/17,Liverpool,Leicester,2,1,H,"2017-12-30 00:00:00",10,Liverpool,9,Leicester,10,2.210526316,1,9,1.473684211,1.578947368
E0,13/05/17,"Man City",Leicester,2,1,H,"2017-05-13 00:00:00",11,"Man City",9,Leicester,11,2.789473684,0.710526316,9,1.473684211,1.578947368
E0,10/02/18,"Man City",Leicester,5,1,H,"2018-02-10 00:00:00",11,"Man City",9,Leicester,11,2.789473684,0.710526316,9,1.473684211,1.578947368
E0,24/09/16,"Man United",Leicester,4,1,H,"2016-09-24 00:00:00",12,"Man United",9,Leicester,12,1.789473684,0.736842105,9,1.473684211,1.578947368
E0,26/08/17,"Man United",Leicester,2,0,H,"2017-08-26 00:00:00",12,"Man United",9,Leicester,12,1.789473684,0.736842105,9,1.473684211,1.578947368
E0,09/12/17,Newcastle,Leicester,2,3,A,"2017-12-09 00:00:00",13,Newcastle,9,Leicester,13,1.026315789,1.236842105,9,1.473684211,1.578947368
E0,22/01/17,Southampton,Leicester,3,0,H,"2017-01-22 00:00:00",14,Southampton,9,Leicester,14,0.973684211,1.473684211,9,1.473684211,1.578947368
E0,13/12/17,Southampton,Leicester,1,4,A,"2017-12-13 00:00:00",14,Southampton,9,Leicester,14,0.973684211,1.473684211,9,1.473684211,1.578947368
E0,17/12/16,Stoke,Leicester,2,2,D,"2016-12-17 00:00:00",15,Stoke,9,Leicester,15,0.921052632,1.789473684,9,1.473684211,1.578947368
E0,04/11/17,Stoke,Leicester,2,2,D,"2017-11-04 00:00:00",15,Stoke,9,Leicester,15,0.921052632,1.789473684,9,1.473684211,1.578947368
E0,12/02/17,Swansea,Leicester,2,0,H,"2017-02-12 00:00:00",16,Swansea,9,Leicester,16,0.736842105,1.473684211,9,1.473684211,1.578947368
E0,21/10/17,Swansea,Leicester,1,2,A,"2017-10-21 00:00:00",16,Swansea,9,Leicester,16,0.736842105,1.473684211,9,1.473684211,1.578947368
E0,29/10/16,Tottenham,Leicester,1,1,D,"2016-10-29 00:00:00",17,Tottenham,9,Leicester,17,1.947368421,0.947368421,9,1.473684211,1.578947368
E0,13/05/18,Tottenham,Leicester,5,4,H,"2018-05-13 00:00:00",17,Tottenham,9,Leicester,17,1.947368421,0.947368421,9,1.473684211,1.578947368
E0,19/11/16,Watford,Leicester,2,1,H,"2016-11-19 00:00:00",18,Watford,9,Leicester,18,1.157894737,1.684210526,9,1.473684211,1.578947368
E0,26/12/17,Watford,Leicester,2,1,H,"2017-12-26 00:00:00",18,Watford,9,Leicester,18,1.157894737,1.684210526,9,1.473684211,1.578947368
E0,29/04/17,"West Brom",Leicester,0,1,A,"2017-04-29 00:00:00",19,"West Brom",9,Leicester,19,0.815789474,1.473684211,9,1.473684211,1.578947368
E0,10/03/18,"West Brom",Leicester,1,4,A,"2018-03-10 00:00:00",19,"West Brom",9,Leicester,19,0.815789474,1.473684211,9,1.473684211,1.578947368
E0,18/03/17,"West Ham",Leicester,2,3,A,"2017-03-18 00:00:00",20,"West Ham",9,Leicester,20,1.263157895,1.789473684,9,1.473684211,1.578947368
E0,24/11/17,"West Ham",Leicester,1,1,D,"2017-11-24 00:00:00",20,"West Ham",9,Leicester,20,1.263157895,1.789473684,9,1.473684211,1.578947368
E0,14/08/16,Arsenal,Liverpool,3,4,A,"2016-08-14 00:00:00",1,Arsenal,10,Liverpool,1,1.947368421,1.342105263,10,2.210526316,1
E0,22/12/17,Arsenal,Liverpool,3,3,D,"2017-12-22 00:00:00",1,Arsenal,10,Liverpool,1,1.947368421,1.342105263,10,2.210526316,1
E0,04/12/16,Bournemouth,Liverpool,4,3,H,"2016-12-04 00:00:00",2,Bournemouth,10,Liverpool,2,1.184210526,1.605263158,10,2.210526316,1
E0,17/12/17,Bournemouth,Liverpool,0,4,A,"2017-12-17 00:00:00",2,Bournemouth,10,Liverpool,2,1.184210526,1.605263158,10,2.210526316,1
E0,02/12/17,Brighton,Liverpool,1,5,A,"2017-12-02 00:00:00",3,Brighton,10,Liverpool,3,0.894736842,1.421052632,10,2.210526316,1
E0,20/08/16,Burnley,Liverpool,2,0,H,"2016-08-20 00:00:00",4,Burnley,10,Liverpool,4,0.947368421,1.026315789,10,2.210526316,1
E0,01/01/18,Burnley,Liverpool,1,2,A,"2018-01-01 00:00:00",4,Burnley,10,Liverpool,4,0.947368421,1.026315789,10,2.210526316,1
E0,16/09/16,Chelsea,Liverpool,1,2,A,"2016-09-16 00:00:00",5,Chelsea,10,Liverpool,5,1.631578947,1,10,2.210526316,1
E0,06/05/18,Chelsea,Liverpool,1,0,H,"2018-05-06 00:00:00",5,Chelsea,10,Liverpool,5,1.631578947,1,10,2.210526316,1
E0,29/10/16,"Crystal Palace",Liverpool,2,4,A,"2016-10-29 00:00:00",6,"Crystal Palace",10,Liverpool,6,1.184210526,1.447368421,10,2.210526316,1
E0,31/03/18,"Crystal Palace",Liverpool,1,2,A,"2018-03-31 00:00:00",6,"Crystal Palace",10,Liverpool,6,1.184210526,1.447368421,10,2.210526316,1
E0,19/12/16,Everton,Liverpool,0,1,A,"2016-12-19 00:00:00",7,Everton,10,Liverpool,7,1.157894737,1.526315789,10,2.210526316,1
E0,07/04/18,Everton,Liverpool,0,0,D,"2018-04-07 00:00:00",7,Everton,10,Liverpool,7,1.157894737,1.526315789,10,2.210526316,1
E0,30/01/18,Huddersfield,Liverpool,0,3,A,"2018-01-30 00:00:00",8,Huddersfield,10,Liverpool,8,0.736842105,1.526315789,10,2.210526316,1
E0,27/02/17,Leicester,Liverpool,3,1,H,"2017-02-27 00:00:00",9,Leicester,10,Liverpool,9,1.473684211,1.578947368,10,2.210526316,1
E0,23/09/17,Leicester,Liverpool,2,3,A,"2017-09-23 00:00:00",9,Leicester,10,Liverpool,9,1.473684211,1.578947368,10,2.210526316,1
E0,19/03/17,"Man City",Liverpool,1,1,D,"2017-03-19 00:00:00",11,"Man City",10,Liverpool,11,2.789473684,0.710526316,10,2.210526316,1
E0,09/09/17,"Man City",Liverpool,5,0,H,"2017-09-09 00:00:00",11,"Man City",10,Liverpool,11,2.789473684,0.710526316,10,2.210526316,1
E0,15/01/17,"Man United",Liverpool,1,1,D,"2017-01-15 00:00:00",12,"Man United",10,Liverpool,12,1.789473684,0.736842105,10,2.210526316,1
E0,10/03/18,"Man United",Liverpool,2,1,H,"2018-03-10 00:00:00",12,"Man United",10,Liverpool,12,1.789473684,0.736842105,10,2.210526316,1
E0,01/10/17,Newcastle,Liverpool,1,1,D,"2017-10-01 00:00:00",13,Newcastle,10,Liverpool,13,1.026315789,1.236842105,10,2.210526316,1
E0,19/11/16,Southampton,Liverpool,0,0,D,"2016-11-19 00:00:00",14,Southampton,10,Liverpool,14,0.973684211,1.473684211,10,2.210526316,1
E0,11/02/18,Southampton,Liverpool,0,2,A,"2018-02-11 00:00:00",14,Southampton,10,Liverpool,14,0.973684211,1.473684211,10,2.210526316,1
E0,08/04/17,Stoke,Liverpool,1,2,A,"2017-04-08 00:00:00",15,Stoke,10,Liverpool,15,0.921052632,1.789473684,10,2.210526316,1
E0,29/11/17,Stoke,Liverpool,0,3,A,"2017-11-29 00:00:00",15,Stoke,10,Liverpool,15,0.921052632,1.789473684,10,2.210526316,1
E0,01/10/16,Swansea,Liverpool,1,2,A,"2016-10-01 00:00:00",16,Swansea,10,Liverpool,16,0.736842105,1.473684211,10,2.210526316,1
E0,22/01/18,Swansea,Liverpool,1,0,H,"2018-01-22 00:00:00",16,Swansea,10,Liverpool,16,0.736842105,1.473684211,10,2.210526316,1
E0,27/08/16,Tottenham,Liverpool,1,1,D,"2016-08-27 00:00:00",17,Tottenham,10,Liverpool,17,1.947368421,0.947368421,10,2.210526316,1
E0,22/10/17,Tottenham,Liverpool,4,1,H,"2017-10-22 00:00:00",17,Tottenham,10,Liverpool,17,1.947368421,0.947368421,10,2.210526316,1
E0,01/05/17,Watford,Liverpool,0,1,A,"2017-05-01 00:00:00",18,Watford,10,Liverpool,18,1.157894737,1.684210526,10,2.210526316,1
E0,12/08/17,Watford,Liverpool,3,3,D,"2017-08-12 00:00:00",18,Watford,10,Liverpool,18,1.157894737,1.684210526,10,2.210526316,1
E0,16/04/17,"West Brom",Liverpool,0,1,A,"2017-04-16 00:00:00",19,"West Brom",10,Liverpool,19,0.815789474,1.473684211,10,2.210526316,1
E0,21/04/18,"West Brom",Liverpool,2,2,D,"2018-04-21 00:00:00",19,"West Brom",10,Liverpool,19,0.815789474,1.473684211,10,2.210526316,1
E0,14/05/17,"West Ham",Liverpool,0,4,A,"2017-05-14 00:00:00",20,"West Ham",10,Liverpool,20,1.263157895,1.789473684,10,2.210526316,1
E0,04/11/17,"West Ham",Liverpool,1,4,A,"2017-11-04 00:00:00",20,"West Ham",10,Liverpool,20,1.263157895,1.789473684,10,2.210526316,1
E0,02/04/17,Arsenal,"Man City",2,2,D,"2017-04-02 00:00:00",1,Arsenal,11,"Man City",1,1.947368421,1.342105263,11,2.789473684,0.710526316
E0,01/03/18,Arsenal,"Man City",0,3,A,"2018-03-01 00:00:00",1,Arsenal,11,"Man City",1,1.947368421,1.342105263,11,2.789473684,0.710526316
E0,13/02/17,Bournemouth,"Man City",0,2,A,"2017-02-13 00:00:00",2,Bournemouth,11,"Man City",2,1.184210526,1.605263158,11,2.789473684,0.710526316
E0,26/08/17,Bournemouth,"Man City",1,2,A,"2017-08-26 00:00:00",2,Bournemouth,11,"Man City",2,1.184210526,1.605263158,11,2.789473684,0.710526316
E0,12/08/17,Brighton,"Man City",0,2,A,"2017-08-12 00:00:00",3,Brighton,11,"Man City",3,0.894736842,1.421052632,11,2.789473684,0.710526316
E0,26/11/16,Burnley,"Man City",1,2,A,"2016-11-26 00:00:00",4,Burnley,11,"Man City",4,0.947368421,1.026315789,11,2.789473684,0.710526316
E0,03/02/18,Burnley,"Man City",1,1,D,"2018-02-03 00:00:00",4,Burnley,11,"Man City",4,0.947368421,1.026315789,11,2.789473684,0.710526316
E0,05/04/17,Chelsea,"Man City",2,1,H,"2017-04-05 00:00:00",5,Chelsea,11,"Man City",5,1.631578947,1,11,2.789473684,0.710526316
E0,30/09/17,Chelsea,"Man City",0,1,A,"2017-09-30 00:00:00",5,Chelsea,11,"Man City",5,1.631578947,1,11,2.789473684,0.710526316
E0,19/11/16,"Crystal Palace","Man City",1,2,A,"2016-11-19 00:00:00",6,"Crystal Palace",11,"Man City",6,1.184210526,1.447368421,11,2.789473684,0.710526316
E0,31/12/17,"Crystal Palace","Man City",0,0,D,"2017-12-31 00:00:00",6,"Crystal Palace",11,"Man City",6,1.184210526,1.447368421,11,2.789473684,0.710526316
E0,15/01/17,Everton,"Man City",4,0,H,"2017-01-15 00:00:00",7,Everton,11,"Man City",7,1.157894737,1.526315789,11,2.789473684,0.710526316
E0,31/03/18,Everton,"Man City",1,3,A,"2018-03-31 00:00:00",7,Everton,11,"Man City",7,1.157894737,1.526315789,11,2.789473684,0.710526316
E0,26/11/17,Huddersfield,"Man City",1,2,A,"2017-11-26 00:00:00",8,Huddersfield,11,"Man City",8,0.736842105,1.526315789,11,2.789473684,0.710526316
E0,10/12/16,Leicester,"Man City",4,2,H,"2016-12-10 00:00:00",9,Leicester,11,"Man City",9,1.473684211,1.578947368,11,2.789473684,0.710526316
E0,18/11/17,Leicester,"Man City",0,2,A,"2017-11-18 00:00:00",9,Leicester,11,"Man City",9,1.473684211,1.578947368,11,2.789473684,0.710526316
E0,31/12/16,Liverpool,"Man City",1,0,H,"2016-12-31 00:00:00",10,Liverpool,11,"Man City",10,2.210526316,1,11,2.789473684,0.710526316
E0,14/01/18,Liverpool,"Man City",4,3,H,"2018-01-14 00:00:00",10,Liverpool,11,"Man City",10,2.210526316,1,11,2.789473684,0.710526316
E0,10/09/16,"Man United","Man City",1,2,A,"2016-09-10 00:00:00",12,"Man United",11,"Man City",12,1.789473684,0.736842105,11,2.789473684,0.710526316
E0,10/12/17,"Man United","Man City",1,2,A,"2017-12-10 00:00:00",12,"Man United",11,"Man City",12,1.789473684,0.736842105,11,2.789473684,0.710526316
E0,27/12/17,Newcastle,"Man City",0,1,A,"2017-12-27 00:00:00",13,Newcastle,11,"Man City",13,1.026315789,1.236842105,11,2.789473684,0.710526316
E0,15/04/17,Southampton,"Man City",0,3,A,"2017-04-15 00:00:00",14,Southampton,11,"Man City",14,0.973684211,1.473684211,11,2.789473684,0.710526316
E0,13/05/18,Southampton,"Man City",0,1,A,"2018-05-13 00:00:00",14,Southampton,11,"Man City",14,0.973684211,1.473684211,11,2.789473684,0.710526316
E0,20/08/16,Stoke,"Man City",1,4,A,"2016-08-20 00:00:00",15,Stoke,11,"Man City",15,0.921052632,1.789473684,11,2.789473684,0.710526316
E0,12/03/18,Stoke,"Man City",0,2,A,"2018-03-12 00:00:00",15,Stoke,11,"Man City",15,0.921052632,1.789473684,11,2.789473684,0.710526316
E0,24/09/16,Swansea,"Man City",1,3,A,"2016-09-24 00:00:00",16,Swansea,11,"Man City",16,0.736842105,1.473684211,11,2.789473684,0.710526316
E0,13/12/17,Swansea,"Man City",0,4,A,"2017-12-13 00:00:00",16,Swansea,11,"Man City",16,0.736842105,1.473684211,11,2.789473684,0.710526316
E0,02/10/16,Tottenham,"Man City",2,0,H,"2016-10-02 00:00:00",17,Tottenham,11,"Man City",17,1.947368421,0.947368421,11,2.789473684,0.710526316
E0,14/04/18,Tottenham,"Man City",1,3,A,"2018-04-14 00:00:00",17,Tottenham,11,"Man City",17,1.947368421,0.947368421,11,2.789473684,0.710526316
E0,21/05/17,Watford,"Man City",0,5,A,"2017-05-21 00:00:00",18,Watford,11,"Man City",18,1.157894737,1.684210526,11,2.789473684,0.710526316
E0,16/09/17,Watford,"Man City",0,6,A,"2017-09-16 00:00:00",18,Watford,11,"Man City",18,1.157894737,1.684210526,11,2.789473684,0.710526316
E0,29/10/16,"West Brom","Man City",0,4,A,"2016-10-29 00:00:00",19,"West Brom",11,"Man City",19,0.815789474,1.473684211,11,2.789473684,0.710526316
E0,28/10/17,"West Brom","Man City",2,3,A,"2017-10-28 00:00:00",19,"West Brom",11,"Man City",19,0.815789474,1.473684211,11,2.789473684,0.710526316
E0,01/02/17,"West Ham","Man City",0,4,A,"2017-02-01 00:00:00",20,"West Ham",11,"Man City",20,1.263157895,1.789473684,11,2.789473684,0.710526316
E0,29/04/18,"West Ham","Man City",1,4,A,"2018-04-29 00:00:00",20,"West Ham",11,"Man City",20,1.263157895,1.789473684,11,2.789473684,0.710526316
E0,07/05/17,Arsenal,"Man United",2,0,H,"2017-05-07 00:00:00",1,Arsenal,12,"Man United",1,1.947368421,1.342105263,12,1.789473684,0.736842105
E0,02/12/17,Arsenal,"Man United",1,3,A,"2017-12-02 00:00:00",1,Arsenal,12,"Man United",1,1.947368421,1.342105263,12,1.789473684,0.736842105
E0,14/08/16,Bournemouth,"Man United",1,3,A,"2016-08-14 00:00:00",2,Bournemouth,12,"Man United",2,1.184210526,1.605263158,12,1.789473684,0.736842105
E0,18/04/18,Bournemouth,"Man United",0,2,A,"2018-04-18 00:00:00",2,Bournemouth,12,"Man United",2,1.184210526,1.605263158,12,1.789473684,0.736842105
E0,04/05/18,Brighton,"Man United",1,0,H,"2018-05-04 00:00:00",3,Brighton,12,"Man United",3,0.894736842,1.421052632,12,1.789473684,0.736842105
E0,23/04/17,Burnley,"Man United",0,2,A,"2017-04-23 00:00:00",4,Burnley,12,"Man United",4,0.947368421,1.026315789,12,1.789473684,0.736842105
E0,20/01/18,Burnley,"Man United",0,1,A,"2018-01-20 00:00:00",4,Burnley,12,"Man United",4,0.947368421,1.026315789,12,1.789473684,0.736842105
E0,23/10/16,Chelsea,"Man United",4,0,H,"2016-10-23 00:00:00",5,Chelsea,12,"Man United",5,1.631578947,1,12,1.789473684,0.736842105
E0,05/11/17,Chelsea,"Man United",1,0,H,"2017-11-05 00:00:00",5,Chelsea,12,"Man United",5,1.631578947,1,12,1.789473684,0.736842105
E0,14/12/16,"Crystal Palace","Man United",1,2,A,"2016-12-14 00:00:00",6,"Crystal Palace",12,"Man United",6,1.184210526,1.447368421,12,1.789473684,0.736842105
E0,05/03/18,"Crystal Palace","Man United",2,3,A,"2018-03-05 00:00:00",6,"Crystal Palace",12,"Man United",6,1.184210526,1.447368421,12,1.789473684,0.736842105
E0,04/12/16,Everton,"Man United",1,1,D,"2016-12-04 00:00:00",7,Everton,12,"Man United",7,1.157894737,1.526315789,12,1.789473684,0.736842105
E0,01/01/18,Everton,"Man United",0,2,A,"2018-01-01 00:00:00",7,Everton,12,"Man United",7,1.157894737,1.526315789,12,1.789473684,0.736842105
E0,21/10/17,Huddersfield,"Man United",2,1,H,"2017-10-21 00:00:00",8,Huddersfield,12,"Man United",8,0.736842105,1.526315789,12,1.789473684,0.736842105
E0,05/02/17,Leicester,"Man United",0,3,A,"2017-02-05 00:00:00",9,Leicester,12,"Man United",9,1.473684211,1.578947368,12,1.789473684,0.736842105
E0,23/12/17,Leicester,"Man United",2,2,D,"2017-12-23 00:00:00",9,Leicester,12,"Man United",9,1.473684211,1.578947368,12,1.789473684,0.736842105
E0,17/10/16,Liverpool,"Man United",0,0,D,"2016-10-17 00:00:00",10,Liverpool,12,"Man United",10,2.210526316,1,12,1.789473684,0.736842105
E0,14/10/17,Liverpool,"Man United",0,0,D,"2017-10-14 00:00:00",10,Liverpool,12,"Man United",10,2.210526316,1,12,1.789473684,0.736842105
E0,27/04/17,"Man City","Man United",0,0,D,"2017-04-27 00:00:00",11,"Man City",12,"Man United",11,2.789473684,0.710526316,12,1.789473684,0.736842105
E0,07/04/18,"Man City","Man United",2,3,A,"2018-04-07 00:00:00",11,"Man City",12,"Man United",11,2.789473684,0.710526316,12,1.789473684,0.736842105
E0,11/02/18,Newcastle,"Man United",1,0,H,"2018-02-11 00:00:00",13,Newcastle,12,"Man United",13,1.026315789,1.236842105,12,1.789473684,0.736842105
E0,17/05/17,Southampton,"Man United",0,0,D,"2017-05-17 00:00:00",14,Southampton,12,"Man United",14,0.973684211,1.473684211,12,1.789473684,0.736842105
E0,23/09/17,Southampton,"Man United",0,1,A,"2017-09-23 00:00:00",14,Southampton,12,"Man United",14,0.973684211,1.473684211,12,1.789473684,0.736842105
E0,21/01/17,Stoke,"Man United",1,1,D,"2017-01-21 00:00:00",15,Stoke,12,"Man United",15,0.921052632,1.789473684,12,1.789473684,0.736842105
E0,09/09/17,Stoke,"Man United",2,2,D,"2017-09-09 00:00:00",15,Stoke,12,"Man United",15,0.921052632,1.789473684,12,1.789473684,0.736842105
E0,06/11/16,Swansea,"Man United",1,3,A,"2016-11-06 00:00:00",16,Swansea,12,"Man United",16,0.736842105,1.473684211,12,1.789473684,0.736842105
E0,19/08/17,Swansea,"Man United",0,4,A,"2017-08-19 00:00:00",16,Swansea,12,"Man United",16,0.736842105,1.473684211,12,1.789473684,0.736842105
E0,14/05/17,Tottenham,"Man United",2,1,H,"2017-05-14 00:00:00",17,Tottenham,12,"Man United",17,1.947368421,0.947368421,12,1.789473684,0.736842105
E0,31/01/18,Tottenham,"Man United",2,0,H,"2018-01-31 00:00:00",17,Tottenham,12,"Man United",17,1.947368421,0.947368421,12,1.789473684,0.736842105
E0,18/09/16,Watford,"Man United",3,1,H,"2016-09-18 00:00:00",18,Watford,12,"Man United",18,1.157894737,1.684210526,12,1.789473684,0.736842105
E0,28/11/17,Watford,"Man United",2,4,A,"2017-11-28 00:00:00",18,Watford,12,"Man United",18,1.157894737,1.684210526,12,1.789473684,0.736842105
E0,17/12/16,"West Brom","Man United",0,2,A,"2016-12-17 00:00:00",19,"West Brom",12,"Man United",19,0.815789474,1.473684211,12,1.789473684,0.736842105
E0,17/12/17,"West Brom","Man United",1,2,A,"2017-12-17 00:00:00",19,"West Brom",12,"Man United",19,0.815789474,1.473684211,12,1.789473684,0.736842105
E0,02/01/17,"West Ham","Man United",0,2,A,"2017-01-02 00:00:00",20,"West Ham",12,"Man United",20,1.263157895,1.789473684,12,1.789473684,0.736842105
E0,10/05/18,"West Ham","Man United",0,0,D,"2018-05-10 00:00:00",20,"West Ham",12,"Man United",20,1.263157895,1.789473684,12,1.789473684,0.736842105
E0,16/12/17,Arsenal,Newcastle,1,0,H,"2017-12-16 00:00:00",1,Arsenal,13,Newcastle,1,1.947368421,1.342105263,13,1.026315789,1.236842105
E0,24/02/18,Bournemouth,Newcastle,2,2,D,"2018-02-24 00:00:00",2,Bournemouth,13,Newcastle,2,1.184210526,1.605263158,13,1.026315789,1.236842105
E0,24/09/17,Brighton,Newcastle,1,0,H,"2017-09-24 00:00:00",3,Brighton,13,Newcastle,3,0.894736842,1.421052632,13,1.026315789,1.236842105
E0,30/10/17,Burnley,Newcastle,1,0,H,"2017-10-30 00:00:00",4,Burnley,13,Newcastle,4,0.947368421,1.026315789,13,1.026315789,1.236842105
E0,02/12/17,Chelsea,Newcastle,3,1,H,"2017-12-02 00:00:00",5,Chelsea,13,Newcastle,5,1.631578947,1,13,1.026315789,1.236842105
E0,04/02/18,"Crystal Palace",Newcastle,1,1,D,"2018-02-04 00:00:00",6,"Crystal Palace",13,Newcastle,6,1.184210526,1.447368421,13,1.026315789,1.236842105
E0,23/04/18,Everton,Newcastle,1,0,H,"2018-04-23 00:00:00",7,Everton,13,Newcastle,7,1.157894737,1.526315789,13,1.026315789,1.236842105
E0,20/08/17,Huddersfield,Newcastle,1,0,H,"2017-08-20 00:00:00",8,Huddersfield,13,Newcastle,8,0.736842105,1.526315789,13,1.026315789,1.236842105
E0,07/04/18,Leicester,Newcastle,1,2,A,"2018-04-07 00:00:00",9,Leicester,13,Newcastle,9,1.473684211,1.578947368,13,1.026315789,1.236842105
E0,03/03/18,Liverpool,Newcastle,2,0,H,"2018-03-03 00:00:00",10,Liverpool,13,Newcastle,10,2.210526316,1,13,1.026315789,1.236842105
E0,20/01/18,"Man City",Newcastle,3,1,H,"2018-01-20 00:00:00",11,"Man City",13,Newcastle,11,2.789473684,0.710526316,13,1.026315789,1.236842105
E0,18/11/17,"Man United",Newcastle,4,1,H,"2017-11-18 00:00:00",12,"Man United",13,Newcastle,12,1.789473684,0.736842105,13,1.026315789,1.236842105
E0,15/10/17,Southampton,Newcastle,2,2,D,"2017-10-15 00:00:00",14,Southampton,13,Newcastle,14,0.973684211,1.473684211,13,1.026315789,1.236842105
E0,01/01/18,Stoke,Newcastle,0,1,A,"2018-01-01 00:00:00",15,Stoke,13,Newcastle,15,0.921052632,1.789473684,13,1.026315789,1.236842105
E0,10/09/17,Swansea,Newcastle,0,1,A,"2017-09-10 00:00:00",16,Swansea,13,Newcastle,16,0.736842105,1.473684211,13,1.026315789,1.236842105
E0,09/05/18,Tottenham,Newcastle,1,0,H,"2018-05-09 00:00:00",17,Tottenham,13,Newcastle,17,1.947368421,0.947368421,13,1.026315789,1.236842105
E0,05/05/18,Watford,Newcastle,2,1,H,"2018-05-05 00:00:00",18,Watford,13,Newcastle,18,1.157894737,1.684210526,13,1.026315789,1.236842105
E0,28/11/17,"West Brom",Newcastle,2,2,D,"2017-11-28 00:00:00",19,"West Brom",13,Newcastle,19,0.815789474,1.473684211,13,1.026315789,1.236842105
E0,23/12/17,"West Ham",Newcastle,2,3,A,"2017-12-23 00:00:00",20,"West Ham",13,Newcastle,20,1.263157895,1.789473684,13,1.026315789,1.236842105
E0,10/09/16,Arsenal,Southampton,2,1,H,"2016-09-10 00:00:00",1,Arsenal,14,Southampton,1,1.947368421,1.342105263,14,0.973684211,1.473684211
E0,08/04/18,Arsenal,Southampton,3,2,H,"2018-04-08 00:00:00",1,Arsenal,14,Southampton,1,1.947368421,1.342105263,14,0.973684211,1.473684211
E0,18/12/16,Bournemouth,Southampton,1,3,A,"2016-12-18 00:00:00",2,Bournemouth,14,Southampton,2,1.184210526,1.605263158,14,0.973684211,1.473684211
E0,03/12/17,Bournemouth,Southampton,1,1,D,"2017-12-03 00:00:00",2,Bournemouth,14,Southampton,2,1.184210526,1.605263158,14,0.973684211,1.473684211
E0,29/10/17,Brighton,Southampton,1,1,D,"2017-10-29 00:00:00",3,Brighton,14,Southampton,3,0.894736842,1.421052632,14,0.973684211,1.473684211
E0,14/01/17,Burnley,Southampton,1,0,H,"2017-01-14 00:00:00",4,Burnley,14,Southampton,4,0.947368421,1.026315789,14,0.973684211,1.473684211
E0,24/02/18,Burnley,Southampton,1,1,D,"2018-02-24 00:00:00",4,Burnley,14,Southampton,4,0.947368421,1.026315789,14,0.973684211,1.473684211
E0,25/04/17,Chelsea,Southampton,4,2,H,"2017-04-25 00:00:00",5,Chelsea,14,Southampton,5,1.631578947,1,14,0.973684211,1.473684211
E0,16/12/17,Chelsea,Southampton,1,0,H,"2017-12-16 00:00:00",5,Chelsea,14,Southampton,5,1.631578947,1,14,0.973684211,1.473684211
E0,03/12/16,"Crystal Palace",Southampton,3,0,H,"2016-12-03 00:00:00",6,"Crystal Palace",14,Southampton,6,1.184210526,1.447368421,14,0.973684211,1.473684211
E0,16/09/17,"Crystal Palace",Southampton,0,1,A,"2017-09-16 00:00:00",6,"Crystal Palace",14,Southampton,6,1.184210526,1.447368421,14,0.973684211,1.473684211
E0,02/01/17,Everton,Southampton,3,0,H,"2017-01-02 00:00:00",7,Everton,14,Southampton,7,1.157894737,1.526315789,14,0.973684211,1.473684211
E0,05/05/18,Everton,Southampton,1,1,D,"2018-05-05 00:00:00",7,Everton,14,Southampton,7,1.157894737,1.526315789,14,0.973684211,1.473684211
E0,26/08/17,Huddersfield,Southampton,0,0,D,"2017-08-26 00:00:00",8,Huddersfield,14,Southampton,8,0.736842105,1.526315789,14,0.973684211,1.473684211
E0,02/10/16,Leicester,Southampton,0,0,D,"2016-10-02 00:00:00",9,Leicester,14,Southampton,9,1.473684211,1.578947368,14,0.973684211,1.473684211
E0,19/04/18,Leicester,Southampton,0,0,D,"2018-04-19 00:00:00",9,Leicester,14,Southampton,9,1.473684211,1.578947368,14,0.973684211,1.473684211
E0,07/05/17,Liverpool,Southampton,0,0,D,"2017-05-07 00:00:00",10,Liverpool,14,Southampton,10,2.210526316,1,14,0.973684211,1.473684211
E0,18/11/17,Liverpool,Southampton,3,0,H,"2017-11-18 00:00:00",10,Liverpool,14,Southampton,10,2.210526316,1,14,0.973684211,1.473684211
E0,23/10/16,"Man City",Southampton,1,1,D,"2016-10-23 00:00:00",11,"Man City",14,Southampton,11,2.789473684,0.710526316,14,0.973684211,1.473684211
E0,29/11/17,"Man City",Southampton,2,1,H,"2017-11-29 00:00:00",11,"Man City",14,Southampton,11,2.789473684,0.710526316,14,0.973684211,1.473684211
E0,19/08/16,"Man United",Southampton,2,0,H,"2016-08-19 00:00:00",12,"Man United",14,Southampton,12,1.789473684,0.736842105,14,0.973684211,1.473684211
E0,30/12/17,"Man United",Southampton,0,0,D,"2017-12-30 00:00:00",12,"Man United",14,Southampton,12,1.789473684,0.736842105,14,0.973684211,1.473684211
E0,10/03/18,Newcastle,Southampton,3,0,H,"2018-03-10 00:00:00",13,Newcastle,14,Southampton,13,1.026315789,1.236842105,14,0.973684211,1.473684211
E0,14/12/16,Stoke,Southampton,0,0,D,"2016-12-14 00:00:00",15,Stoke,14,Southampton,15,0.921052632,1.789473684,14,0.973684211,1.473684211
E0,30/09/17,Stoke,Southampton,2,1,H,"2017-09-30 00:00:00",15,Stoke,14,Southampton,15,0.921052632,1.789473684,14,0.973684211,1.473684211
E0,31/01/17,Swansea,Southampton,2,1,H,"2017-01-31 00:00:00",16,Swansea,14,Southampton,16,0.736842105,1.473684211,14,0.973684211,1.473684211
E0,08/05/18,Swansea,Southampton,0,1,A,"2018-05-08 00:00:00",16,Swansea,14,Southampton,16,0.736842105,1.473684211,14,0.973684211,1.473684211
E0,19/03/17,Tottenham,Southampton,2,1,H,"2017-03-19 00:00:00",17,Tottenham,14,Southampton,17,1.947368421,0.947368421,14,0.973684211,1.473684211
E0,26/12/17,Tottenham,Southampton,5,2,H,"2017-12-26 00:00:00",17,Tottenham,14,Southampton,17,1.947368421,0.947368421,14,0.973684211,1.473684211
E0,04/03/17,Watford,Southampton,3,4,A,"2017-03-04 00:00:00",18,Watford,14,Southampton,18,1.157894737,1.684210526,14,0.973684211,1.473684211
E0,13/01/18,Watford,Southampton,2,2,D,"2018-01-13 00:00:00",18,Watford,14,Southampton,18,1.157894737,1.684210526,14,0.973684211,1.473684211
E0,08/04/17,"West Brom",Southampton,0,1,A,"2017-04-08 00:00:00",19,"West Brom",14,Southampton,19,0.815789474,1.473684211,14,0.973684211,1.473684211
E0,03/02/18,"West Brom",Southampton,2,3,A,"2018-02-03 00:00:00",19,"West Brom",14,Southampton,19,0.815789474,1.473684211,14,0.973684211,1.473684211
E0,25/09/16,"West Ham",Southampton,0,3,A,"2016-09-25 00:00:00",20,"West Ham",14,Southampton,20,1.263157895,1.789473684,14,0.973684211,1.473684211
E0,31/03/18,"West Ham",Southampton,3,0,H,"2018-03-31 00:00:00",20,"West Ham",14,Southampton,20,1.263157895,1.789473684,14,0.973684211,1.473684211
E0,10/12/16,Arsenal,Stoke,3,1,H,"2016-12-10 00:00:00",1,Arsenal,15,Stoke,1,1.947368421,1.342105263,15,0.921052632,1.789473684
E0,01/04/18,Arsenal,Stoke,3,0,H,"2018-04-01 00:00:00",1,Arsenal,15,Stoke,1,1.947368421,1.342105263,15,0.921052632,1.789473684
E0,06/05/17,Bournemouth,Stoke,2,2,D,"2017-05-06 00:00:00",2,Bournemouth,15,Stoke,2,1.184210526,1.605263158,15,0.921052632,1.789473684
E0,03/02/18,Bournemouth,Stoke,2,1,H,"2018-02-03 00:00:00",2,Bournemouth,15,Stoke,2,1.184210526,1.605263158,15,0.921052632,1.789473684
E0,20/11/17,Brighton,Stoke,2,2,D,"2017-11-20 00:00:00",3,Brighton,15,Stoke,3,0.894736842,1.421052632,15,0.921052632,1.789473684
E0,04/04/17,Burnley,Stoke,1,0,H,"2017-04-04 00:00:00",4,Burnley,15,Stoke,4,0.947368421,1.026315789,15,0.921052632,1.789473684
E0,12/12/17,Burnley,Stoke,1,0,H,"2017-12-12 00:00:00",4,Burnley,15,Stoke,4,0.947368421,1.026315789,15,0.921052632,1.789473684
E0,31/12/16,Chelsea,Stoke,4,2,H,"2016-12-31 00:00:00",5,Chelsea,15,Stoke,5,1.631578947,1,15,0.921052632,1.789473684
E0,30/12/17,Chelsea,Stoke,5,0,H,"2017-12-30 00:00:00",5,Chelsea,15,Stoke,5,1.631578947,1,15,0.921052632,1.789473684
E0,18/09/16,"Crystal Palace",Stoke,4,1,H,"2016-09-18 00:00:00",6,"Crystal Palace",15,Stoke,6,1.184210526,1.447368421,15,0.921052632,1.789473684
E0,25/11/17,"Crystal Palace",Stoke,2,1,H,"2017-11-25 00:00:00",6,"Crystal Palace",15,Stoke,6,1.184210526,1.447368421,15,0.921052632,1.789473684
E0,27/08/16,Everton,Stoke,1,0,H,"2016-08-27 00:00:00",7,Everton,15,Stoke,7,1.157894737,1.526315789,15,0.921052632,1.789473684
E0,12/08/17,Everton,Stoke,1,0,H,"2017-08-12 00:00:00",7,Everton,15,Stoke,7,1.157894737,1.526315789,15,0.921052632,1.789473684
E0,26/12/17,Huddersfield,Stoke,1,1,D,"2017-12-26 00:00:00",8,Huddersfield,15,Stoke,8,0.736842105,1.526315789,15,0.921052632,1.789473684
E0,01/04/17,Leicester,Stoke,2,0,H,"2017-04-01 00:00:00",9,Leicester,15,Stoke,9,1.473684211,1.578947368,15,0.921052632,1.789473684
E0,24/02/18,Leicester,Stoke,1,1,D,"2018-02-24 00:00:00",9,Leicester,15,Stoke,9,1.473684211,1.578947368,15,0.921052632,1.789473684
E0,27/12/16,Liverpool,Stoke,4,1,H,"2016-12-27 00:00:00",10,Liverpool,15,Stoke,10,2.210526316,1,15,0.921052632,1.789473684
E0,28/04/18,Liverpool,Stoke,0,0,D,"2018-04-28 00:00:00",10,Liverpool,15,Stoke,10,2.210526316,1,15,0.921052632,1.789473684
E0,08/03/17,"Man City",Stoke,0,0,D,"2017-03-08 00:00:00",11,"Man City",15,Stoke,11,2.789473684,0.710526316,15,0.921052632,1.789473684
E0,14/10/17,"Man City",Stoke,7,2,H,"2017-10-14 00:00:00",11,"Man City",15,Stoke,11,2.789473684,0.710526316,15,0.921052632,1.789473684
E0,02/10/16,"Man United",Stoke,1,1,D,"2016-10-02 00:00:00",12,"Man United",15,Stoke,12,1.789473684,0.736842105,15,0.921052632,1.789473684
E0,15/01/18,"Man United",Stoke,3,0,H,"2018-01-15 00:00:00",12,"Man United",15,Stoke,12,1.789473684,0.736842105,15,0.921052632,1.789473684
E0,16/09/17,Newcastle,Stoke,2,1,H,"2017-09-16 00:00:00",13,Newcastle,15,Stoke,13,1.026315789,1.236842105,15,0.921052632,1.789473684
E0,21/05/17,Southampton,Stoke,0,1,A,"2017-05-21 00:00:00",14,Southampton,15,Stoke,14,0.973684211,1.473684211,15,0.921052632,1.789473684
E0,03/03/18,Southampton,Stoke,0,0,D,"2018-03-03 00:00:00",14,Southampton,15,Stoke,14,0.973684211,1.473684211,15,0.921052632,1.789473684
E0,22/04/17,Swansea,Stoke,2,0,H,"2017-04-22 00:00:00",16,Swansea,15,Stoke,16,0.736842105,1.473684211,15,0.921052632,1.789473684
E0,13/05/18,Swansea,Stoke,1,2,A,"2018-05-13 00:00:00",16,Swansea,15,Stoke,16,0.736842105,1.473684211,15,0.921052632,1.789473684
E0,26/02/17,Tottenham,Stoke,4,0,H,"2017-02-26 00:00:00",17,Tottenham,15,Stoke,17,1.947368421,0.947368421,15,0.921052632,1.789473684
E0,09/12/17,Tottenham,Stoke,5,1,H,"2017-12-09 00:00:00",17,Tottenham,15,Stoke,17,1.947368421,0.947368421,15,0.921052632,1.789473684
E0,27/11/16,Watford,Stoke,0,1,A,"2016-11-27 00:00:00",18,Watford,15,Stoke,18,1.157894737,1.684210526,15,0.921052632,1.789473684
E0,28/10/17,Watford,Stoke,0,1,A,"2017-10-28 00:00:00",18,Watford,15,Stoke,18,1.157894737,1.684210526,15,0.921052632,1.789473684
E0,04/02/17,"West Brom",Stoke,1,0,H,"2017-02-04 00:00:00",19,"West Brom",15,Stoke,19,0.815789474,1.473684211,15,0.921052632,1.789473684
E0,27/08/17,"West Brom",Stoke,1,1,D,"2017-08-27 00:00:00",19,"West Brom",15,Stoke,19,0.815789474,1.473684211,15,0.921052632,1.789473684
E0,05/11/16,"West Ham",Stoke,1,1,D,"2016-11-05 00:00:00",20,"West Ham",15,Stoke,20,1.263157895,1.789473684,15,0.921052632,1.789473684
E0,16/04/18,"West Ham",Stoke,1,1,D,"2018-04-16 00:00:00",20,"West Ham",15,Stoke,20,1.263157895,1.789473684,15,0.921052632,1.789473684
E0,15/10/16,Arsenal,Swansea,3,2,H,"2016-10-15 00:00:00",1,Arsenal,16,Swansea,1,1.947368421,1.342105263,16,0.736842105,1.473684211
E0,28/10/17,Arsenal,Swansea,2,1,H,"2017-10-28 00:00:00",1,Arsenal,16,Swansea,1,1.947368421,1.342105263,16,0.736842105,1.473684211
E0,18/03/17,Bournemouth,Swansea,2,0,H,"2017-03-18 00:00:00",2,Bournemouth,16,Swansea,2,1.184210526,1.605263158,16,0.736842105,1.473684211
E0,05/05/18,Bournemouth,Swansea,1,0,H,"2018-05-05 00:00:00",2,Bournemouth,16,Swansea,2,1.184210526,1.605263158,16,0.736842105,1.473684211
E0,24/02/18,Brighton,Swansea,4,1,H,"2018-02-24 00:00:00",3,Brighton,16,Swansea,3,0.894736842,1.421052632,16,0.736842105,1.473684211
E0,13/08/16,Burnley,Swansea,0,1,A,"2016-08-13 00:00:00",4,Burnley,16,Swansea,4,0.947368421,1.026315789,16,0.736842105,1.473684211
E0,18/11/17,Burnley,Swansea,2,0,H,"2017-11-18 00:00:00",4,Burnley,16,Swansea,4,0.947368421,1.026315789,16,0.736842105,1.473684211
E0,25/02/17,Chelsea,Swansea,3,1,H,"2017-02-25 00:00:00",5,Chelsea,16,Swansea,5,1.631578947,1,16,0.736842105,1.473684211
E0,29/11/17,Chelsea,Swansea,1,0,H,"2017-11-29 00:00:00",5,Chelsea,16,Swansea,5,1.631578947,1,16,0.736842105,1.473684211
E0,03/01/17,"Crystal Palace",Swansea,1,2,A,"2017-01-03 00:00:00",6,"Crystal Palace",16,Swansea,6,1.184210526,1.447368421,16,0.736842105,1.473684211
E0,26/08/17,"Crystal Palace",Swansea,0,2,A,"2017-08-26 00:00:00",6,"Crystal Palace",16,Swansea,6,1.184210526,1.447368421,16,0.736842105,1.473684211
E0,19/11/16,Everton,Swansea,1,1,D,"2016-11-19 00:00:00",7,Everton,16,Swansea,7,1.157894737,1.526315789,16,0.736842105,1.473684211
E0,18/12/17,Everton,Swansea,3,1,H,"2017-12-18 00:00:00",7,Everton,16,Swansea,7,1.157894737,1.526315789,16,0.736842105,1.473684211
E0,10/03/18,Huddersfield,Swansea,0,0,D,"2018-03-10 00:00:00",8,Huddersfield,16,Swansea,8,0.736842105,1.526315789,16,0.736842105,1.473684211
E0,27/08/16,Leicester,Swansea,2,1,H,"2016-08-27 00:00:00",9,Leicester,16,Swansea,9,1.473684211,1.578947368,16,0.736842105,1.473684211
E0,03/02/18,Leicester,Swansea,1,1,D,"2018-02-03 00:00:00",9,Leicester,16,Swansea,9,1.473684211,1.578947368,16,0.736842105,1.473684211
E0,21/01/17,Liverpool,Swansea,2,3,A,"2017-01-21 00:00:00",10,Liverpool,16,Swansea,10,2.210526316,1,16,0.736842105,1.473684211
E0,26/12/17,Liverpool,Swansea,5,0,H,"2017-12-26 00:00:00",10,Liverpool,16,Swansea,10,2.210526316,1,16,0.736842105,1.473684211
E0,05/02/17,"Man City",Swansea,2,1,H,"2017-02-05 00:00:00",11,"Man City",16,Swansea,11,2.789473684,0.710526316,16,0.736842105,1.473684211
E0,22/04/18,"Man City",Swansea,5,0,H,"2018-04-22 00:00:00",11,"Man City",16,Swansea,11,2.789473684,0.710526316,16,0.736842105,1.473684211
E0,30/04/17,"Man United",Swansea,1,1,D,"2017-04-30 00:00:00",12,"Man United",16,Swansea,12,1.789473684,0.736842105,16,0.736842105,1.473684211
E0,31/03/18,"Man United",Swansea,2,0,H,"2018-03-31 00:00:00",12,"Man United",16,Swansea,12,1.789473684,0.736842105,16,0.736842105,1.473684211
E0,13/01/18,Newcastle,Swansea,1,1,D,"2018-01-13 00:00:00",13,Newcastle,16,Swansea,13,1.026315789,1.236842105,16,0.736842105,1.473684211
E0,18/09/16,Southampton,Swansea,1,0,H,"2016-09-18 00:00:00",14,Southampton,16,Swansea,14,0.973684211,1.473684211,16,0.736842105,1.473684211
E0,12/08/17,Southampton,Swansea,0,0,D,"2017-08-12 00:00:00",14,Southampton,16,Swansea,14,0.973684211,1.473684211,16,0.736842105,1.473684211
E0,31/10/16,Stoke,Swansea,3,1,H,"2016-10-31 00:00:00",15,Stoke,16,Swansea,15,0.921052632,1.789473684,16,0.736842105,1.473684211
E0,02/12/17,Stoke,Swansea,2,1,H,"2017-12-02 00:00:00",15,Stoke,16,Swansea,15,0.921052632,1.789473684,16,0.736842105,1.473684211
E0,03/12/16,Tottenham,Swansea,5,0,H,"2016-12-03 00:00:00",17,Tottenham,16,Swansea,17,1.947368421,0.947368421,16,0.736842105,1.473684211
E0,16/09/17,Tottenham,Swansea,0,0,D,"2017-09-16 00:00:00",17,Tottenham,16,Swansea,17,1.947368421,0.947368421,16,0.736842105,1.473684211
E0,15/04/17,Watford,Swansea,1,0,H,"2017-04-15 00:00:00",18,Watford,16,Swansea,18,1.157894737,1.684210526,16,0.736842105,1.473684211
E0,30/12/17,Watford,Swansea,1,2,A,"2017-12-30 00:00:00",18,Watford,16,Swansea,18,1.157894737,1.684210526,16,0.736842105,1.473684211
E0,14/12/16,"West Brom",Swansea,3,1,H,"2016-12-14 00:00:00",19,"West Brom",16,Swansea,19,0.815789474,1.473684211,16,0.736842105,1.473684211
E0,07/04/18,"West Brom",Swansea,1,1,D,"2018-04-07 00:00:00",19,"West Brom",16,Swansea,19,0.815789474,1.473684211,16,0.736842105,1.473684211
E0,08/04/17,"West Ham",Swansea,1,0,H,"2017-04-08 00:00:00",20,"West Ham",16,Swansea,20,1.263157895,1.789473684,16,0.736842105,1.473684211
E0,30/09/17,"West Ham",Swansea,1,0,H,"2017-09-30 00:00:00",20,"West Ham",16,Swansea,20,1.263157895,1.789473684,16,0.736842105,1.473684211
E0,06/11/16,Arsenal,Tottenham,1,1,D,"2016-11-06 00:00:00",1,Arsenal,17,Tottenham,1,1.947368421,1.342105263,17,1.947368421,0.947368421
E0,18/11/17,Arsenal,Tottenham,2,0,H,"2017-11-18 00:00:00",1,Arsenal,17,Tottenham,1,1.947368421,1.342105263,17,1.947368421,0.947368421
E0,22/10/16,Bournemouth,Tottenham,0,0,D,"2016-10-22 00:00:00",2,Bournemouth,17,Tottenham,2,1.184210526,1.605263158,17,1.947368421,0.947368421
E0,11/03/18,Bournemouth,Tottenham,1,4,A,"2018-03-11 00:00:00",2,Bournemouth,17,Tottenham,2,1.184210526,1.605263158,17,1.947368421,0.947368421
E0,17/04/18,Brighton,Tottenham,1,1,D,"2018-04-17 00:00:00",3,Brighton,17,Tottenham,3,0.894736842,1.421052632,17,1.947368421,0.947368421
E0,01/04/17,Burnley,Tottenham,0,2,A,"2017-04-01 00:00:00",4,Burnley,17,Tottenham,4,0.947368421,1.026315789,17,1.947368421,0.947368421
E0,23/12/17,Burnley,Tottenham,0,3,A,"2017-12-23 00:00:00",4,Burnley,17,Tottenham,4,0.947368421,1.026315789,17,1.947368421,0.947368421
E0,26/11/16,Chelsea,Tottenham,2,1,H,"2016-11-26 00:00:00",5,Chelsea,17,Tottenham,5,1.631578947,1,17,1.947368421,0.947368421
E0,01/04/18,Chelsea,Tottenham,1,3,A,"2018-04-01 00:00:00",5,Chelsea,17,Tottenham,5,1.631578947,1,17,1.947368421,0.947368421
E0,26/04/17,"Crystal Palace",Tottenham,0,1,A,"2017-04-26 00:00:00",6,"Crystal Palace",17,Tottenham,6,1.184210526,1.447368421,17,1.947368421,0.947368421
E0,25/02/18,"Crystal Palace",Tottenham,0,1,A,"2018-02-25 00:00:00",6,"Crystal Palace",17,Tottenham,6,1.184210526,1.447368421,17,1.947368421,0.947368421
E0,13/08/16,Everton,Tottenham,1,1,D,"2016-08-13 00:00:00",7,Everton,17,Tottenham,7,1.157894737,1.526315789,17,1.947368421,0.947368421
E0,09/09/17,Everton,Tottenham,0,3,A,"2017-09-09 00:00:00",7,Everton,17,Tottenham,7,1.157894737,1.526315789,17,1.947368421,0.947368421
E0,30/09/17,Huddersfield,Tottenham,0,4,A,"2017-09-30 00:00:00",8,Huddersfield,17,Tottenham,8,0.736842105,1.526315789,17,1.947368421,0.947368421
E0,18/05/17,Leicester,Tottenham,1,6,A,"2017-05-18 00:00:00",9,Leicester,17,Tottenham,9,1.473684211,1.578947368,17,1.947368421,0.947368421
E0,28/11/17,Leicester,Tottenham,2,1,H,"2017-11-28 00:00:00",9,Leicester,17,Tottenham,9,1.473684211,1.578947368,17,1.947368421,0.947368421
E0,11/02/17,Liverpool,Tottenham,2,0,H,"2017-02-11 00:00:00",10,Liverpool,17,Tottenham,10,2.210526316,1,17,1.947368421,0.947368421
E0,04/02/18,Liverpool,Tottenham,2,2,D,"2018-02-04 00:00:00",10,Liverpool,17,Tottenham,10,2.210526316,1,17,1.947368421,0.947368421
E0,21/01/17,"Man City",Tottenham,2,2,D,"2017-01-21 00:00:00",11,"Man City",17,Tottenham,11,2.789473684,0.710526316,17,1.947368421,0.947368421
E0,16/12/17,"Man City",Tottenham,4,1,H,"2017-12-16 00:00:00",11,"Man City",17,Tottenham,11,2.789473684,0.710526316,17,1.947368421,0.947368421
E0,11/12/16,"Man United",Tottenham,1,0,H,"2016-12-11 00:00:00",12,"Man United",17,Tottenham,12,1.789473684,0.736842105,17,1.947368421,0.947368421
E0,28/10/17,"Man United",Tottenham,1,0,H,"2017-10-28 00:00:00",12,"Man United",17,Tottenham,12,1.789473684,0.736842105,17,1.947368421,0.947368421
E0,13/08/17,Newcastle,Tottenham,0,2,A,"2017-08-13 00:00:00",13,Newcastle,17,Tottenham,13,1.026315789,1.236842105,17,1.947368421,0.947368421
E0,28/12/16,Southampton,Tottenham,1,4,A,"2016-12-28 00:00:00",14,Southampton,17,Tottenham,14,0.973684211,1.473684211,17,1.947368421,0.947368421
E0,21/01/18,Southampton,Tottenham,1,1,D,"2018-01-21 00:00:00",14,Southampton,17,Tottenham,14,0.973684211,1.473684211,17,1.947368421,0.947368421
E0,10/09/16,Stoke,Tottenham,0,4,A,"2016-09-10 00:00:00",15,Stoke,17,Tottenham,15,0.921052632,1.789473684,17,1.947368421,0.947368421
E0,07/04/18,Stoke,Tottenham,1,2,A,"2018-04-07 00:00:00",15,Stoke,17,Tottenham,15,0.921052632,1.789473684,17,1.947368421,0.947368421
E0,05/04/17,Swansea,Tottenham,1,3,A,"2017-04-05 00:00:00",16,Swansea,17,Tottenham,16,0.736842105,1.473684211,17,1.947368421,0.947368421
E0,02/01/18,Swansea,Tottenham,0,2,A,"2018-01-02 00:00:00",16,Swansea,17,Tottenham,16,0.736842105,1.473684211,17,1.947368421,0.947368421
E0,01/01/17,Watford,Tottenham,1,4,A,"2017-01-01 00:00:00",18,Watford,17,Tottenham,18,1.157894737,1.684210526,17,1.947368421,0.947368421
E0,02/12/17,Watford,Tottenham,1,1,D,"2017-12-02 00:00:00",18,Watford,17,Tottenham,18,1.157894737,1.684210526,17,1.947368421,0.947368421
E0,15/10/16,"West Brom",Tottenham,1,1,D,"2016-10-15 00:00:00",19,"West Brom",17,Tottenham,19,0.815789474,1.473684211,17,1.947368421,0.947368421
E0,05/05/18,"West Brom",Tottenham,1,0,H,"2018-05-05 00:00:00",19,"West Brom",17,Tottenham,19,0.815789474,1.473684211,17,1.947368421,0.947368421
E0,05/05/17,"West Ham",Tottenham,1,0,H,"2017-05-05 00:00:00",20,"West Ham",17,Tottenham,20,1.263157895,1.789473684,17,1.947368421,0.947368421
E0,23/09/17,"West Ham",Tottenham,2,3,A,"2017-09-23 00:00:00",20,"West Ham",17,Tottenham,20,1.263157895,1.789473684,17,1.947368421,0.947368421
E0,31/01/17,Arsenal,Watford,1,2,A,"2017-01-31 00:00:00",1,Arsenal,18,Watford,1,1.947368421,1.342105263,18,1.157894737,1.684210526
E0,11/03/18,Arsenal,Watford,3,0,H,"2018-03-11 00:00:00",1,Arsenal,18,Watford,1,1.947368421,1.342105263,18,1.157894737,1.684210526
E0,21/01/17,Bournemouth,Watford,2,2,D,"2017-01-21 00:00:00",2,Bournemouth,18,Watford,2,1.184210526,1.605263158,18,1.157894737,1.684210526
E0,19/08/17,Bournemouth,Watford,0,2,A,"2017-08-19 00:00:00",2,Bournemouth,18,Watford,2,1.184210526,1.605263158,18,1.157894737,1.684210526
E0,23/12/17,Brighton,Watford,1,0,H,"2017-12-23 00:00:00",3,Brighton,18,Watford,3,0.894736842,1.421052632,18,1.157894737,1.684210526
E0,26/09/16,Burnley,Watford,2,0,H,"2016-09-26 00:00:00",4,Burnley,18,Watford,4,0.947368421,1.026315789,18,1.157894737,1.684210526
E0,09/12/17,Burnley,Watford,1,0,H,"2017-12-09 00:00:00",4,Burnley,18,Watford,4,0.947368421,1.026315789,18,1.157894737,1.684210526
E0,15/05/17,Chelsea,Watford,4,3,H,"2017-05-15 00:00:00",5,Chelsea,18,Watford,5,1.631578947,1,18,1.157894737,1.684210526
E0,21/10/17,Chelsea,Watford,4,2,H,"2017-10-21 00:00:00",5,Chelsea,18,Watford,5,1.631578947,1,18,1.157894737,1.684210526
E0,18/03/17,"Crystal Palace",Watford,1,0,H,"2017-03-18 00:00:00",6,"Crystal Palace",18,Watford,6,1.184210526,1.447368421,18,1.157894737,1.684210526
E0,12/12/17,"Crystal Palace",Watford,2,1,H,"2017-12-12 00:00:00",6,"Crystal Palace",18,Watford,6,1.184210526,1.447368421,18,1.157894737,1.684210526
E0,12/05/17,Everton,Watford,1,0,H,"2017-05-12 00:00:00",7,Everton,18,Watford,7,1.157894737,1.526315789,18,1.157894737,1.684210526
E0,05/11/17,Everton,Watford,3,2,H,"2017-11-05 00:00:00",7,Everton,18,Watford,7,1.157894737,1.526315789,18,1.157894737,1.684210526
E0,14/04/18,Huddersfield,Watford,1,0,H,"2018-04-14 00:00:00",8,Huddersfield,18,Watford,8,0.736842105,1.526315789,18,1.157894737,1.684210526
E0,06/05/17,Leicester,Watford,3,0,H,"2017-05-06 00:00:00",9,Leicester,18,Watford,9,1.473684211,1.578947368,18,1.157894737,1.684210526
E0,20/01/18,Leicester,Watford,2,0,H,"2018-01-20 00:00:00",9,Leicester,18,Watford,9,1.473684211,1.578947368,18,1.157894737,1.684210526
E0,06/11/16,Liverpool,Watford,6,1,H,"2016-11-06 00:00:00",10,Liverpool,18,Watford,10,2.210526316,1,18,1.157894737,1.684210526
E0,17/03/18,Liverpool,Watford,5,0,H,"2018-03-17 00:00:00",10,Liverpool,18,Watford,10,2.210526316,1,18,1.157894737,1.684210526
E0,14/12/16,"Man City",Watford,2,0,H,"2016-12-14 00:00:00",11,"Man City",18,Watford,11,2.789473684,0.710526316,18,1.157894737,1.684210526
E0,02/01/18,"Man City",Watford,3,1,H,"2018-01-02 00:00:00",11,"Man City",18,Watford,11,2.789473684,0.710526316,18,1.157894737,1.684210526
E0,11/02/17,"Man United",Watford,2,0,H,"2017-02-11 00:00:00",12,"Man United",18,Watford,12,1.789473684,0.736842105,18,1.157894737,1.684210526
E0,13/05/18,"Man United",Watford,1,0,H,"2018-05-13 00:00:00",12,"Man United",18,Watford,12,1.789473684,0.736842105,18,1.157894737,1.684210526
E0,25/11/17,Newcastle,Watford,0,3,A,"2017-11-25 00:00:00",13,Newcastle,18,Watford,13,1.026315789,1.236842105,18,1.157894737,1.684210526
E0,13/08/16,Southampton,Watford,1,1,D,"2016-08-13 00:00:00",14,Southampton,18,Watford,14,0.973684211,1.473684211,18,1.157894737,1.684210526
E0,09/09/17,Southampton,Watford,0,2,A,"2017-09-09 00:00:00",14,Southampton,18,Watford,14,0.973684211,1.473684211,18,1.157894737,1.684210526
E0,03/01/17,Stoke,Watford,2,0,H,"2017-01-03 00:00:00",15,Stoke,18,Watford,15,0.921052632,1.789473684,18,1.157894737,1.684210526
E0,31/01/18,Stoke,Watford,0,0,D,"2018-01-31 00:00:00",15,Stoke,18,Watford,15,0.921052632,1.789473684,18,1.157894737,1.684210526
E0,22/10/16,Swansea,Watford,0,0,D,"2016-10-22 00:00:00",16,Swansea,18,Watford,16,0.736842105,1.473684211,18,1.157894737,1.684210526
E0,23/09/17,Swansea,Watford,1,2,A,"2017-09-23 00:00:00",16,Swansea,18,Watford,16,0.736842105,1.473684211,18,1.157894737,1.684210526
E0,08/04/17,Tottenham,Watford,4,0,H,"2017-04-08 00:00:00",17,Tottenham,18,Watford,17,1.947368421,0.947368421,18,1.157894737,1.684210526
E0,30/04/18,Tottenham,Watford,2,0,H,"2018-04-30 00:00:00",17,Tottenham,18,Watford,17,1.947368421,0.947368421,18,1.157894737,1.684210526
E0,03/12/16,"West Brom",Watford,3,1,H,"2016-12-03 00:00:00",19,"West Brom",18,Watford,19,0.815789474,1.473684211,18,1.157894737,1.684210526
E0,30/09/17,"West Brom",Watford,2,2,D,"2017-09-30 00:00:00",19,"West Brom",18,Watford,19,0.815789474,1.473684211,18,1.157894737,1.684210526
E0,10/09/16,"West Ham",Watford,2,4,A,"2016-09-10 00:00:00",20,"West Ham",18,Watford,20,1.263157895,1.789473684,18,1.157894737,1.684210526
E0,10/02/18,"West Ham",Watford,2,0,H,"2018-02-10 00:00:00",20,"West Ham",18,Watford,20,1.263157895,1.789473684,18,1.157894737,1.684210526
E0,26/12/16,Arsenal,"West Brom",1,0,H,"2016-12-26 00:00:00",1,Arsenal,19,"West Brom",1,1.947368421,1.342105263,19,0.815789474,1.473684211
E0,25/09/17,Arsenal,"West Brom",2,0,H,"2017-09-25 00:00:00",1,Arsenal,19,"West Brom",1,1.947368421,1.342105263,19,0.815789474,1.473684211
E0,10/09/16,Bournemouth,"West Brom",1,0,H,"2016-09-10 00:00:00",2,Bournemouth,19,"West Brom",2,1.184210526,1.605263158,19,0.815789474,1.473684211
E0,17/03/18,Bournemouth,"West Brom",2,1,H,"2018-03-17 00:00:00",2,Bournemouth,19,"West Brom",2,1.184210526,1.605263158,19,0.815789474,1.473684211
E0,09/09/17,Brighton,"West Brom",3,1,H,"2017-09-09 00:00:00",3,Brighton,19,"West Brom",3,0.894736842,1.421052632,19,0.815789474,1.473684211
E0,06/05/17,Burnley,"West Brom",2,2,D,"2017-05-06 00:00:00",4,Burnley,19,"West Brom",4,0.947368421,1.026315789,19,0.815789474,1.473684211
E0,19/08/17,Burnley,"West Brom",0,1,A,"2017-08-19 00:00:00",4,Burnley,19,"West Brom",4,0.947368421,1.026315789,19,0.815789474,1.473684211
E0,11/12/16,Chelsea,"West Brom",1,0,H,"2016-12-11 00:00:00",5,Chelsea,19,"West Brom",5,1.631578947,1,19,0.815789474,1.473684211
E0,12/02/18,Chelsea,"West Brom",3,0,H,"2018-02-12 00:00:00",5,Chelsea,19,"West Brom",5,1.631578947,1,19,0.815789474,1.473684211
E0,13/08/16,"Crystal Palace","West Brom",0,1,A,"2016-08-13 00:00:00",6,"Crystal Palace",19,"West Brom",6,1.184210526,1.447368421,19,0.815789474,1.473684211
E0,13/05/18,"Crystal Palace","West Brom",2,0,H,"2018-05-13 00:00:00",6,"Crystal Palace",19,"West Brom",6,1.184210526,1.447368421,19,0.815789474,1.473684211
E0,11/03/17,Everton,"West Brom",3,0,H,"2017-03-11 00:00:00",7,Everton,19,"West Brom",7,1.157894737,1.526315789,19,0.815789474,1.473684211
E0,20/01/18,Everton,"West Brom",1,1,D,"2018-01-20 00:00:00",7,Everton,19,"West Brom",7,1.157894737,1.526315789,19,0.815789474,1.473684211
E0,04/11/17,Huddersfield,"West Brom",1,0,H,"2017-11-04 00:00:00",8,Huddersfield,19,"West Brom",8,0.736842105,1.526315789,19,0.815789474,1.473684211
E0,06/11/16,Leicester,"West Brom",1,2,A,"2016-11-06 00:00:00",9,Leicester,19,"West Brom",9,1.473684211,1.578947368,19,0.815789474,1.473684211
E0,16/10/17,Leicester,"West Brom",1,1,D,"2017-10-16 00:00:00",9,Leicester,19,"West Brom",9,1.473684211,1.578947368,19,0.815789474,1.473684211
E0,22/10/16,Liverpool,"West Brom",2,1,H,"2016-10-22 00:00:00",10,Liverpool,19,"West Brom",10,2.210526316,1,19,0.815789474,1.473684211
E0,13/12/17,Liverpool,"West Brom",0,0,D,"2017-12-13 00:00:00",10,Liverpool,19,"West Brom",10,2.210526316,1,19,0.815789474,1.473684211
E0,16/05/17,"Man City","West Brom",3,1,H,"2017-05-16 00:00:00",11,"Man City",19,"West Brom",11,2.789473684,0.710526316,19,0.815789474,1.473684211
E0,31/01/18,"Man City","West Brom",3,0,H,"2018-01-31 00:00:00",11,"Man City",19,"West Brom",11,2.789473684,0.710526316,19,0.815789474,1.473684211
E0,01/04/17,"Man United","West Brom",0,0,D,"2017-04-01 00:00:00",12,"Man United",19,"West Brom",12,1.789473684,0.736842105,19,0.815789474,1.473684211
E0,15/04/18,"Man United","West Brom",0,1,A,"2018-04-15 00:00:00",12,"Man United",19,"West Brom",12,1.789473684,0.736842105,19,0.815789474,1.473684211
E0,28/04/18,Newcastle,"West Brom",0,1,A,"2018-04-28 00:00:00",13,Newcastle,19,"West Brom",13,1.026315789,1.236842105,19,0.815789474,1.473684211
E0,31/12/16,Southampton,"West Brom",1,2,A,"2016-12-31 00:00:00",14,Southampton,19,"West Brom",14,0.973684211,1.473684211,19,0.815789474,1.473684211
E0,21/10/17,Southampton,"West Brom",1,0,H,"2017-10-21 00:00:00",14,Southampton,19,"West Brom",14,0.973684211,1.473684211,19,0.815789474,1.473684211
E0,24/09/16,Stoke,"West Brom",1,1,D,"2016-09-24 00:00:00",15,Stoke,19,"West Brom",15,0.921052632,1.789473684,19,0.815789474,1.473684211
E0,23/12/17,Stoke,"West Brom",3,1,H,"2017-12-23 00:00:00",15,Stoke,19,"West Brom",15,0.921052632,1.789473684,19,0.815789474,1.473684211
E0,21/05/17,Swansea,"West Brom",2,1,H,"2017-05-21 00:00:00",16,Swansea,19,"West Brom",16,0.736842105,1.473684211,19,0.815789474,1.473684211
E0,09/12/17,Swansea,"West Brom",1,0,H,"2017-12-09 00:00:00",16,Swansea,19,"West Brom",16,0.736842105,1.473684211,19,0.815789474,1.473684211
E0,14/01/17,Tottenham,"West Brom",4,0,H,"2017-01-14 00:00:00",17,Tottenham,19,"West Brom",17,1.947368421,0.947368421,19,0.815789474,1.473684211
E0,25/11/17,Tottenham,"West Brom",1,1,D,"2017-11-25 00:00:00",17,Tottenham,19,"West Brom",17,1.947368421,0.947368421,19,0.815789474,1.473684211
E0,04/04/17,Watford,"West Brom",2,0,H,"2017-04-04 00:00:00",18,Watford,19,"West Brom",18,1.157894737,1.684210526,19,0.815789474,1.473684211
E0,03/03/18,Watford,"West Brom",1,0,H,"2018-03-03 00:00:00",18,Watford,19,"West Brom",18,1.157894737,1.684210526,19,0.815789474,1.473684211
E0,11/02/17,"West Ham","West Brom",2,2,D,"2017-02-11 00:00:00",20,"West Ham",19,"West Brom",20,1.263157895,1.789473684,19,0.815789474,1.473684211
E0,02/01/18,"West Ham","West Brom",2,1,H,"2018-01-02 00:00:00",20,"West Ham",19,"West Brom",20,1.263157895,1.789473684,19,0.815789474,1.473684211
E0,05/04/17,Arsenal,"West Ham",3,0,H,"2017-04-05 00:00:00",1,Arsenal,20,"West Ham",1,1.947368421,1.342105263,20,1.263157895,1.789473684
E0,22/04/18,Arsenal,"West Ham",4,1,H,"2018-04-22 00:00:00",1,Arsenal,20,"West Ham",1,1.947368421,1.342105263,20,1.263157895,1.789473684
E0,11/03/17,Bournemouth,"West Ham",3,2,H,"2017-03-11 00:00:00",2,Bournemouth,20,"West Ham",2,1.184210526,1.605263158,20,1.263157895,1.789473684
E0,26/12/17,Bournemouth,"West Ham",3,3,D,"2017-12-26 00:00:00",2,Bournemouth,20,"West Ham",2,1.184210526,1.605263158,20,1.263157895,1.789473684
E0,03/02/18,Brighton,"West Ham",3,1,H,"2018-02-03 00:00:00",3,Brighton,20,"West Ham",3,0.894736842,1.421052632,20,1.263157895,1.789473684
E0,21/05/17,Burnley,"West Ham",1,2,A,"2017-05-21 00:00:00",4,Burnley,20,"West Ham",4,0.947368421,1.026315789,20,1.263157895,1.789473684
E0,14/10/17,Burnley,"West Ham",1,1,D,"2017-10-14 00:00:00",4,Burnley,20,"West Ham",4,0.947368421,1.026315789,20,1.263157895,1.789473684
E0,15/08/16,Chelsea,"West Ham",2,1,H,"2016-08-15 00:00:00",5,Chelsea,20,"West Ham",5,1.631578947,1,20,1.263157895,1.789473684
E0,08/04/18,Chelsea,"West Ham",1,1,D,"2018-04-08 00:00:00",5,Chelsea,20,"West Ham",5,1.631578947,1,20,1.263157895,1.789473684
E0,15/10/16,"Crystal Palace","West Ham",0,1,A,"2016-10-15 00:00:00",6,"Crystal Palace",20,"West Ham",6,1.184210526,1.447368421,20,1.263157895,1.789473684
E0,28/10/17,"Crystal Palace","West Ham",2,2,D,"2017-10-28 00:00:00",6,"Crystal Palace",20,"West Ham",6,1.184210526,1.447368421,20,1.263157895,1.789473684
E0,30/10/16,Everton,"West Ham",2,0,H,"2016-10-30 00:00:00",7,Everton,20,"West Ham",7,1.157894737,1.526315789,20,1.263157895,1.789473684
E0,29/11/17,Everton,"West Ham",4,0,H,"2017-11-29 00:00:00",7,Everton,20,"West Ham",7,1.157894737,1.526315789,20,1.263157895,1.789473684
E0,13/01/18,Huddersfield,"West Ham",1,4,A,"2018-01-13 00:00:00",8,Huddersfield,20,"West Ham",8,0.736842105,1.526315789,20,1.263157895,1.789473684
E0,31/12/16,Leicester,"West Ham",1,0,H,"2016-12-31 00:00:00",9,Leicester,20,"West Ham",9,1.473684211,1.578947368,20,1.263157895,1.789473684
E0,05/05/18,Leicester,"West Ham",0,2,A,"2018-05-05 00:00:00",9,Leicester,20,"West Ham",9,1.473684211,1.578947368,20,1.263157895,1.789473684
E0,11/12/16,Liverpool,"West Ham",2,2,D,"2016-12-11 00:00:00",10,Liverpool,20,"West Ham",10,2.210526316,1,20,1.263157895,1.789473684
E0,24/02/18,Liverpool,"West Ham",4,1,H,"2018-02-24 00:00:00",10,Liverpool,20,"West Ham",10,2.210526316,1,20,1.263157895,1.789473684
E0,28/08/16,"Man City","West Ham",3,1,H,"2016-08-28 00:00:00",11,"Man City",20,"West Ham",11,2.789473684,0.710526316,20,1.263157895,1.789473684
E0,03/12/17,"Man City","West Ham",2,1,H,"2017-12-03 00:00:00",11,"Man City",20,"West Ham",11,2.789473684,0.710526316,20,1.263157895,1.789473684
E0,27/11/16,"Man United","West Ham",1,1,D,"2016-11-27 00:00:00",12,"Man United",20,"West Ham",12,1.789473684,0.736842105,20,1.263157895,1.789473684
E0,13/08/17,"Man United","West Ham",4,0,H,"2017-08-13 00:00:00",12,"Man United",20,"West Ham",12,1.789473684,0.736842105,20,1.263157895,1.789473684
E0,26/08/17,Newcastle,"West Ham",3,0,H,"2017-08-26 00:00:00",13,Newcastle,20,"West Ham",13,1.026315789,1.236842105,20,1.263157895,1.789473684
E0,04/02/17,Southampton,"West Ham",1,3,A,"2017-02-04 00:00:00",14,Southampton,20,"West Ham",14,0.973684211,1.473684211,20,1.263157895,1.789473684
E0,19/08/17,Southampton,"West Ham",3,2,H,"2017-08-19 00:00:00",14,Southampton,20,"West Ham",14,0.973684211,1.473684211,20,1.263157895,1.789473684
E0,29/04/17,Stoke,"West Ham",0,0,D,"2017-04-29 00:00:00",15,Stoke,20,"West Ham",15,0.921052632,1.789473684,20,1.263157895,1.789473684
E0,16/12/17,Stoke,"West Ham",0,3,A,"2017-12-16 00:00:00",15,Stoke,20,"West Ham",15,0.921052632,1.789473684,20,1.263157895,1.789473684
E0,26/12/16,Swansea,"West Ham",1,4,A,"2016-12-26 00:00:00",16,Swansea,20,"West Ham",16,0.736842105,1.473684211,20,1.263157895,1.789473684
E0,03/03/18,Swansea,"West Ham",4,1,H,"2018-03-03 00:00:00",16,Swansea,20,"West Ham",16,0.736842105,1.473684211,20,1.263157895,1.789473684
E0,19/11/16,Tottenham,"West Ham",3,2,H,"2016-11-19 00:00:00",17,Tottenham,20,"West Ham",17,1.947368421,0.947368421,20,1.263157895,1.789473684
E0,04/01/18,Tottenham,"West Ham",1,1,D,"2018-01-04 00:00:00",17,Tottenham,20,"West Ham",17,1.947368421,0.947368421,20,1.263157895,1.789473684
E0,25/02/17,Watford,"West Ham",1,1,D,"2017-02-25 00:00:00",18,Watford,20,"West Ham",18,1.157894737,1.684210526,20,1.263157895,1.789473684
E0,19/11/17,Watford,"West Ham",2,0,H,"2017-11-19 00:00:00",18,Watford,20,"West Ham",18,1.157894737,1.684210526,20,1.263157895,1.789473684
E0,17/09/16,"West Brom","West Ham",4,2,H,"2016-09-17 00:00:00",19,"West Brom",20,"West Ham",19,0.815789474,1.473684211,20,1.263157895,1.789473684
E0,16/09/17,"West Brom","West Ham",0,0,D,"2017-09-16 00:00:00",19,"West Brom",20,"West Ham",19,0.815789474,1.473684211,20,1.263157895,1.789473684
