id,id_externo,name,rp,fst,fsd,sst,ssd,tst,tsd,df,ace,bpt,bpd
239,105453,"Kei Nishikori",1710,5,4,6,3.6,5,5,2.833333333,3.166666667,0.57332,0.58094
289,105916,"Marton Fucsovics",1122,6.285714286,3.571428571,5.142857143,2.857142857,4.5,4.5,2.615384615,3.615384615,0.6802,0.602971429
425,105449,"Steve Johnson",1110,5,4.333333333,6.333333333,5,6,4,2.75,7,0.6889,0.663466667
33,104312,"Andreas Seppi",1045,5.25,4.875,6.125,4.25,6.333333333,5.333333333,1.666666667,6,0.6465375,0.676725
89,106421,"Daniil Medvedev",974,6.2,2.6,5.6,3.4,4,6,2.6,6.6,0.5,0.46286
434,105815,"Tennys Sandgren",953,4,6,4.5,6,0,0,1.333333333,8,0.5,0.5
196,111577,"Jared Donaldson",910,4.5,5,5,6,0,0,1.5,3.5,0.59165,0.5
214,105357,"John Millman",901,6.25,3.75,5.375,3,5,4.666666667,1.230769231,5,0.412966667,0.353711111
112,105583,"Dusan Lajovic",894,6.25,3.75,5,3,6,3,0.833333333,3.666666667,0.8125,0.505575
267,104291,"Malek Jaziri",872,5.111111111,5.555555556,3.333333333,5.333333333,6.333333333,4.333333333,2.066666667,3.533333333,0.420811111,0.593288889
160,104468,"Gilles Simon",870,5.5,4.5,6,2.5,3,6,3.25,4.5,0.64105,0.54615
171,104198,"Guillermo Garcia Lopez",850,4.5,4.5,5,5,0,0,4,3.666666667,0.8125,0.55
306,109739,"Maximilian Marterer",831,6,3,5.5,3.75,6,7,1.333333333,7.111111111,0.554175,0.373825
274,106065,"Marco Cecchinato",806,5,4.25,5.75,3.9375,5.5,3.25,1.363636364,4.181818182,0.63466875,0.559
297,105051,"Matthew Ebden",794,5.5,4.375,4.875,4.125,2.333333333,3.333333333,3.444444444,5.555555556,0.5243,0.51945
347,103893,"Paolo Lorenzi",780,7,6,1,6,3,6,8,8,0.3333,0.75
379,106148,"Roberto Carballes Baena",753,5.666666667,3.5,5.5,4,6,0,2.444444444,3.444444444,0.675933333,0.48095
341,105932,"Nikoloz Basilashvili",747,3.5,5,4,4.5,0,0,3.666666667,1.333333333,0.73235,0.8
128,105539,"Evgeny Donskoy",726,6,4.8,5.5,4.25,7,6,1.333333333,4.555555556,0.63204,0.66668
207,106210,"Jiri Vesely",720,6.333333333,3.666666667,5.333333333,3,6,2,2.8,6.2,0.65,0.298933333
325,105806,"Mirza Basic",717,5.625,5.625,5.5,4.625,6,4.4,2.5,6.9,0.663325,0.617
432,106121,"Taro Daniel",711,6.25,3.25,2.25,6,3.75,6,3.75,2.5,0.524325,0.642375
321,105062,"Mikhail Kukushkin",694,6,4.25,6.25,4,7,5,1.833333333,3.666666667,0.59375,0.5625
276,104571,"Marcos Baghdatis",689,4.5,5,4.75,3.25,6,3,1.2,5.4,0.288975,0.622225
63,111815,"Cameron Norrie",682,4.416666667,4.75,4.916666667,4.5,6,3.5,2.333333333,3.916666667,0.540758333,0.515591667
204,104871,"Jeremy Chardy",680,4.5,4.5,6,3.5,0,6,1.2,3.2,0.549033333,0.366666667
362,105732,"Pierre Hugues Herbert",680,3.333333333,6,6,4.333333333,6.5,5,3,12,0.627,0.6349
460,105577,"Vasek Pospisil",673,5.428571429,5.047619048,5.476190476,3.714285714,5.5,3.5,2.71875,6.90625,0.569033333,0.577185714
144,104252,"Florian Mayer",671,5.75,5.75,5.25,4.5,3,6,1.6,5,0.666675,0.5682
219,111442,"Jordan Thompson",669,5.086956522,4.173913043,4.782608696,4.043478261,5,4.2,3.225806452,3.709677419,0.568113043,0.464804348
486,106026,"Yuki Bhambri",665,5,5,5.8,3.5,5.2,3.6,2.357142857,2.428571429,0.53989,0.46218
282,105657,"Marius Copil",662,4.8,3.6,4.8,3.8,6,4,4.2,5.8,0.51428,0.40228
369,105430,"Radu Albot",634,5.6,5,4.8,5.2,5,5.666666667,3.333333333,1.666666667,0.45596,0.52054
322,104022,"Mikhail Youzhny",616,4.333333333,6.333333333,2.333333333,3,7,6,2.2,2.4,0.671433333,0.5139
262,105041,"Lukas Lacko",614,5,3.909090909,5.181818182,4.818181818,5,5,1.916666667,7.75,0.579681818,0.698236364
98,104797,"Denis Istomin",602,5,6.5,4,6,0,0,1.5,5.5,0.16665,0.91665
468,111443,"Vladimir Polyakov",16,1,6,2,6,0,0,3,1.333333333,0.2778,0
409,105984,"Seong Gook Oh",15,6,7,3,6,0,0,3.5,3.5,0.4286,0
221,106410,"Jorge Brian Panta Herreros",15,2.333333333,6,4.333333333,5.666666667,6,0,2.666666667,3.666666667,0.572,0.657133333
61,105861,"Caio Silva",13,3,6,1,6,0,0,3,2,0.2,0
314,111568,"Michael Zhu",13,5,4,5,5.5,0,0,5,1.333333333,0.7778,0.65
356,105137,"Pere Riba",12,6,4,5.666666667,5,4,6,3,4.333333333,0.691166667,0.083333333
202,106206,"Jea Moon Lee",12,7,6,6,3,0,0,0,1.5,0,0.4286
186,105111,"Ivan Endara",12,4.4,4.2,4.6,4.6,3,4,3.666666667,2.333333333,0.37184,0.43492
62,106254,"Calum Puttergill",12,0,6,1,6,0,0,2,1,0.2857,1
310,105050,"Michael Look",11,5,4,3.333333333,2.666666667,0,0,1.75,4.5,0.541666667,0.655566667
437,105381,"Thales Turini",11,2,6,3,6,0,0,3,0,0,0.75
170,105160,"Guillermo Duran",10,3,6,2,6,0,0,3.5,5.25,0.8333,1
463,105780,"Victor Nunez",10,2,6,1,6,0,0,3,0,0.375,1
260,105334,"Luis David Martinez",10,4.777777778,4.111111111,5.333333333,4.111111111,5,5.75,3.833333333,5.5,0.58905,0.47082
131,105571,"Fabricio Neis",9,5,6,4.5,4,1,3,1.333333333,2.333333333,0.375,0.472233333
191,106357,"Jae Hwan Kim",9,2.666666667,5.333333333,4.666666667,6.333333333,3,6,3.333333333,5.333333333,0.522366667,0.8
75,105464,"Christopher Rungkat",9,2,6,4,6.5,0,0,2.333333333,0.333333333,0.5375,0.66665
192,111452,"James Frawley",9,4.5,5,2.5,6,2,6,4.666666667,1,0.76175,0.5
370,104330,"Rajeev Ram",8,2,6,3,6,0,0,1,1,0.3333,0.5
351,109343,"Pavel Tsoy",8,2.5,6,3,6.5,0,0,3.5,1.5,0.225,1
360,106053,"Philip Davydenko",8,7,6,6,2,0,0,2.5,1,0.5,0.6
79,105525,"Dane Propoggia",8,6,3.5,4.5,4.5,1,6,4,2.5,0.55555,0.6528
231,106074,"Jung Woong Na",7,7,5,4,6,3,6,4.5,0.5,0.6154,0.7647
212,105844,"Joffrey De Schepper",7,7,5,6,2,0,0,1.333333333,9.333333333,0.75,0.4286
56,106262,"Boris Arias",7,3,5.333333333,3.666666667,6.333333333,2,6,4.8,3.6,0.515166667,0.577766667
315,104308,"Michal Przysiezny",6,4.5,6.333333333,5,5.333333333,4.5,6,4.571428571,6.857142857,0.6889,0.6
402,105695,"Sander Gille",5,5.666666667,5.333333333,4,3.333333333,0,0,2,6,0.656766667,0.375
182,105714,"Hugo Nys",5,4.5,6.5,4.5,6.5,0,0,2.5,6.5,0.58335,0.7639
415,105242,"Shinta Fujii",5,1.333333333,6,5.333333333,5.333333333,4.5,5,2.5,3.75,0.5,0.851866667
139,105262,"Fernando Romboli",5,4.75,5.25,2.5,6,3.5,6,4.2,3.6,0.33,0.26
117,111360,"Edward Bourchier",5,3,6.5,1.5,6,0,0,3,1.666666667,0.4653,0.4
188,106049,"Ivan Sabanov",5,1,6,2,6,0,0,2,1,0.6471,0
10,105479,"Alejandro Mendoza",5,4.5,4.5,2,6,3,6,7,6.5,0.5682,0.67855
232,103781,"Jurgen Melzer",4,4.333333333,4.666666667,5,4.666666667,5.5,6,1.75,2.5,0.512133333,0.517466667
19,105012,"Alexander Bury",4,3.4,5.2,4.25,3.75,4,6.5,2.428571429,6,0.33112,0.5
483,105790,"Yong Kyu Lim",4,6.25,4,6,4.5,3,6,3.2,6,0.46785,0.534225
87,104612,"Daniel Yoo",4,1.5,6,1,6,0,0,2.666666667,1,0.6257,0
457,105290,"Tyler Hochwalt",4,6,7,3,6,0,0,6.5,3.5,0.75,0.6667
254,106337,"Loic Perret",4,1,6,1,6,0,0,3,3,0.5,0
388,106033,"Romain Arneodo",3,6,4,6,4,0,0,2,4.5,1,0.6
167,105066,"Grzegorz Panfil",3,2,6,6,4,2,6,5,3,0.2857,0.6667
146,105990,"Francisco Dias",3,4.5,6.5,3,6,0,0,8.333333333,1.666666667,0.4018,0.5238
42,105142,"Arata Onozawa",3,6,2,3,6,4,6,1,7,0,0.75
372,105330,"Raul Isaias Rosas Zarur",2,1.75,6,1.5,4.75,6,3,6.75,1.5,0.3497,0.375
338,106204,"Nigmat Shofayziev",2,4,4.333333333,4,4.666666667,0,0,3.5,6.25,0.4429,0.5741
395,106036,"Ruikai Wang",2,2.666666667,6.333333333,3.333333333,4.666666667,0,0,2.75,1.5,0.233333333,0.45
21,104643,"Alexander Pavlioutchenkov",2,6,7,2,6,0,0,8,6,0.7143,0
396,106205,"Ryota Kishi",2,3,6,1,6,0,0,4,5,0.4286,1
194,103401,"Jan Hernych",1,3,6,3,6,0,0,4,6,0,0
18,111446,"Alexander Babanine",1,3.5,6,5,5.5,5,7,5.666666667,2,0.55905,0.5764
413,110725,"Shahbaaz Khan",1,1.5,6,1,6,0,0,5,1.5,0.5,0.5
308,105338,"Maximiliano Estevez",1,5,4.5,4,5,0,0,3,1,0.8,0.775
248,111513,"Laslo Djere",596,5.125,5.125,5.714285714,4.571428571,5,5.666666667,3.272727273,3,0.545188889,0.562433333
375,105575,"Ricardas Berankis",594,5.533333333,4.266666667,5.133333333,4.133333333,6,4.75,2.277777778,3,0.463066667,0.57486
111,104534,"Dudi Sela",572,4.571428571,3.857142857,4.571428571,4.285714286,3,5,3.727272727,1.545454545,0.566471429,0.565771429
266,111456,"Mackenzie Mcdonald",514,5,4.533333333,5.666666667,4.4,5.2,3.2,2.363636364,3.363636364,0.60466,0.618266667
168,105819,"Guido Andreozzi",506,5.392857143,4.071428571,5.142857143,4,5,4.222222222,1.9375,3,0.664517857,0.553010714
53,106216,"Bjorn Fratangelo",494,4.285714286,5.857142857,4.571428571,4.714285714,6,1,1.923076923,4.846153846,0.529014286,0.6839
393,105074,"Ruben Bemelmans",490,4.888888889,4.444444444,4.666666667,4.111111111,2,6,1.5,3.916666667,0.661722222,0.519033333
482,104229,"Yen Hsun Lu",482,6,4,6,1,0,0,3.333333333,2.666666667,1,0.3333
99,106045,"Denis Kudla",471,4.941176471,4.352941176,4.823529412,4.588235294,6.2,3,2.846153846,4.115384615,0.553505882,0.553464706
153,105671,"Gastao Elias",471,4.615384615,5.384615385,4.307692308,4.153846154,5.2,3.6,3.235294118,2.529411765,0.528915385,0.479176923
441,105341,"Thomas Fabbiano",466,1,6,4,6,0,0,2.333333333,1.166666667,0.4444,0.3333
336,103917,"Nicolas Mahut",465,4.75,6,5.75,4.75,4.5,5,3.571428571,7.857142857,0.39605,0.625
287,105373,"Martin Klizan",463,5.5,3.666666667,5,3.777777778,6,3.666666667,2.761904762,3.428571429,0.571366667,0.497488889
446,105065,"Tim Smyczek",462,4.818181818,4.272727273,5,4.545454545,5,5.5,0.8,3.733333333,0.716881818,0.597818182
355,105155,"Pedro Sousa",457,5.230769231,4,4.307692308,4.230769231,4,6,2.210526316,0.736842105,0.468953846,0.493730769
371,106368,"Ramkumar Ramanathan",454,4.785714286,4.785714286,4.785714286,4.428571429,6,3,2.333333333,7,0.579371429,0.50005
120,111200,"Elias Ymer",453,5.083333333,4.75,5.333333333,4.166666667,4.666666667,4.666666667,2.7,3.4,0.551391667,0.4387
439,106329,"Thiago Monteiro",450,5.444444444,4.666666667,5.444444444,4.888888889,7,5,2.230769231,4.615384615,0.660588889,0.524433333
358,105166,"Peter Polansky",449,4.888888889,4.444444444,4.277777778,5.055555556,4.25,4,2.105263158,3.315789474,0.453483333,0.635583333
412,104660,"Sergiy Stakhovsky",433,3.9,5.1,5,3.8,4,5.8,1.733333333,5.333333333,0.37223,0.52525
346,104665,"Pablo Andujar",431,5,3.6,5,5.4,4.333333333,4.666666667,2.1,1.1,0.44888,0.4375
419,104620,"Simone Bolelli",430,5,3.846153846,4.846153846,4.461538462,4.666666667,4,0.761904762,1.380952381,0.446171429,0.435385714
311,111581,"Michael Mmoh",425,5.416666667,3.333333333,5.083333333,4.833333333,2,6,3.952380952,2.904761905,0.5966,0.485458333
271,104719,"Marcel Granollers",425,5.5,3.5,5.416666667,3.5,5.5,4,1.423076923,3.961538462,0.58135,0.554741667
108,105385,"Donald Young",424,4.333333333,5.333333333,5.666666667,5.333333333,1,6,5,0.666666667,0.550266667,0.464633333
387,104297,"Rogerio Dutra Silva",421,6.214285714,4.571428571,5.142857143,4.428571429,3.6,4.8,1.733333333,3.866666667,0.526292857,0.531021429
368,111460,"Quentin Halys",419,4.933333333,4.133333333,5.733333333,3.866666667,4.666666667,5,4.782608696,10,0.54868,0.566133333
233,105132,"Jurgen Zopp",418,4,5.071428571,4.642857143,5,5.5,3.25,2.954545455,4.727272727,0.443807143,0.522285714
174,105967,"Henri Laaksonen",412,3.461538462,5.923076923,3.923076923,5.384615385,6,2,3.2,4.6,0.449692308,0.614430769
475,105870,"Yannick Hanfmann",403,4.5,4.25,5.125,5.375,4.4,4.8,3,5.875,0.425225,0.719925
27,106072,"Alexey Vatutin",399,4.714285714,4.285714286,4.928571429,4.571428571,4.25,6.25,2.958333333,1.833333333,0.531886667,0.44112
422,105882,"Stefano Travaglia",393,5.75,4.666666667,4.916666667,4.833333333,6.333333333,4.666666667,2.5625,10.375,0.508625,0.626658333
272,105656,"Marcelo Arevalo",393,5.533333333,4.266666667,4.733333333,4.8,4.666666667,5.333333333,4.473684211,5.842105263,0.645166667,0.53862
181,106198,"Hugo Dellien",386,4.8,4.466666667,5.133333333,4.066666667,6.142857143,4.714285714,1.764705882,2.176470588,0.4836,0.492326667
226,106075,"Jozef Kovalik",383,5.55,4.9,5.55,4.55,5.428571429,4.571428571,1.909090909,3.636363636,0.599715,0.51956
438,106423,"Thanasi Kokkinakis",380,4.5,4,7,6,6,2,2.25,7.75,0.366666667,0.4238
113,104460,"Dustin Brown",377,4.75,4.875,3.75,5,5.25,6.25,3.583333333,5.166666667,0.58575,0.7455375
4,104629,"Adrian Menendez Maceiras",376,4.588235294,5.294117647,5.411764706,4.352941176,5.571428571,4.285714286,2.157894737,4.315789474,0.493776471,0.5459
198,105359,"Jason Jung",372,4.941176471,3.705882353,5.235294118,4.411764706,6.2,4,2.448275862,3.034482759,0.509152941,0.546558824
54,104882,"Blaz Kavcic",369,3.5,6.25,4.5,4.25,3.5,3,3.2,3,0.519875,0.54165
299,104897,"Matthias Bachinger",356,4.615384615,5,3.25,5.416666667,5.666666667,5.333333333,2.117647059,5.705882353,0.435223077,0.4359
345,106214,"Oscar Otte",351,4.75,5.2,4.894736842,4.526315789,4.428571429,5.714285714,4.038461538,7.461538462,0.514185,0.61477
57,105614,"Bradley Klahn",350,5,5.153846154,3.923076923,4.615384615,5.5,4.333333333,3.318181818,6.181818182,0.495515385,0.569669231
199,106186,"Jason Kubler",347,5.565217391,4.260869565,5.608695652,3.652173913,4.6,5.8,4.454545455,4.242424242,0.490813043,0.525882609
125,105208,"Ernests Gulbis",342,5.6,4.6,5.2,4.4,5.5,4,5.333333333,7.523809524,0.4498,0.56084
433,105147,"Tatsuma Ito",341,4.947368421,5.263157895,5.210526316,5.210526316,5,4.333333333,2.407407407,3.111111111,0.563926316,0.536389474
35,105413,"Andrej Martin",340,5.181818182,4.181818182,4.090909091,5.636363636,3.666666667,5.5,3.384615385,2.846153846,0.481763636,0.456181818
462,103607,"Victor Estrella",338,5,4.625,3.875,4.5,6.5,4.5,2.75,3.333333333,0.495622222,0.668022222
252,106281,"Liam Broady",338,4.9,5.6,3.4,5.6,5.333333333,6,2.133333333,3.533333333,0.4275,0.66857
92,105985,"Darian King",337,4.526315789,5.473684211,4.157894737,4.947368421,4.777777778,3.333333333,2.954545455,1.636363636,0.449215,0.510645
453,103990,"Tommy Robredo",337,5.153846154,4.230769231,5.230769231,4.769230769,5.5,3,3.1,2.9,0.681138462,0.577146154
343,105613,"Norbert Gombos",336,4.888888889,4.222222222,6,4.666666667,3.5,6,2.722222222,4.666666667,0.539422222,0.5451
424,103565,"Stephane Robert",336,5.25,4.75,5,4.8125,5.166666667,5,3.318181818,5.272727273,0.55029375,0.52605
243,110536,"Kevin King",334,5.6,3.933333333,5.066666667,4.4,3.666666667,6.333333333,5.222222222,6.111111111,0.533006667,0.464173333
141,106290,"Filip Peliwo",332,4.571428571,4.714285714,4.666666667,4.761904762,4,5.25,3.64,3.6,0.512252381,0.506628571
64,104122,"Carlos Berlocq",331,6.142857143,3.571428571,6.428571429,3.285714286,7,6,3.3,1.8,0.668742857,0.494471429
229,106228,"Juan Ignacio Londero",329,5.538461538,3.961538462,5.44,3.6,6,5,1.805555556,3.083333333,0.506046154,0.5469
342,111511,"Noah Rubin",327,4.928571429,4.428571429,5.428571429,4.142857143,3.666666667,5.333333333,2.416666667,3.25,0.504807143,0.603228571
70,106426,"Christian Garin",326,4.64,4.64,4.96,4.12,4.888888889,3.777777778,3.454545455,4.060606061,0.639357692,0.47585
420,111578,"Stefan Kozlov",324,5.5,4.8,4.8,4.7,6.5,6.5,4.5625,2.6875,0.50646,0.56043
17,106109,"Alex Bolt",322,5.357142857,4.5,4.692307692,4.230769231,4.666666667,6,2.7,7.25,0.59855,0.562664286
162,104424,"Go Soeda",322,5.214285714,5.071428571,5.357142857,4.357142857,4.75,5,2.333333333,3.047619048,0.557957143,0.584978571
464,105634,"Viktor Galovic",320,4.461538462,4.846153846,4.461538462,3.923076923,5.5,4.5,1.555555556,6.277777778,0.649053846,0.675461538
327,105633,"Mohamed Safwat",320,3.923076923,5.153846154,4.461538462,5,4.2,4,1.869565217,3.217391304,0.362815385,0.589592308
366,105432,"Prajnesh Gunneswaran",319,5.1,5.2,4.5,4.9,5,3.6,2.625,5.0625,0.6138,0.29281
241,104932,"Kenny De Schepper",318,4.75,4.583333333,5.083333333,4.666666667,4.5,4.5,1.84,5.72,0.478023077,0.422984615
1,106361,"Adam Pavlasek",317,5.727272727,5.272727273,5.272727273,4.090909091,6.333333333,3.333333333,1.444444444,4.833333333,0.646536364,0.569454545
103,106261,"Dennis Novikov",317,5.941176471,4.529411765,5.058823529,5.470588235,5.857142857,4.571428571,3.36,9.96,0.582070588,0.592923529
376,106120,"Ricardo Ojeda Lara",316,2.833333333,5.5,4.666666667,4.166666667,5.333333333,3.333333333,1.533333333,0.8,0.48405,0.5246
235,111794,"Kamil Majchrzak",314,5,4.5625,4.1875,4.3125,5,5,3,2.772727273,0.51795,0.4921625
275,105477,"Marco Trungelliti",313,5.133333333,4.933333333,5.333333333,3.933333333,5,3.5,3.481481481,2.62962963,0.478966667,0.280946667
340,110748,"Nikola Milojevic",310,5.2,5.1,6,3.555555556,5,6.666666667,2.578947368,3.421052632,0.48301,0.55312
257,104563,"Luca Vanni",307,5.35,4.3,5.1,4.45,5.428571429,5,2.16,8.76,0.450115,0.53377
126,105960,"Evan King",305,4,5.875,4.5625,5.6875,4.5,4.75,2.45,4.95,0.51539375,0.5381375
166,106296,"Gregoire Barrere",303,5.25,3.8125,5.625,3.75,6.142857143,3.714285714,2.130434783,5.173913043,0.561375,0.49864375
215,105441,"John Patrick Smith",301,5.230769231,5.230769231,5.384615385,4.461538462,5.6,4.8,1.75,4.05,0.587907692,0.624992308
14,105561,"Alessandro Giannessi",301,4.833333333,5.222222222,4.058823529,5,4.857142857,5.428571429,3.85,2.2,0.536238889,0.509188889
458,105590,"Uladzimir Ignatik",296,4.777777778,4.555555556,4.055555556,5.388888889,4.6,4.4,3.2,7.32,0.489994444,0.537055556
133,105487,"Facundo Bagnis",293,5.076923077,4.076923077,4.615384615,4.384615385,4.714285714,5,3.222222222,4.166666667,0.554807692,0.418861538
157,106420,"Gianluigi Quinzi",292,5.055555556,4.777777778,5.555555556,3.444444444,4.5,5,1.458333333,3.541666667,0.526111111,0.530205556
421,109303,"Stefano Napolitano",291,5.230769231,4.692307692,5.307692308,4.384615385,5,4.666666667,1.818181818,5.5,0.385515385,0.5482
52,106071,"Bernard Tomic",291,3,5.333333333,5,4.333333333,6,4,1.166666667,7.166666667,0.430766667,0.322233333
71,106328,"Christian Harrison",287,4.9,4.6,4.75,4.95,4.857142857,4.571428571,1.916666667,4.458333333,0.53107,0.61855
122,105782,"Enrique Lopez Perez",286,5.2,4,4.466666667,4.733333333,3,6.333333333,4.157894737,5.789473684,0.575926667,0.420006667
161,105163,"Gleb Sakharov",282,4,5,4.642857143,4.642857143,3.666666667,5.333333333,2.421052632,5.263157895,0.581535714,0.575785714
47,105226,"Attila Balazs",282,5.833333333,5.166666667,4.5,5,4,6,2.5,2.875,0.38675,0.599216667
83,104593,"Daniel Gimeno Traver",281,5.28,4.28,5.36,3.96,6.181818182,4.181818182,3.5,2,0.530396,0.543124
77,106005,"Constant Lestienne",277,5.105263158,4.210526316,4.842105263,3.947368421,4.833333333,5,2.862068966,5.586206897,0.665447368,0.524131579
102,110602,"Dennis Novak",270,4.888888889,5.111111111,5.444444444,5.111111111,3.5,6.5,2.333333333,3.916666667,0.656288889,0.466044444
374,105952,"Renzo Olivo",264,5,4.666666667,4.833333333,4.916666667,4.5,5.25,4.4375,2.25,0.594558333,0.413133333
428,111576,"Sumit Nagal",260,5,4,3.545454545,5,3.833333333,4,2.461538462,1.923076923,0.567745455,0.575945455
177,105655,"Hiroki Moriya",260,4.952380952,4.095238095,5.047619048,4.285714286,4.666666667,4.833333333,2.8,2.68,0.447304545,0.494054545
447,104735,"Tobias Kamke",257,4.578947368,5.210526316,4.684210526,4.736842105,5,5.5,2.461538462,1.423076923,0.540131579,0.554878947
90,105905,"Danilo Petrovic",256,4.529411765,4.470588235,4.882352941,4.352941176,4.888888889,4.222222222,3.75,8.3,0.477258824,0.555864706
456,105738,"Tsung Hua Yang",256,4.3125,5,4.5625,5.4375,5.2,4.6,3.894736842,6.578947368,0.601775,0.60353125
398,106099,"Salvatore Caruso",255,4.9,3.9,4.5,5.3,4,5,2.625,3.125,0.43244,0.51521
326,106283,"Mitchell Krueger",250,4.277777778,5,5.055555556,3.944444444,3.875,5.25,2.384615385,2.230769231,0.532677778,0.596288889
169,106105,"Guilherme Clezar",246,5.230769231,5.384615385,4.923076923,4.923076923,5.166666667,4.833333333,2.6875,3.25,0.570084615,0.608261538
55,105641,"Blaz Rola",243,5.375,4.625,4.9375,5.0625,5.6,4.6,2.2,5.28,0.5385875,0.579525
31,105911,"Andrea Collarini",243,4.3125,5.4375,4.0625,4.6875,5.428571429,5.285714286,3.833333333,3.166666667,0.5576375,0.5449625
481,106034,"Yasutaka Uchiyama",242,5.4,4.6,4.8,5.3,4.714285714,5.571428571,1.333333333,5.238095238,0.56159,0.62442
294,106390,"Matteo Donati",237,5.666666667,5.083333333,4.333333333,4.75,5.5,5.5,1.428571429,3.714285714,0.552558333,0.589916667
384,105933,"Roberto Quiroz",235,4.105263158,4.894736842,5.526315789,4.684210526,4.875,4.625,2.857142857,5.571428571,0.538752632,0.486242105
59,111790,"Brayden Schnur",233,5.222222222,4.944444444,4.111111111,4.888888889,4.777777778,5.333333333,3.304347826,6.47826087,0.591094737,0.565842105
452,105493,"Tomislav Brkic",233,5.5,5.5,3.666666667,5.166666667,5.5,4,3.846153846,4.384615385,0.571583333,0.62
488,105585,"Ze Zhang",230,4.75,4.083333333,5.5,4.916666667,6,5,3.3,4.35,0.754041667,0.454258333
119,106078,"Egor Gerasimov",228,5.666666667,5.333333333,4.555555556,4.666666667,5,4,1.916666667,4.75,0.685422222,0.432533333
187,104729,"Ivan Nedelko",224,3.75,6.25,1.75,4.75,0,0,3.25,2.125,0.344175,0.45
45,105963,"Arthur De Greef",223,4.333333333,5.266666667,4.428571429,4.714285714,3.6,5.6,2.545454545,2.818181818,0.486386667,0.479613333
465,104672,"Vincent Millot",222,4.2,4,3.6,4.8,0,4.5,3.1875,1.6875,0.47821,0.41999
352,106353,"Pedja Krstin",217,4.833333333,4.555555556,3.944444444,4.833333333,5.25,4,6.227272727,3.272727273,0.458,0.485866667
65,106117,"Carlos Boluda Purkiss",216,3.6,5.8,4,6.2,5,6,2.111111111,1.777777778,0.55338,0.39666
29,105063,"Andrea Arnaboldi",215,5.210526316,5.315789474,3.894736842,5.315789474,4.285714286,4,2.545454545,2.954545455,0.528952632,0.512889474
459,106324,"Vaclav Safranek",214,4.642857143,6.071428571,4.071428571,5.071428571,6.333333333,4,2.666666667,1.8,0.438742857,0.487728571
411,105300,"Sergio Gutierrez Ferrol",212,4.6,4.4,4.8,4.3,1,6,2.363636364,1.545454545,0.53215,0.6505
94,104095,"David Guez",212,5.166666667,4.416666667,4.75,4.5,5.5,3.75,2.894736842,2.947368421,0.4558,0.497691667
251,105827,"Laurynas Grigelis",211,5.333333333,4.083333333,5.416666667,4.75,5,4,2.611111111,6.833333333,0.51205,0.62265
263,104586,"Lukas Rosol",210,4.818181818,5.363636364,5,4.909090909,6,5.166666667,3.3125,4.25,0.645154545,0.677127273
22,105512,"Alexander Sarkissian",209,4.666666667,5.333333333,5.133333333,4.6,4,5,2.789473684,7.263157895,0.527926667,0.60466
223,105497,"Jose Hernandez",209,4.958333333,4.5,4.739130435,4.695652174,5.777777778,4.444444444,3.52,2.4,0.579158333,0.487754167
255,105841,"Lorenzo Giustino",209,4.777777778,5.333333333,3.777777778,5.777777778,5.25,5.5,4.307692308,2.846153846,0.440377778,0.611233333
176,106292,"Hernan Casanova",208,3.25,6.125,4.125,4.875,7,6,2.5,0.1,0.578875,0.596225
484,106415,"Yoshihito Nishioka",207,5,4.071428571,5.142857143,3.5,4.833333333,4.166666667,1.428571429,0.952380952,0.438914286,0.5434
132,106032,"Facundo Arguello",207,4.777777778,4.333333333,3.666666667,4.555555556,3.333333333,5.666666667,4,2.333333333,0.594,0.388522222
281,106408,"Mario Vilella Martinez",206,5.583333333,4.666666667,5.545454545,5,3.8,4,4.117647059,4.235294118,0.426241667,0.535133333
208,106249,"Joao Domingues",205,4.928571429,4.642857143,4.857142857,3.714285714,3,6,1.263157895,1,0.607057143,0.621642857
11,104873,"Aleksandr Nedovyesov",204,5.25,5,6,5,0,6,2.5,3.416666667,0.51485,0.7379
85,103926,"Daniel Munoz De La Nava",203,5,5.222222222,4.222222222,5.222222222,2.5,6,4.272727273,3.818181818,0.4839,0.702688889
39,105302,"Ante Pavic",203,4.611111111,4.611111111,4.5,5.333333333,4.8,6.4,3.714285714,9.666666667,0.494933333,0.507272222
307,105814,"Maximilian Neuchrist",203,4,6,5.5,6,0,0,1.5,6.75,0.41665,0.3889
291,106288,"Mathias Bourgue",203,4.6,4.733333333,5.533333333,3.933333333,3.25,6.125,2.714285714,4.714285714,0.4316,0.479213333
442,105064,"Thomaz Bellucci",201,6,4,5.416666667,4.416666667,4.666666667,6.666666667,3.235294118,2.588235294,0.601133333,0.517866667
405,105691,"Scott Griekspoor",194,6,4.833333333,5.333333333,5.166666667,2.333333333,6,3,7,0.522828571,0.323128571
295,104970,"Matteo Viola",194,4.333333333,5,4.666666667,4.833333333,4.8,4.8,3.6,0.866666667,0.422558333,0.491841667
66,105529,"Carlos Gomez Herrera",192,5.15,4.2,5.25,4.9,5.125,4.625,2.857142857,2.523809524,0.61577,0.447355
37,106225,"Andrew Whittington",188,5.111111111,5.111111111,4.888888889,6.111111111,5,4.4,5.153846154,6.923076923,0.594511111,0.679777778
7,105060,"Aldin Setkic",186,3.642857143,5.285714286,4.785714286,5,6,6,3.888888889,5.666666667,0.629992857,0.474235714
9,105292,"Alejandro Gonzalez",185,4.722222222,4.666666667,5.444444444,4.277777778,4.166666667,5,3.2,2.05,0.526905556,0.575338889
324,105181,"Miljan Zekic",182,3.8,4.8,4.2,6,7,6,2.285714286,3.428571429,0.68878,0.57884
383,105751,"Roberto Ortega Olmedo",182,4.909090909,5.818181818,4.909090909,5.545454545,4.4,5.2,3.142857143,2.357142857,0.528636364,0.500072727
140,106110,"Filip Horansky",180,5.375,4.375,4.625,4.125,4.75,4.5,2.5,2.25,0.372225,0.4731875
380,106232,"Roberto Cid",177,4.947368421,4.578947368,5.5,3.777777778,4.545454545,4,2.875,2.791666667,0.499031579,0.470084211
200,105894,"Javier Marti",177,4.2,4.4,1.8,4.8,5,7,1.8,0.2,0.3738,0.60546
105,105842,"Di Wu",174,5.384615385,5.769230769,4.615384615,4.538461538,3.6,5,3.352941176,2.764705882,0.571023077,0.4721
135,105948,"Federico Coria",172,4.375,4.625,4.375,5.375,6,2,2.4,0.8,0.451925,0.5041625
234,111187,"Kaichi Uchida",172,4.363636364,5.636363636,4.272727273,4.090909091,5,5.333333333,3.6,5,0.562254545,0.696272727
400,105032,"Samuel Groth",169,4,6,6,7,0,0,2,21,0.75,0
286,105899,"Martin Cuevas",169,4.428571429,5.857142857,4,4.428571429,3,6,3.916666667,4.833333333,0.5496,0.491271429
259,111192,"Lucas Miedler",168,3,5.333333333,5,3.333333333,6,4,1.8,5.8,0.5788,0.718233333
445,105047,"Tim Puetz",167,5.555555556,4.888888889,4.111111111,4.444444444,5.5,5,2.470588235,7.647058824,0.29782,0.42312
211,105154,"Joao Souza",164,4.8125,4.75,4.1875,4.6875,4.5,5.333333333,3,4.722222222,0.462225,0.4305625
58,111451,"Bradley Mousley",164,4.555555556,5.888888889,4.444444444,5.111111111,5,5.6,3.2,8.533333333,0.674955556,0.764811111
201,111574,"Jc Aragone",163,4.538461538,5.076923077,5.153846154,5.076923077,4.2,6.2,3.090909091,5.863636364,0.513030769,0.452746154
142,111795,"Filippo Baldi",162,4.875,4.875,3.875,4,6,2.5,2.307692308,1.538461538,0.5005625,0.4472625
149,104433,"Frank Dancevic",162,5.875,5,5.5,4.5,3,4,2.571428571,4.857142857,0.550622222,0.491222222
30,109640,"Andrea Basso",161,4.818181818,5.090909091,4.545454545,5.272727273,5,3.333333333,3.214285714,4.928571429,0.5825,0.5083
136,105943,"Federico Gaio",161,5.173913043,4.869565217,5.173913043,4.869565217,5.142857143,5.428571429,3.34375,4.625,0.494170833,0.373425
403,105053,"Santiago Giraldo",159,5,3,5.25,5.5,4.333333333,6,4.2,4.2,0.552775,0.6573
150,106393,"Frederico Ferreira Silva",159,5,4,3.5,6.5,6,7,5,4,0.5,0.6125
426,105731,"Steven Diez",159,5.833333333,4.333333333,3.833333333,4.5,2,6,2.454545455,2,0.579016667,0.571166667
353,106398,"Pedro Cachin",157,6,4.571428571,5.214285714,4.714285714,5.333333333,5.333333333,2.736842105,3.421052632,0.602364286,0.442428571
209,110778,"Joao Lucas Magalhaes Hueb De Menezes",157,5,7,3,6,0,0,2,2,0.4,0.8
489,104810,"Zhe Li",156,5.055555556,5.333333333,4.388888889,4.222222222,4,4.333333333,1.956521739,3,0.515277778,0.528394444
440,105217,"Thiemo De Bakker",155,4.333333333,4.333333333,4,5.666666667,0,0,1.8,4.6,0.466666667,0.7619
349,105274,"Patricio Heras",154,5.333333333,5.5,3.833333333,4.666666667,5,7,3.923076923,1.538461538,0.646483333,0.401383333
106,106220,"Dimitar Kuzmanov",154,5.333333333,5,5,5,0,0,3,2.333333333,0.5,0.422233333
24,105528,"Alexander Ward",153,4.666666667,5.666666667,3,6.333333333,4,6,5.666666667,4.333333333,0.496666667,0.333333333
285,104947,"Marsel Ilhan",153,6,1,6,2,0,0,2.75,3.5,0,0.6667
213,111512,"Johan Sebastien Tatlot",152,5.5,5.5,3,6.5,6,3,4,4.5,0.33335,0.25
184,105438,"Inigo Cervantes Huegun",151,4.125,5.75,2.875,6,6,4.666666667,3.153846154,5.538461538,0.5525125,0.402075
12,105692,"Alessandro Bega",149,4,5.777777778,5.111111111,4.666666667,4,5.5,2.916666667,1.583333333,0.473311111,0.567455556
80,104978,"Daniel Brands",147,4.5,4.166666667,6.166666667,4.166666667,4,4,1.5,10.125,0.619683333,0.447733333
277,106218,"Marcos Giron",146,5.333333333,4,5.333333333,4.916666667,4.166666667,5.666666667,2.214285714,4,0.649191667,0.575558333
476,104852,"Yannick Jankovits",143,5,5.4,4.2,6.6,4,4.5,5,4.285714286,0.52992,0.6689
222,106167,"Joris De Loore",141,4.769230769,5.307692308,5.230769231,5.153846154,4.875,4.75,2.095238095,7.476190476,0.574361538,0.612607692
178,105787,"Hiroyasu Ehara",141,6,5.2,4,5.4,6,4,3.333333333,1.666666667,0.66392,0.64098
302,105974,"Maverick Banes",141,4.909090909,4.636363636,3.909090909,5.272727273,5.5,6.5,2.52173913,2.565217391,0.483158333,0.506291667
280,104594,"Marinko Matosevic",139,5.090909091,5.181818182,5,4.272727273,6.333333333,5.666666667,3.214285714,3.071428571,0.663518182,0.448627273
86,105654,"Daniel Nguyen",139,3.5,6.5,1.5,6,0,0,3,1.4,0.41475,0.4375
225,104907,"Jose Rubin Statham",139,5.1,5.35,5.3,4.75,4.333333333,5.444444444,3.260869565,6.47826087,0.52795,0.54154
129,106348,"Evgeny Karlovskiy",138,6,4.3,5.1,4.4,4.666666667,6,2.588235294,6.941176471,0.54691,0.5965
114,105299,"Dzmitry Zhyrmont",135,4,6,1,6,0,0,3,7.5,0.2,0.5
477,104963,"Yannick Mertens",135,5,6,2.75,5.25,4.5,6.5,2.2,2.4,0.483325,0.497025
435,104559,"Teymuraz Gabashvili",134,5.555555556,4.888888889,4.125,5.5,2,5.5,2.538461538,2.923076923,0.50536,0.59381
490,111190,"Zhizhen Zhang",132,3.4,5.5,3.6,5,5.333333333,5.333333333,2.333333333,2.333333333,0.50562,0.44512
97,105595,"Dayne Kelly",131,5,5.857142857,4.857142857,5.428571429,4,5,2.818181818,4.272727273,0.568185714,0.723128571
236,105747,"Karim Mohamed Maamoun",131,3.5,6,4,6.5,0,0,3.666666667,3.333333333,0.60225,0.7
244,105906,"Kevin Krawietz",129,5.2,4.466666667,5.4,4.533333333,6.5,5.5,2.142857143,3.047619048,0.53128,0.45706
148,105015,"Franco Skugor",128,6,2.75,5.25,5.25,3.5,5,2.6,6.2,0.890875,0.244325
48,105572,"Austin Krajicek",127,5.5,5.4,3.8,3.9,5.75,5.75,2.75,9.333333333,0.47757,0.61423
172,105128,"Guillermo Olaso",126,5.210526316,4.473684211,4.789473684,4.631578947,6,4.571428571,1.96,3.64,0.489394737,0.464936842
163,105271,"Gonzalo Escobar",125,5,4.4,5.866666667,3.466666667,5.25,5.5,2.473684211,3.315789474,0.638586667,0.493486667
183,104997,"Igor Sijsling",125,4.6,4,5.8,3.8,4.666666667,6.666666667,1,4.142857143,0.60554,0.63074
195,105596,"Jan Satral",123,3.8,6.4,5,5,6,4,3,2.214285714,0.59036,0.72056
43,111459,"Arjun Kadhe",122,5.25,6,5.25,4.25,6.5,5,2.333333333,4,0.59375,0.44285
84,109054,"Daniel Masur",121,5.071428571,4.357142857,4.923076923,4.846153846,4.125,3.875,3.095238095,3.523809524,0.4961,0.527907143
36,106302,"Andrew Harris",120,4.857142857,4.428571429,6.428571429,4.714285714,6.666666667,6,2.909090909,2,0.690685714,0.607742857
245,106293,"Kimmer Coppejans",120,4.5,5.090909091,4.954545455,3.863636364,5.375,4.125,3.642857143,1.928571429,0.538886364,0.538531818
228,111508,"Juan Ignacio Galarza",120,4.222222222,5.333333333,4.888888889,4.555555556,6.333333333,3.666666667,2.846153846,3.076923077,0.526055556,0.628733333
69,105507,"Cheong Eui Kim",120,3.6,6,5.2,5.2,6.5,4.5,2.714285714,3.714285714,0.55482,0.58834
173,105349,"Harri Heliovaara",117,5.333333333,5.333333333,5,5.333333333,5.5,5.5,4,8.6,0.522233333,0.4127
334,105707,"Nicolaas Scholtz",116,5.6,5.8,4.4,4.8,3.5,6,4,9.285714286,0.78706,0.48572
246,104505,"Konstantin Kravchuk",114,3,5.5,4,6,0,0,2,4.5,0.525,0.78125
205,105514,"Jeremy Jahn",114,5.083333333,4.75,4.416666667,5.5,5.2,4.2,2.714285714,3.142857143,0.507591667,0.617283333
116,106354,"Eduard Esteve Lobato",113,5.333333333,3.666666667,3.666666667,5.666666667,3,6,3,1.333333333,0.5,0.6566
78,105578,"Cristian Rodriguez",111,4.5,4.916666667,4.916666667,4.333333333,5,3.666666667,2.769230769,2.923076923,0.50655,0.525966667
220,105515,"Jordi Samper Montana",110,4.5,4,4.5,5.5,6.333333333,3.666666667,1.166666667,1.333333333,0.45,0.41665
81,105180,"Daniel Dutra Da Silva",109,3.666666667,5.333333333,3.333333333,6,3,6,4.333333333,3.333333333,0.583333333,0.722233333
455,106137,"Tristan Lamasine",108,4.785714286,5.357142857,4.142857143,5.142857143,5.333333333,5.666666667,2.25,4.791666667,0.482885714,0.615264286
40,105938,"Antoine Escoffier",107,4.857142857,4.5,5,3.642857143,5.333333333,3.333333333,2.65,4.2,0.55115,0.533928571
385,106246,"Robin Kern",103,6,2.5,6,5,4,6,2.166666667,7.333333333,0.83335,0.3333
237,106264,"Karue Sell",102,6.333333333,5,4.333333333,3,0,0,2,4.111111111,0.233333333,0.515166667
365,106375,"Pol Toledo Bague",102,6.166666667,4.833333333,4.333333333,3.833333333,3,6,2.833333333,0.833333333,0.5016,0.488533333
193,104868,"James Ward",99,5.285714286,4.857142857,5.642857143,4.642857143,5.25,3.75,4.0625,10.4375,0.532164286,0.552042857
164,106174,"Gonzalo Lama",99,5.25,4.5,5.25,4.75,4.5,6,4.4,2,0.755575,0.54985
354,106203,"Pedro Sakamoto",99,4.230769231,5.153846154,5.076923077,4.769230769,5.8,5.4,2.714285714,3.071428571,0.556269231,0.594746154
16,105682,"Alessandro Petrone",99,3,6,4,6,0,0,5,3,0.5714,0
270,105109,"Marc Sieber",97,5,5,4,4,4,6.5,2.75,2,0.609433333,0.6381
32,104890,"Andreas Haider Maurer",96,4.5,6,4.5,5.75,6,4,3.142857143,6.428571429,0.34615,0.42235
185,104471,"Ivan Dodig",96,2,6,1,6,0,0,2,2,0.2857,0.8333
49,105678,"Axel Michon",96,3,6,0,6,0,0,1,0,0.4444,0.5
406,110751,"Sebastian Fanselow",96,4.181818182,5.545454545,5,4.636363636,6.25,5,4.909090909,2.272727273,0.5741,0.596209091
373,106031,"Raymond Sarmiento",95,5,7,1,6,0,0,2,3.5,0.5714,1
72,105872,"Christian Lindell",95,3,6,6,4,2,6,3,2,0.4444,0.7
127,111765,"Evan Song",90,5.076923077,5.230769231,4.769230769,4.692307692,6,3.5,1.764705882,4.647058824,0.6245,0.618146154
151,104523,"Frederico Gil",90,4,5.333333333,2.666666667,6.333333333,6,4,2.75,2.75,0.4633,0.5
401,106285,"Samuel Monette",89,5,5.333333333,3.666666667,5.333333333,0,0,2.333333333,3.666666667,0.680566667,0.569433333
197,111582,"Jared Hiltzik",89,4.764705882,4.882352941,4.176470588,5.058823529,5,5,2.9,6.5,0.513135294,0.552076471
155,105283,"Gerard Granollers",87,5.4375,5.25,4.25,5.3125,5,4.666666667,2.333333333,1.25,0.485441176,0.580017647
478,105593,"Yannick Vandenbulcke",87,4.5,6,4.5,5.5,0,0,4.5,1,0.18155,0.420825
407,105871,"Sekou Bangoura",87,5,5,4.75,5,3,6,2,3.4,0.655575,0.44375
397,105031,"Saketh Myneni",86,4.333333333,6,4.666666667,6,5,5,3,8,0.3889,0.869033333
448,105778,"Tobias Simon",86,5.428571429,5.142857143,4.428571429,4.857142857,6,3,5,15.58333333,0.371428571,0.428571429
2,105494,"Adelchi Virgili",85,3,6,2,6,0,0,7,2,0.6,0.8333
118,105100,"Edward Corrie",84,5.6,5.2,4.8,4.8,0.666666667,6,1.363636364,5.909090909,0.6762,0.6603
480,106138,"Yaraslau Shyla",83,5.333333333,3.666666667,3,5.333333333,2,6,2.333333333,6.333333333,0.6889,0.555566667
253,106266,"Lloyd Glasspool",82,5,5.5,3.666666667,6,6,7,2.142857143,8.142857143,0.487616667,0.6455
337,104944,"Niels Desein",82,5.166666667,4.5,3.666666667,5.666666667,4.6,4,2.833333333,4.166666667,0.413366667,0.6056
269,105789,"Marc Giner",82,4.833333333,4.833333333,4.333333333,4.833333333,6,3,3.625,1.875,0.4894,0.20555
110,106021,"Dragos Dima",81,1,6,5,7,0,0,1,2,0.5556,0.8333
472,106397,"Wishaya Trongcharoenchaikul",80,5.090909091,5.454545455,5.363636364,5.363636364,4.4,4.6,3.277777778,6.666666667,0.572516667,0.520308333
265,106291,"Luke Saville",79,5.4,3.866666667,4.8,4.866666667,4.75,3.25,4.666666667,4.111111111,0.63374,0.576773333
60,105454,"Brydan Klein",79,5.5,5.4,4.8,5.5,4,6.142857143,4.583333333,7.583333333,0.50811,0.47947
101,105447,"Dennis Nevolo",77,3,6,1,6,0,0,6,1,0.625,0.7778
330,104822,"N Vijay Sundar Prashanth",77,3.875,5.5,4.125,3.5,6,4.333333333,3,3.076923077,0.6164875,0.5687125
242,105059,"Kento Takeuchi",77,3,4,3.666666667,6.333333333,4,6,1,2,0.675933333,0.452366667
410,105029,"Sergey Betov",76,6.285714286,4.428571429,4.571428571,4,6.5,4.5,2.222222222,6.888888889,0.702385714,0.557785714
115,106248,"Edoardo Eremin",76,5.4,5.8,6,2.8,5.5,6,4,5.375,0.71846,0.59364
381,105406,"Roberto Marcora",76,5.4,5.1,5.6,4.9,5.333333333,4.666666667,2.785714286,2.357142857,0.59971,0.45825
443,104251,"Ti Chen",76,3.5,6,3.5,5.25,0,0,3.8,2.2,0.34585,0.616675
284,106311,"Marko Tepavac",75,4.666666667,4.333333333,5,6,0,6,5.833333333,4.833333333,0.5389,0.559533333
449,105926,"Tom Farquharson",75,6,6,4.2,6.4,6,3,1.833333333,6.666666667,0.595,0.75334
359,105091,"Peter Torebko",75,4.5,4.75,3.75,2.875,6,3.666666667,7.538461538,4.692307692,0.5361375,0.4678625
378,109686,"Riccardo Bonadio",74,6,4,3.5,4,0,0,2.5,2.5,0.7778,0.5
210,106252,"Joao Pedro Sorgi",74,5.2,5.6,6.2,5,2,6,3.4,3.4,0.38334,0.46232
470,106169,"Vladyslav Manafov",71,5,6.5,6,4.5,3,6,5.666666667,7.333333333,0.25,0.3
450,105716,"Tom Jomby",70,6.333333333,4.333333333,4.333333333,3.333333333,2,6,3,9.666666667,0.333333333,0.5177
292,106352,"Matias Franco Descotte",70,1,6,4,6,0,0,2,2.333333333,0.5714,1
50,111761,"Benjamin Lock",70,5,5.75,4,6.25,6,7,3.5,9.25,0.65065,0.514875
391,111570,"Ronnie Schneider",70,2,6,7,6,6,7,2,5,0.25,0.75
436,111515,"Thai Son Kwiatkowski",69,6.5,5,5.5,5.5,1,6,3,5.333333333,0.60415,0.64585
390,106273,"Ronald Slobodchikov",69,4,4.6,4.6,6.4,4,6,6.166666667,1.666666667,0.60506,0.52
364,106260,"Pietro Rondoni",69,4,6,1,6,0,0,3,2,0,0.7143
303,106172,"Maxime Chazal",69,4,4.2,4.4,5.4,7,5,2.5,1.666666667,0.50428,0.34444
451,106164,"Tomas Lipovsek Puches",68,2,6,2,6,0,0,2,1.5,0.4,0
218,106355,"Jonathan Kanar",68,2,6,5,5.5,6,7,3.166666667,2.5,0.375,0.59615
348,105353,"Pascal Brunner",67,4,6,5,7,0,0,5,4,0.4286,0.6667
20,105586,"Alexander Lazov",66,7,6,6,7,4,6,3,9,0.5455,0.6
418,106168,"Sidharth Rawat",66,4.6,5.4,4.8,4.8,4,1,1.416666667,3.833333333,0.70238,0.59522
249,106362,"Laurent Lokoli",65,6,7,7,6,3,6,3.75,6.25,0.8,1
3,106391,"Adrian Bodmer",65,5.75,5.5,4.75,4.25,2,6,2.4,4.4,0.589275,0.49055
417,105810,"Shuichi Sekiguchi",64,4,5.818181818,4.454545455,4.636363636,6.333333333,3,2.285714286,3.785714286,0.400009091,0.695081818
121,105877,"Emilio Gomez",64,5.727272727,4.454545455,3.363636364,4.636363636,5,5.166666667,4.6,2,0.431041667,0.492733333
137,105156,"Federico Zeballos",64,4.5,4.666666667,4.666666667,4.666666667,2.5,6,6,5.833333333,0.43055,0.541333333
158,105917,"Gianni Mina",63,5.2,4.8,2.6,5,6,1,1.125,7.25,0.53334,0.48572
224,105700,"Jose Pereira",63,4,6,2,6,0,0,3,0,0.4,1
339,105677,"Nikola Cacic",63,4.857142857,5.571428571,5.428571429,4.714285714,4.333333333,6.333333333,1.461538462,4.615384615,0.516185714,0.512371429
46,106234,"Aslan Karatsev",61,5.2,4,5.25,3.5,4,6,3.125,2.125,0.71048,0.56464
399,105909,"Sam Barry",61,4,5,4.6,4,5.5,4.5,2.3,4.9,0.213666667,0.640566667
152,104233,"Frederik Nielsen",61,4.875,5,4.25,5.25,5.5,3.25,2.777777778,4.111111111,0.426022222,0.466933333
329,105502,"N Sriram Balaji",60,5.555555556,4.388888889,5.666666667,5.222222222,4.777777778,5.111111111,3.291666667,6.958333333,0.598289474,0.503636842
474,105339,"Yan Bai",60,3,6.25,3.75,5.75,2,6,2.875,1.875,0.41965,0.375
227,105820,"Juan Carlos Saez",60,1,6,3,6,0,0,2.333333333,3,0.5455,0.75
156,105325,"Germain Gigounon",59,5,5,5,5,0,0,3,1,0.35415,0.38395
91,106182,"Dante Gennaro",59,4,6,3,6,0,0,6,3,0.6923,0.5
190,110757,"Jacob Grills",58,3.444444444,6.333333333,5.555555556,3.888888889,4.714285714,5.142857143,3.0625,3,0.576455556,0.481477778
377,105821,"Riccardo Bellotti",58,1,6,2,6,0,0,1,0,0.2857,0
288,106342,"Martins Podzus",58,5,5.666666667,4.333333333,5.333333333,0,0,3.714285714,3,0.455566667,0.7
309,104216,"Maximo Gonzalez",56,3.625,5.125,4.875,4.75,5.5,5.5,2.4,1.933333333,0.388475,0.532975
304,105415,"Maxime Tabatruong",55,5.333333333,6.333333333,4.666666667,4.666666667,0,0,1.428571429,4,0.65,0.2
51,106093,"Benjamin Mitchell",54,5.333333333,4.666666667,5,4.5,5.666666667,4,3.625,4.875,0.678616667,0.477366667
430,105626,"Takanyi Garanganga",54,5,4.5,3.5,3.5,0,0,3.166666667,6.333333333,0.75,0.5
389,110468,"Romain Barbosa",54,1,6,4,6,0,0,4,2,0.2857,0.5
473,106321,"Xin Gao",54,5,4.8,3,4.4,2,6,1.333333333,3.333333333,0.44242,0.27
5,104847,"Adrien Bossel",54,4.4,5.6,5.2,5.6,4,4.333333333,2.625,7,0.40666,0.58
230,109699,"Julian Lenz",53,5.428571429,4.142857143,4.285714286,4.285714286,2,6,4.25,5.375,0.384642857,0.449657143
273,105697,"Marco Bortolotti",53,4.333333333,5.166666667,4.666666667,4.833333333,3,6,3.714285714,2.571428571,0.56845,0.329366667
74,106331,"Christopher Oconnell",52,4.333333333,4.666666667,3.666666667,6,5,4,2.25,7.75,0.514833333,0.601866667
357,105954,"Peter Nagy",52,3,6,2,6,0,0,2.5,2,0.4286,0
479,105726,"Yannik Reuter",50,6,2,4,6,1,6,1.5,1.5,0.5,0.7857
320,105545,"Mikhail Fufygin",50,6,3.5,5.5,6,1,6,4.666666667,6,0.6597,0.6905
96,110754,"David Vega Hernandez",50,4.2,5.2,4.2,4.4,6,3.5,2.818181818,1.909090909,0.5971,0.53334
317,106191,"Mick Lescure",50,6.5,4,3,6,2,6,8,4.333333333,0.5222,0.4167
264,106382,"Luke Bambridge",49,3.2,6.4,5.6,5.6,5.5,5.5,4.75,6.125,0.58714,0.65
250,105088,"Laurent Rochette",49,0,6,5,7,0,0,2.25,3,0.4286,1
23,111193,"Alexander Vasilenko",49,1,6,5,6,6,4,4,2.2,0.1875,0.3182
6,106006,"Agustin Velotti",47,5.5,6,3,6,7,6,2.333333333,8.666666667,0.6346,0.75
429,105860,"Tak Khunn Wang",47,6,3,3,6,6,7,1.333333333,3.666666667,0.8333,0.5
386,106377,"Robin Stanek",46,1.5,6,4,6,0,0,1.5,1.25,0.2,0.45835
344,105895,"Omar Giacalone",45,5.5,5,5,6.5,4,6,4.666666667,1,0.53175,0.60785
138,106181,"Felipe Mantilla",45,6,4.866666667,4.666666667,5,5.2,4.8,2.578947368,4.263157895,0.605693333,0.522513333
76,105934,"Chuhan Wang",44,7,6,5,7,4,6,6,3,0.5833,0.8333
414,106051,"Shalva Dzhanashia",44,3.666666667,6.333333333,3.666666667,6.333333333,0,0,5.75,1,0.295233333,0.4889
408,111805,"Seong Chan Hong",43,3,6.333333333,3.666666667,5.333333333,7,5,2.8,2.2,0.416666667,0.607133333
247,104467,"Lamine Ouahab",43,0,3,0,0,0,0,0,0,0,0
332,111156,"Nathan Pasha",42,2.6,6,4.8,4.8,3.5,6.5,2.545454545,2.545454545,0.56684,0.35
147,106162,"Franco Agamenone",42,3.923076923,5.153846154,4.153846154,4.230769231,4.333333333,4.666666667,5.058823529,2.058823529,0.564623077,0.468623077
175,111809,"Henry Craig",42,2,6,4,6,0,0,2,0,0.5714,1
25,105897,"Alexander Zhurbin",42,2.666666667,4.666666667,3.666666667,5.333333333,0,0,2.25,2,0.285733333,0.4762
305,106280,"Maxime Tchoutakian",41,5,7,3,6,0,0,3,2,0.375,0.75
26,105892,"Alexandr Igoshin",41,3.5,6.25,2.5,5.5,6,2,7.75,5.75,0.473925,0.62915
363,111450,"Pietro Licciardi",40,5.5,7,2,6,0,0,1,1.5,0.3,0.33335
461,105508,"Vasile Antonescu",40,3,6,2,6,0,0,3,2,0.4,0
331,111788,"Naoki Nakagawa",39,4,6,5.5,6,6,2,0.25,4.25,0.4,0.65
238,105670,"Karunuday Singh",39,6,2,0,6,1,6,4,1,0.25,0.5
216,105559,"Jonathan Eysseric",38,2.666666667,6,4,5.333333333,3,6,3.75,3,0.518533333,0.222233333
28,106335,"Alexios Halebian",38,3.333333333,6,4,5.333333333,3,6,4,5.333333333,0.3889,0.377766667
104,104920,"Denys Molchanov",37,3,6,3,6,0,0,1.25,1,0.625,1
143,104262,"Flavio Cipolla",37,3.833333333,5,3.5,4.666666667,6,3.333333333,4.125,1.875,0.352633333,0.64665
323,105172,"Miliaan Niesten",36,4.5,3.5,4.5,5.5,0,0,2,0.666666667,0.65715,0.5568
88,106073,"Daniiar Duldaev",34,2,6,4,5,3,6,2.666666667,3.333333333,0.5942,0.5
416,105335,"Sho Katayama",33,4,5.333333333,1.666666667,6,6,2,1,0,0.3704,0.75
68,106396,"Cheng Yu Yu",33,6,4,5,7,3,6,2,12,0.4,0.4286
268,105688,"Manuel Sanchez",33,4,4.857142857,4.142857143,5.714285714,6,3,7.5,7,0.533285714,0.2789
165,106380,"Gonzalo Villanueva",33,5.5,4.75,4.25,5.5,6,2,2.25,1.25,0.577825,0.624475
73,105499,"Christopher Diaz Figueroa",33,5,3.333333333,6.666666667,4.333333333,4,6,7,5.4,0.5381,0.4596
206,106227,"Ji Sung Nam",32,6,2,6,2,0,0,1.333333333,0.333333333,0,0.7059
123,111505,"Enzo Couacaud",32,3,6,2,6,0,0,1.5,3,0.2,0.6667
392,105434,"Ruan Roelofse",32,5.666666667,4.777777778,4,4.888888889,6.333333333,6.333333333,1.818181818,10.45454545,0.458988889,0.616666667
466,104986,"Vishnu Vardhan",32,5.833333333,5.166666667,4.666666667,6,3.333333333,5,5.166666667,7.916666667,0.729016667,0.446433333
487,104771,"Yuuya Kibi",32,4.666666667,3.666666667,5.833333333,4.166666667,2,0,3.777777778,3.444444444,0.5754,0.415516667
350,106061,"Pavel Krainik",31,4.6,4.6,3.2,6.2,3,6,3.25,4.375,0.34475,0.648216667
278,105650,"Marcus Willis",30,4,6,3,6,0,0,6,9,0.25,0.75
179,106184,"Hong Chung",29,3,6,4,6,0,0,1,1,0.7143,1
8,105826,"Alejandro Gomez Gb42",29,5.307692308,5.153846154,5.692307692,4.538461538,5,5.857142857,5.625,9.375,0.597792308,0.425369231
301,105273,"Mauricio Echazu",29,4.111111111,5.555555556,3.111111111,5.555555556,5,4,2.5,1.5,0.446433333,0.635155556
159,105557,"Gibril Diarra",29,6,3,4,6,2,6,5,12,0.75,0.6667
154,105965,"Gavin Van Peperzeel",28,3,5.666666667,3.333333333,6.333333333,6,4,5.2,6.2,0.5628,0.929833333
469,105130,"Vladimir Uzhylovsky",28,4,6,4,4,2,6,1,2.5,0.68335,0.55
423,105199,"Stephan Fransen",25,0,6,0,6,0,0,6,0,0.3333,0
485,111792,"Young Seok Kim",25,2,6,2.5,6,0,0,3.25,2.75,0.4365,0.67855
100,104707,"Denis Matsukevitch",25,5,7,6,7,0,0,2,2,0.25,0.3333
431,105026,"Takuto Niki",25,3.5,6,5,6,7,5,2.777777778,4.666666667,0.233333333,0.333333333
467,104901,"Vladimir Ivanov",25,4,5,5,6.5,6,7,3,6,0.35,0.5
471,108739,"Wilfredo Gonzalez",21,3,6,2,6,0,0,4.5,6,0.5,0.3333
290,106022,"Matej Sabanov",21,5,3.666666667,5.333333333,5.333333333,4,6,2.666666667,1.666666667,0.3611,0.3102
124,105534,"Erik Crepaldi",21,5,5.333333333,4,4.333333333,0,0,2.666666667,2.333333333,0.418533333,0.566666667
313,106265,"Michael Redlicki",19,2,6,3,6,0,0,2,1.333333333,0.1667,0.6667
256,105928,"Luca Margaroli",19,3,5.833333333,3.166666667,5.333333333,0,0,2.076923077,3.769230769,0.46295,0.84445
261,106250,"Luis Patino",19,2.6,6,3.4,6.2,0,0,3.4,3,0.49416,0.71714
240,111462,"Ken Onishi",19,5.25,3.25,4.25,4.75,5,4.5,2.75,3,0.766825,0.52975
258,106412,"Lucas Gomez",19,3.857142857,5.571428571,4.714285714,6,3,6,4.4,1.6,0.491485714,0.576185714
319,103863,"Mikhail Elgin",18,4.8,3.4,5.4,5.8,6,2,2.076923077,4.846153846,0.70002,0.54394
82,105554,"Daniel Evans",18,6,3.4,5.6,4.6,4,6,2,4,0.66428,0.56594
296,105881,"Matthew Barton",17,5,7,3,6,0,0,3.8,11.6,0.5714,0
444,105853,"Tigre Hank",16,4,6,2.571428571,6.142857143,7,6,2.333333333,3.555555556,0.391157143,0.524485714
316,106059,"Michel Vernier",16,6,3,4,6,6,7,3,4,0.2,0.7143
